23:27:18 sim1 id=1 sync_skew=39644336ns
23:27:18 sim2 id=2 sync_skew=-15731888ns
23:27:18 sim3 id=3 sync_skew=26672400ns
23:27:18 sim4 id=4 sync_skew=34357322ns
23:27:18 sim5 id=5 sync_skew=7691698ns
23:27:18 sim6 id=6 sync_skew=-19186865ns
23:27:18 sim7 id=7 sync_skew=-32507310ns
23:27:18 sim8 id=8 sync_skew=275933ns
23:27:18 sim9 id=9 sync_skew=15140763ns
23:27:18 sim10 id=10 sync_skew=-31959474ns
23:27:18 sim11 id=11 sync_skew=-11096129ns
23:27:18 sim12 id=12 sync_skew=-29849571ns
23:27:18 sim13 id=13 sync_skew=20998620ns
23:27:18 sim14 id=14 sync_skew=-31831615ns
23:27:18 sim15 id=15 sync_skew=33332957ns
23:27:18 sim16 id=16 sync_skew=-25598545ns
23:27:18 sim17 id=17 sync_skew=-12095667ns
23:27:18 sim18 id=18 sync_skew=-27983646ns
23:27:18 sim19 id=19 sync_skew=-3848177ns
23:27:18 sim20 id=20 sync_skew=16194105ns
23:27:18 sim21 id=21 sync_skew=38843816ns
23:27:18 sim22 id=22 sync_skew=-2370140ns
23:27:18 sim23 id=23 sync_skew=-5689188ns
23:27:18 sim24 id=24 sync_skew=7150185ns
23:27:18 sim25 id=25 sync_skew=36025319ns
23:27:18 sim26 id=26 sync_skew=-17811795ns
23:27:18 sim27 id=27 sync_skew=27563819ns
23:27:18 sim28 id=28 sync_skew=-38791256ns
23:27:18 sim29 id=29 sync_skew=19844396ns
23:27:18 sim30 id=30 sync_skew=-27778843ns
23:27:18 sim31 id=31 sync_skew=-1939538ns
23:27:18 sim32 id=32 sync_skew=28415593ns
23:27:18 sim33 id=33 sync_skew=-16571381ns
23:27:18 sim34 id=34 sync_skew=24708936ns
23:27:18 sim35 id=35 sync_skew=21100526ns
23:27:18 sim36 id=36 sync_skew=-1794491ns
23:27:18 sim37 id=37 sync_skew=-12240505ns
23:27:18 sim38 id=38 sync_skew=13247820ns
23:27:18 sim39 id=39 sync_skew=-5326133ns
23:27:18 sim40 id=40 sync_skew=-18282077ns
23:27:18 sim41 id=41 sync_skew=-27235393ns
23:27:18 sim42 id=42 sync_skew=37057337ns
23:27:18 sim43 id=43 sync_skew=8796601ns
23:27:18 sim44 id=44 sync_skew=-36366890ns
23:27:18 sim45 id=45 sync_skew=-34178746ns
23:27:18 sim46 id=46 sync_skew=-21715047ns
23:27:18 sim47 id=47 sync_skew=-10776562ns
23:27:18 sim48 id=48 sync_skew=-607099ns
23:27:18 sim49 id=49 sync_skew=-11458865ns
23:27:18 sim50 id=50 sync_skew=-34824236ns
23:27:18 sim1 id=1 state=booting
23:27:18 sim2 id=2 state=booting
23:27:18 sim3 id=3 state=booting
23:27:18 sim4 id=4 state=booting
23:27:18 sim5 id=5 state=booting
23:27:18 sim6 id=6 state=booting
23:27:18 sim7 id=7 state=booting
23:27:18 sim8 id=8 state=booting
23:27:18 sim9 id=9 state=booting
23:27:18 sim10 id=10 state=booting
23:27:18 sim11 id=11 state=booting
23:27:18 sim12 id=12 state=booting
23:27:18 sim13 id=13 state=booting
23:27:18 sim14 id=14 state=booting
23:27:18 sim15 id=15 state=booting
23:27:18 sim16 id=16 state=booting
23:27:18 sim17 id=17 state=booting
23:27:18 sim18 id=18 state=booting
23:27:18 sim19 id=19 state=booting
23:27:18 sim20 id=20 state=booting
23:27:18 sim21 id=21 state=booting
23:27:18 sim22 id=22 state=booting
23:27:18 sim23 id=23 state=booting
23:27:18 sim24 id=24 state=booting
23:27:18 sim25 id=25 state=booting
23:27:18 sim26 id=26 state=booting
23:27:18 sim27 id=27 state=booting
23:27:18 sim28 id=28 state=booting
23:27:18 sim29 id=29 state=booting
23:27:18 sim30 id=30 state=booting
23:27:18 sim31 id=31 state=booting
23:27:18 sim32 id=32 state=booting
23:27:18 sim33 id=33 state=booting
23:27:18 sim34 id=34 state=booting
23:27:18 sim35 id=35 state=booting
23:27:18 sim36 id=36 state=booting
23:27:18 sim37 id=37 state=booting
23:27:18 sim38 id=38 state=booting
23:27:18 sim39 id=39 state=booting
23:27:18 sim40 id=40 state=booting
23:27:18 sim41 id=41 state=booting
23:27:18 sim42 id=42 state=booting
23:27:18 sim43 id=43 state=booting
23:27:18 sim44 id=44 state=booting
23:27:18 sim45 id=45 state=booting
23:27:18 sim46 id=46 state=booting
23:27:18 sim47 id=47 state=booting
23:27:18 sim48 id=48 state=booting
23:27:18 sim49 id=49 state=booting
23:27:18 sim50 id=50 state=booting
23:27:19 sim1 id=1 state=running
23:27:19 sim2 id=2 state=running
23:27:19 sim3 id=3 state=running
23:27:19 sim4 id=4 state=running
23:27:19 sim5 id=5 state=running
23:27:19 sim6 id=6 state=running
23:27:19 sim7 id=7 state=running
23:27:19 sim8 id=8 state=running
23:27:19 sim9 id=9 state=running
23:27:19 sim10 id=10 state=running
23:27:19 sim11 id=11 state=running
23:27:19 sim12 id=12 state=running
23:27:19 sim13 id=13 state=running
23:27:19 sim14 id=14 state=running
23:27:19 sim15 id=15 state=running
23:27:19 sim16 id=16 state=running
23:27:19 sim17 id=17 state=running
23:27:19 sim18 id=18 state=running
23:27:19 sim19 id=19 state=running
23:27:19 sim20 id=20 state=running
23:27:19 sim21 id=21 state=running
23:27:19 sim22 id=22 state=running
23:27:19 sim23 id=23 state=running
23:27:19 sim24 id=24 state=running
23:27:19 sim25 id=25 state=running
23:27:19 sim26 id=26 state=running
23:27:19 sim27 id=27 state=running
23:27:19 sim28 id=28 state=running
23:27:19 sim29 id=29 state=running
23:27:19 sim30 id=30 state=running
23:27:19 sim31 id=31 state=running
23:27:19 sim32 id=32 state=running
23:27:19 sim33 id=33 state=running
23:27:19 sim34 id=34 state=running
23:27:19 sim35 id=35 state=running
23:27:19 sim36 id=36 state=running
23:27:19 sim37 id=37 state=running
23:27:19 sim38 id=38 state=running
23:27:19 sim39 id=39 state=running
23:27:19 sim40 id=40 state=running
23:27:19 sim41 id=41 state=running
23:27:19 sim42 id=42 state=running
23:27:19 sim43 id=43 state=running
23:27:19 sim44 id=44 state=running
23:27:19 sim45 id=45 state=running
23:27:19 sim46 id=46 state=running
23:27:19 sim47 id=47 state=running
23:27:19 sim48 id=48 state=running
23:27:19 sim49 id=49 state=running
23:27:19 sim50 id=50 state=running
23:27:20 sim1 id=1 sync offset=39666314ns
23:27:20 sim2 id=2 sync offset=-15695013ns
23:27:20 sim3 id=3 sync offset=26709993ns
23:27:20 sim4 id=4 sync offset=34392707ns
23:27:20 sim5 id=5 sync offset=7728822ns
23:27:20 sim6 id=6 sync offset=-19180699ns
23:27:20 sim7 id=7 sync offset=-32490102ns
23:27:20 sim8 id=8 sync offset=294412ns
23:27:20 sim9 id=9 sync offset=15161408ns
23:27:20 sim10 id=10 sync offset=-31937912ns
23:27:20 sim11 id=11 sync offset=-11065671ns
23:27:20 sim12 id=12 sync offset=-29816572ns
23:27:20 sim13 id=13 sync offset=21031973ns
23:27:20 sim14 id=14 sync offset=-31791678ns
23:27:20 sim15 id=15 sync offset=33378686ns
23:27:20 sim16 id=16 sync offset=-25537858ns
23:27:20 sim17 id=17 sync offset=-12020105ns
23:27:20 sim18 id=18 sync offset=-27913875ns
23:27:20 sim19 id=19 sync offset=-3771969ns
23:27:20 sim20 id=20 sync offset=16277480ns
23:27:20 sim21 id=21 sync offset=38960025ns
23:27:20 sim22 id=22 sync offset=-2222578ns
23:27:20 sim23 id=23 sync offset=-5549543ns
23:27:20 sim24 id=24 sync offset=7285288ns
23:27:20 sim25 id=25 sync offset=36166839ns
23:27:20 sim26 id=26 sync offset=-17659504ns
23:27:20 sim27 id=27 sync offset=27715527ns
23:27:20 sim28 id=28 sync offset=-38649965ns
23:27:20 sim29 id=29 sync offset=19989375ns
23:27:20 sim30 id=30 sync offset=-27630489ns
23:27:20 sim31 id=31 sync offset=-1784663ns
23:27:20 sim32 id=32 sync offset=28575864ns
23:27:20 sim33 id=33 sync offset=-16395777ns
23:27:20 sim34 id=34 sync offset=24890645ns
23:27:20 sim35 id=35 sync offset=21277339ns
23:27:20 sim36 id=36 sync offset=-1622658ns
23:27:20 sim37 id=37 sync offset=-12063235ns
23:27:20 sim38 id=38 sync offset=13430757ns
23:27:20 sim39 id=39 sync offset=-5132216ns
23:27:20 sim40 id=40 sync offset=-18082327ns
23:27:20 sim41 id=41 sync offset=-27030248ns
23:27:20 sim42 id=42 sync offset=37269504ns
23:27:20 sim43 id=43 sync offset=9016413ns
23:27:20 sim44 id=44 sync offset=-36141224ns
23:27:20 sim45 id=45 sync offset=-33850038ns
23:27:20 sim46 id=46 sync offset=-21368360ns
23:27:20 sim47 id=47 sync offset=-10423228ns
23:27:20 sim48 id=48 sync offset=-247391ns
23:27:20 sim49 id=49 sync offset=-11092345ns
23:27:20 sim50 id=50 sync offset=-34451715ns
23:27:20 sim1 id=1 sync offset=39657346ns
23:27:20 sim2 id=2 sync offset=-15721930ns
23:27:20 sim3 id=3 sync offset=26685441ns
23:27:20 sim4 id=4 sync offset=34370967ns
23:27:20 sim5 id=5 sync offset=7751281ns
23:27:20 sim6 id=6 sync offset=-19144501ns
23:27:20 sim7 id=7 sync offset=-32462268ns
23:27:20 sim8 id=8 sync offset=320328ns
23:27:20 sim9 id=9 sync offset=15188377ns
23:27:20 sim10 id=10 sync offset=-31911068ns
23:27:20 sim11 id=11 sync offset=-11050806ns
23:27:20 sim12 id=12 sync offset=-29805863ns
23:27:20 sim13 id=13 sync offset=21040733ns
23:27:20 sim14 id=14 sync offset=-31788459ns
23:27:20 sim15 id=15 sync offset=33378425ns
23:27:20 sim16 id=16 sync offset=-25542587ns
23:27:20 sim17 id=17 sync offset=-12028594ns
23:27:20 sim18 id=18 sync offset=-27918031ns
23:27:20 sim19 id=19 sync offset=-3781979ns
23:27:20 sim20 id=20 sync offset=16263303ns
23:27:20 sim21 id=21 sync offset=38960025ns
23:27:20 sim22 id=22 sync offset=-2222578ns
23:27:20 sim23 id=23 sync offset=-5549543ns
23:27:20 sim24 id=24 sync offset=7285288ns
23:27:20 sim25 id=25 sync offset=36166839ns
23:27:20 sim26 id=26 sync offset=-17659504ns
23:27:20 sim27 id=27 sync offset=27715527ns
23:27:20 sim28 id=28 sync offset=-38649965ns
23:27:20 sim29 id=29 sync offset=19989375ns
23:27:20 sim30 id=30 sync offset=-27630489ns
23:27:20 sim31 id=31 sync offset=-1784663ns
23:27:20 sim32 id=32 sync offset=28575864ns
23:27:20 sim33 id=33 sync offset=-16395777ns
23:27:20 sim34 id=34 sync offset=24890645ns
23:27:20 sim35 id=35 sync offset=21277339ns
23:27:20 sim36 id=36 sync offset=-1651273ns
23:27:20 sim37 id=37 sync offset=-12107745ns
23:27:20 sim38 id=38 sync offset=13430757ns
23:27:20 sim39 id=39 sync offset=-5132216ns
23:27:20 sim40 id=40 sync offset=-18082327ns
23:27:20 sim41 id=41 sync offset=-27030248ns
23:27:20 sim42 id=42 sync offset=37269504ns
23:27:20 sim43 id=43 sync offset=9016413ns
23:27:20 sim44 id=44 sync offset=-36141224ns
23:27:20 sim45 id=45 sync offset=-33850038ns
23:27:20 sim46 id=46 sync offset=-21368360ns
23:27:20 sim47 id=47 sync offset=-10423228ns
23:27:20 sim48 id=48 sync offset=-247391ns
23:27:20 sim49 id=49 sync offset=-11092345ns
23:27:20 sim50 id=50 sync offset=-34451715ns
23:27:21 sim1 id=1 sync offset=39666314ns
23:27:21 sim2 id=2 sync offset=-15704138ns
23:27:21 sim3 id=3 sync offset=26699076ns
23:27:21 sim4 id=4 sync offset=34383394ns
23:27:21 sim5 id=5 sync offset=7739395ns
23:27:21 sim6 id=6 sync offset=-19152198ns
23:27:21 sim7 id=7 sync offset=-32465914ns
23:27:21 sim8 id=8 sync offset=316808ns
23:27:21 sim9 id=9 sync offset=15180033ns
23:27:21 sim10 id=10 sync offset=-31915308ns
23:27:21 sim11 id=11 sync offset=-11065671ns
23:27:21 sim12 id=12 sync offset=-29816572ns
23:27:21 sim13 id=13 sync offset=21031973ns
23:27:21 sim14 id=14 sync offset=-31791678ns
23:27:21 sim15 id=15 sync offset=33378165ns
23:27:21 sim16 id=16 sync offset=-25547316ns
23:27:21 sim17 id=17 sync offset=-12037084ns
23:27:21 sim18 id=18 sync offset=-27922188ns
23:27:21 sim19 id=19 sync offset=-3791990ns
23:27:21 sim20 id=20 sync offset=16249126ns
23:27:21 sim21 id=21 sync offset=38929534ns
23:27:21 sim22 id=22 sync offset=-2268223ns
23:27:21 sim23 id=23 sync offset=-5566699ns
23:27:21 sim24 id=24 sync offset=7269903ns
23:27:21 sim25 id=25 sync offset=36151516ns
23:27:21 sim26 id=26 sync offset=-17681097ns
23:27:21 sim27 id=27 sync offset=27693412ns
23:27:21 sim28 id=28 sync offset=-38666027ns
23:27:21 sim29 id=29 sync offset=19972229ns
23:27:21 sim30 id=30 sync offset=-27649124ns
23:27:21 sim31 id=31 sync offset=-1801423ns
23:27:21 sim32 id=32 sync offset=28562353ns
23:27:21 sim33 id=33 sync offset=-16416131ns
23:27:21 sim34 id=34 sync offset=24870238ns
23:27:21 sim35 id=35 sync offset=21260516ns
23:27:21 sim36 id=36 sync offset=-1651273ns
23:27:21 sim37 id=37 sync offset=-12107745ns
23:27:21 sim38 id=38 sync offset=13430757ns
23:27:21 sim39 id=39 sync offset=-5132216ns
23:27:21 sim40 id=40 sync offset=-18082327ns
23:27:21 sim41 id=41 sync offset=-27030248ns
23:27:21 sim42 id=42 sync offset=37269504ns
23:27:21 sim43 id=43 sync offset=9016413ns
23:27:21 sim44 id=44 sync offset=-36141224ns
23:27:21 sim45 id=45 sync offset=-33850038ns
23:27:21 sim46 id=46 sync offset=-21368360ns
23:27:21 sim47 id=47 sync offset=-10423228ns
23:27:21 sim48 id=48 sync offset=-247391ns
23:27:21 sim49 id=49 sync offset=-11092345ns
23:27:21 sim50 id=50 sync offset=-34451715ns
23:27:21 sim1 id=1 sync offset=39666314ns
23:27:21 sim2 id=2 sync offset=-15704138ns
23:27:21 sim3 id=3 sync offset=26685441ns
23:27:21 sim4 id=4 sync offset=34395821ns
23:27:21 sim5 id=5 sync offset=7750781ns
23:27:21 sim6 id=6 sync offset=-19139292ns
23:27:21 sim7 id=7 sync offset=-32465914ns
23:27:21 sim8 id=8 sync offset=316808ns
23:27:21 sim9 id=9 sync offset=15180033ns
23:27:21 sim10 id=10 sync offset=-31915308ns
23:27:21 sim11 id=11 sync offset=-11065671ns
23:27:21 sim12 id=12 sync offset=-29816572ns
23:27:21 sim13 id=13 sync offset=21031973ns
23:27:21 sim14 id=14 sync offset=-31791678ns
23:27:21 sim15 id=15 sync offset=33378165ns
23:27:21 sim16 id=16 sync offset=-25547316ns
23:27:21 sim17 id=17 sync offset=-12037084ns
23:27:21 sim18 id=18 sync offset=-27922188ns
23:27:21 sim19 id=19 sync offset=-3791990ns
23:27:21 sim20 id=20 sync offset=16249126ns
23:27:21 sim21 id=21 sync offset=38929534ns
23:27:21 sim22 id=22 sync offset=-2268223ns
23:27:21 sim23 id=23 sync offset=-5566699ns
23:27:21 sim24 id=24 sync offset=7269903ns
23:27:21 sim25 id=25 sync offset=36151516ns
23:27:21 sim26 id=26 sync offset=-17681097ns
23:27:21 sim27 id=27 sync offset=27693412ns
23:27:21 sim28 id=28 sync offset=-38666027ns
23:27:21 sim29 id=29 sync offset=19972229ns
23:27:21 sim30 id=30 sync offset=-27649124ns
23:27:21 sim31 id=31 sync offset=-1801423ns
23:27:21 sim32 id=32 sync offset=28562353ns
23:27:21 sim33 id=33 sync offset=-16416131ns
23:27:21 sim34 id=34 sync offset=24870238ns
23:27:21 sim35 id=35 sync offset=21260516ns
23:27:21 sim36 id=36 sync offset=-1651273ns
23:27:21 sim37 id=37 sync offset=-12107745ns
23:27:21 sim38 id=38 sync offset=13430757ns
23:27:21 sim39 id=39 sync offset=-5132216ns
23:27:21 sim40 id=40 sync offset=-18082327ns
23:27:21 sim41 id=41 sync offset=-27030248ns
23:27:21 sim42 id=42 sync offset=37269504ns
23:27:21 sim43 id=43 sync offset=9016413ns
23:27:21 sim44 id=44 sync offset=-36141224ns
23:27:21 sim45 id=45 sync offset=-33850038ns
23:27:21 sim46 id=46 sync offset=-21368360ns
23:27:21 sim47 id=47 sync offset=-10423228ns
23:27:21 sim48 id=48 sync offset=-247391ns
23:27:21 sim49 id=49 sync offset=-11092345ns
23:27:21 sim50 id=50 sync offset=-34451715ns
23:27:22 sim1 id=1 sync offset=39672116ns
23:27:22 sim2 id=2 sync offset=-15696638ns
23:27:22 sim3 id=3 sync offset=26697524ns
23:27:22 sim4 id=4 sync offset=34399769ns
23:27:22 sim5 id=5 sync offset=7751031ns
23:27:22 sim6 id=6 sync offset=-19123146ns
23:27:22 sim7 id=7 sync offset=-32451518ns
23:27:22 sim8 id=8 sync offset=331526ns
23:27:22 sim9 id=9 sync offset=15188950ns
23:27:22 sim10 id=10 sync offset=-31911162ns
23:27:22 sim11 id=11 sync offset=-11055890ns
23:27:22 sim12 id=12 sync offset=-29805863ns
23:27:22 sim13 id=13 sync offset=21040733ns
23:27:22 sim14 id=14 sync offset=-31788459ns
23:27:22 sim15 id=15 sync offset=33378425ns
23:27:22 sim16 id=16 sync offset=-25542587ns
23:27:22 sim17 id=17 sync offset=-12028594ns
23:27:22 sim18 id=18 sync offset=-27918031ns
23:27:22 sim19 id=19 sync offset=-3781979ns
23:27:22 sim20 id=20 sync offset=16263303ns
23:27:22 sim21 id=21 sync offset=38937753ns
23:27:22 sim22 id=22 sync offset=-2275724ns
23:27:22 sim23 id=23 sync offset=-5583855ns
23:27:22 sim24 id=24 sync offset=7254518ns
23:27:22 sim25 id=25 sync offset=36136194ns
23:27:22 sim26 id=26 sync offset=-17702691ns
23:27:22 sim27 id=27 sync offset=27671298ns
23:27:22 sim28 id=28 sync offset=-38682089ns
23:27:22 sim29 id=29 sync offset=19955083ns
23:27:22 sim30 id=30 sync offset=-27667760ns
23:27:22 sim31 id=31 sync offset=-1818184ns
23:27:22 sim32 id=32 sync offset=28548842ns
23:27:22 sim33 id=33 sync offset=-16436486ns
23:27:22 sim34 id=34 sync offset=24849832ns
23:27:22 sim35 id=35 sync offset=21243693ns
23:27:22 sim36 id=36 sync offset=-1679888ns
23:27:22 sim37 id=37 sync offset=-12152255ns
23:27:22 sim38 id=38 sync offset=13384236ns
23:27:22 sim39 id=39 sync offset=-5184102ns
23:27:22 sim40 id=40 sync offset=-18137067ns
23:27:22 sim41 id=41 sync offset=-27088404ns
23:27:22 sim42 id=42 sync offset=37215920ns
23:27:22 sim43 id=43 sync offset=8961059ns
23:27:22 sim44 id=44 sync offset=-36197974ns
23:27:22 sim45 id=45 sync offset=-33955142ns
23:27:22 sim46 id=46 sync offset=-21481172ns
23:27:22 sim47 id=47 sync offset=-10538707ns
23:27:22 sim48 id=48 sync offset=-363651ns
23:27:22 sim49 id=49 sync offset=-11211001ns
23:27:22 sim50 id=50 sync offset=-34572705ns
23:27:22 sim1 id=1 sync offset=39672116ns
23:27:22 sim2 id=2 sync offset=-15694148ns
23:27:22 sim3 id=3 sync offset=26709608ns
23:27:22 sim4 id=4 sync offset=34403717ns
23:27:22 sim5 id=5 sync offset=7751281ns
23:27:22 sim6 id=6 sync offset=-19123146ns
23:27:22 sim7 id=7 sync offset=-32451518ns
23:27:22 sim8 id=8 sync offset=331526ns
23:27:22 sim9 id=9 sync offset=15188950ns
23:27:22 sim10 id=10 sync offset=-31911162ns
23:27:22 sim11 id=11 sync offset=-11055890ns
23:27:22 sim12 id=12 sync offset=-29805863ns
23:27:22 sim13 id=13 sync offset=21040733ns
23:27:22 sim14 id=14 sync offset=-31788459ns
23:27:22 sim15 id=15 sync offset=33378425ns
23:27:22 sim16 id=16 sync offset=-25542587ns
23:27:22 sim17 id=17 sync offset=-12028594ns
23:27:22 sim18 id=18 sync offset=-27918031ns
23:27:22 sim19 id=19 sync offset=-3781979ns
23:27:22 sim20 id=20 sync offset=16263303ns
23:27:22 sim21 id=21 sync offset=38937753ns
23:27:22 sim22 id=22 sync offset=-2275724ns
23:27:22 sim23 id=23 sync offset=-5583855ns
23:27:22 sim24 id=24 sync offset=7254518ns
23:27:22 sim25 id=25 sync offset=36136194ns
23:27:22 sim26 id=26 sync offset=-17702691ns
23:27:22 sim27 id=27 sync offset=27671298ns
23:27:22 sim28 id=28 sync offset=-38682089ns
23:27:22 sim29 id=29 sync offset=19955083ns
23:27:22 sim30 id=30 sync offset=-27667760ns
23:27:22 sim31 id=31 sync offset=-1818184ns
23:27:22 sim32 id=32 sync offset=28548842ns
23:27:22 sim33 id=33 sync offset=-16436486ns
23:27:22 sim34 id=34 sync offset=24849832ns
23:27:22 sim35 id=35 sync offset=21243693ns
23:27:22 sim36 id=36 sync offset=-1679888ns
23:27:22 sim37 id=37 sync offset=-12152255ns
23:27:22 sim38 id=38 sync offset=13384236ns
23:27:22 sim39 id=39 sync offset=-5184102ns
23:27:22 sim40 id=40 sync offset=-18137067ns
23:27:22 sim41 id=41 sync offset=-27088404ns
23:27:22 sim42 id=42 sync offset=37215920ns
23:27:22 sim43 id=43 sync offset=8961059ns
23:27:22 sim44 id=44 sync offset=-36197974ns
23:27:22 sim45 id=45 sync offset=-33955142ns
23:27:22 sim46 id=46 sync offset=-21481172ns
23:27:22 sim47 id=47 sync offset=-10538707ns
23:27:22 sim48 id=48 sync offset=-363651ns
23:27:22 sim49 id=49 sync offset=-11211001ns
23:27:22 sim50 id=50 sync offset=-34572705ns
23:27:23 sim1 id=1 sync offset=39668690ns
23:27:23 sim2 id=2 sync offset=-15696638ns
23:27:23 sim3 id=3 sync offset=26709608ns
23:27:23 sim4 id=4 sync offset=34399769ns
23:27:23 sim5 id=5 sync offset=7751031ns
23:27:23 sim6 id=6 sync offset=-19126386ns
23:27:23 sim7 id=7 sync offset=-32465914ns
23:27:23 sim8 id=8 sync offset=316808ns
23:27:23 sim9 id=9 sync offset=15180033ns
23:27:23 sim10 id=10 sync offset=-31915308ns
23:27:23 sim11 id=11 sync offset=-11065671ns
23:27:23 sim12 id=12 sync offset=-29816572ns
23:27:23 sim13 id=13 sync offset=21031973ns
23:27:23 sim14 id=14 sync offset=-31791678ns
23:27:23 sim15 id=15 sync offset=33378165ns
23:27:23 sim16 id=16 sync offset=-25547316ns
23:27:23 sim17 id=17 sync offset=-12037084ns
23:27:23 sim18 id=18 sync offset=-27922188ns
23:27:23 sim19 id=19 sync offset=-3791990ns
23:27:23 sim20 id=20 sync offset=16253584ns
23:27:23 sim21 id=21 sync offset=38921534ns
23:27:23 sim22 id=22 sync offset=-2287494ns
23:27:23 sim23 id=23 sync offset=-5588834ns
23:27:23 sim24 id=24 sync offset=7250403ns
23:27:23 sim25 id=25 sync offset=36124381ns
23:27:23 sim26 id=26 sync offset=-17713399ns
23:27:23 sim27 id=27 sync offset=27663797ns
23:27:23 sim28 id=28 sync offset=-38689620ns
23:27:23 sim29 id=29 sync offset=19947885ns
23:27:23 sim30 id=30 sync offset=-27674541ns
23:27:23 sim31 id=31 sync offset=-1830027ns
23:27:23 sim32 id=32 sync offset=28520623ns
23:27:23 sim33 id=33 sync offset=-16470256ns
23:27:23 sim34 id=34 sync offset=24824727ns
23:27:23 sim35 id=35 sync offset=21212286ns
23:27:23 sim36 id=36 sync offset=-1696960ns
23:27:23 sim37 id=37 sync offset=-12157224ns
23:27:23 sim38 id=38 sync offset=13337715ns
23:27:23 sim39 id=39 sync offset=-5235988ns
23:27:23 sim40 id=40 sync offset=-18191807ns
23:27:23 sim41 id=41 sync offset=-27146560ns
23:27:23 sim42 id=42 sync offset=37162337ns
23:27:23 sim43 id=43 sync offset=8905705ns
23:27:23 sim44 id=44 sync offset=-36254724ns
23:27:23 sim45 id=45 sync offset=-34060247ns
23:27:23 sim46 id=46 sync offset=-21593985ns
23:27:23 sim47 id=47 sync offset=-10654187ns
23:27:23 sim48 id=48 sync offset=-479912ns
23:27:23 sim49 id=49 sync offset=-11329657ns
23:27:23 sim50 id=50 sync offset=-34693695ns
23:27:23 sim1 id=1 sync offset=39668690ns
23:27:23 sim2 id=2 sync offset=-15696638ns
23:27:23 sim3 id=3 sync offset=26709608ns
23:27:23 sim4 id=4 sync offset=34399769ns
23:27:23 sim5 id=5 sync offset=7751031ns
23:27:23 sim6 id=6 sync offset=-19126386ns
23:27:23 sim7 id=7 sync offset=-32465914ns
23:27:23 sim8 id=8 sync offset=316808ns
23:27:23 sim9 id=9 sync offset=15171679ns
23:27:23 sim10 id=10 sync offset=-31925745ns
23:27:23 sim11 id=11 sync offset=-11068775ns
23:27:23 sim12 id=12 sync offset=-29816572ns
23:27:23 sim13 id=13 sync offset=21031973ns
23:27:23 sim14 id=14 sync offset=-31791678ns
23:27:23 sim15 id=15 sync offset=33378165ns
23:27:23 sim16 id=16 sync offset=-25547316ns
23:27:23 sim17 id=17 sync offset=-12037084ns
23:27:23 sim18 id=18 sync offset=-27922188ns
23:27:23 sim19 id=19 sync offset=-3791990ns
23:27:23 sim20 id=20 sync offset=16253584ns
23:27:23 sim21 id=21 sync offset=38921534ns
23:27:23 sim22 id=22 sync offset=-2287494ns
23:27:23 sim23 id=23 sync offset=-5588834ns
23:27:23 sim24 id=24 sync offset=7250403ns
23:27:23 sim25 id=25 sync offset=36124381ns
23:27:23 sim26 id=26 sync offset=-17713399ns
23:27:23 sim27 id=27 sync offset=27663797ns
23:27:23 sim28 id=28 sync offset=-38689620ns
23:27:23 sim29 id=29 sync offset=19947885ns
23:27:23 sim30 id=30 sync offset=-27674541ns
23:27:23 sim31 id=31 sync offset=-1830027ns
23:27:23 sim32 id=32 sync offset=28520623ns
23:27:23 sim33 id=33 sync offset=-16470256ns
23:27:23 sim34 id=34 sync offset=24824727ns
23:27:23 sim35 id=35 sync offset=21212286ns
23:27:23 sim36 id=36 sync offset=-1696960ns
23:27:23 sim37 id=37 sync offset=-12157224ns
23:27:23 sim38 id=38 sync offset=13337715ns
23:27:23 sim39 id=39 sync offset=-5235988ns
23:27:23 sim40 id=40 sync offset=-18191807ns
23:27:23 sim41 id=41 sync offset=-27146560ns
23:27:23 sim42 id=42 sync offset=37162337ns
23:27:23 sim43 id=43 sync offset=8905705ns
23:27:23 sim44 id=44 sync offset=-36254724ns
23:27:23 sim45 id=45 sync offset=-34060247ns
23:27:23 sim46 id=46 sync offset=-21593985ns
23:27:23 sim47 id=47 sync offset=-10654187ns
23:27:23 sim48 id=48 sync offset=-479912ns
23:27:23 sim49 id=49 sync offset=-11329657ns
23:27:23 sim50 id=50 sync offset=-34693695ns
23:27:24 sim1 id=1 sync offset=39669805ns
23:27:24 sim2 id=2 sync offset=-15694648ns
23:27:24 sim3 id=3 sync offset=26711160ns
23:27:24 sim4 id=4 sync offset=34395821ns
23:27:24 sim5 id=5 sync offset=7750781ns
23:27:24 sim6 id=6 sync offset=-19139292ns
23:27:24 sim7 id=7 sync offset=-32465914ns
23:27:24 sim8 id=8 sync offset=305610ns
23:27:24 sim9 id=9 sync offset=15163326ns
23:27:24 sim10 id=10 sync offset=-31936183ns
23:27:24 sim11 id=11 sync offset=-11071879ns
23:27:24 sim12 id=12 sync offset=-29820050ns
23:27:24 sim13 id=13 sync offset=21031036ns
23:27:24 sim14 id=14 sync offset=-31794136ns
23:27:24 sim15 id=15 sync offset=33378165ns
23:27:24 sim16 id=16 sync offset=-25547316ns
23:27:24 sim17 id=17 sync offset=-12037084ns
23:27:24 sim18 id=18 sync offset=-27922188ns
23:27:24 sim19 id=19 sync offset=-3791990ns
23:27:24 sim20 id=20 sync offset=16253584ns
23:27:24 sim21 id=21 sync offset=38921534ns
23:27:24 sim22 id=22 sync offset=-2287494ns
23:27:24 sim23 id=23 sync offset=-5588834ns
23:27:24 sim24 id=24 sync offset=7250403ns
23:27:24 sim25 id=25 sync offset=36124381ns
23:27:24 sim26 id=26 sync offset=-17713399ns
23:27:24 sim27 id=27 sync offset=27656297ns
23:27:24 sim28 id=28 sync offset=-38697152ns
23:27:24 sim29 id=29 sync offset=19940687ns
23:27:24 sim30 id=30 sync offset=-27681322ns
23:27:24 sim31 id=31 sync offset=-1841871ns
23:27:24 sim32 id=32 sync offset=28492405ns
23:27:24 sim33 id=33 sync offset=-16504027ns
23:27:24 sim34 id=34 sync offset=24799623ns
23:27:24 sim35 id=35 sync offset=21180880ns
23:27:24 sim36 id=36 sync offset=-1714033ns
23:27:24 sim37 id=37 sync offset=-12162193ns
23:27:24 sim38 id=38 sync offset=13332319ns
23:27:24 sim39 id=39 sync offset=-5241633ns
23:27:24 sim40 id=40 sync offset=-18197244ns
23:27:24 sim41 id=41 sync offset=-27151289ns
23:27:24 sim42 id=42 sync offset=37148993ns
23:27:24 sim43 id=43 sync offset=8890601ns
23:27:24 sim44 id=44 sync offset=-36271577ns
23:27:24 sim45 id=45 sync offset=-34080205ns
23:27:24 sim46 id=46 sync offset=-21614735ns
23:27:24 sim47 id=47 sync offset=-10675812ns
23:27:24 sim48 id=48 sync offset=-504589ns
23:27:24 sim49 id=49 sync offset=-11356542ns
23:27:24 sim50 id=50 sync offset=-34721018ns
23:27:24 sim1 id=1 sync offset=39669805ns
23:27:24 sim2 id=2 sync offset=-15694648ns
23:27:24 sim3 id=3 sync offset=26711160ns
23:27:24 sim4 id=4 sync offset=34395821ns
23:27:24 sim5 id=5 sync offset=7750781ns
23:27:24 sim6 id=6 sync offset=-19139292ns
23:27:24 sim7 id=7 sync offset=-32465914ns
23:27:24 sim8 id=8 sync offset=305610ns
23:27:24 sim9 id=9 sync offset=15163326ns
23:27:24 sim10 id=10 sync offset=-31936183ns
23:27:24 sim11 id=11 sync offset=-11071879ns
23:27:24 sim12 id=12 sync offset=-29820050ns
23:27:24 sim13 id=13 sync offset=21031036ns
23:27:24 sim14 id=14 sync offset=-31794136ns
23:27:24 sim15 id=15 sync offset=33378165ns
23:27:24 sim16 id=16 sync offset=-25547316ns
23:27:24 sim17 id=17 sync offset=-12037084ns
23:27:24 sim18 id=18 sync offset=-27922188ns
23:27:24 sim19 id=19 sync offset=-3791990ns
23:27:24 sim20 id=20 sync offset=16253584ns
23:27:24 sim21 id=21 sync offset=38921534ns
23:27:24 sim22 id=22 sync offset=-2287494ns
23:27:24 sim23 id=23 sync offset=-5588834ns
23:27:24 sim24 id=24 sync offset=7250403ns
23:27:24 sim25 id=25 sync offset=36124381ns
23:27:24 sim26 id=26 sync offset=-17713399ns
23:27:24 sim27 id=27 sync offset=27656297ns
23:27:24 sim28 id=28 sync offset=-38697152ns
23:27:24 sim29 id=29 sync offset=19940687ns
23:27:24 sim30 id=30 sync offset=-27681322ns
23:27:24 sim31 id=31 sync offset=-1841871ns
23:27:24 sim32 id=32 sync offset=28492405ns
23:27:24 sim33 id=33 sync offset=-16504027ns
23:27:24 sim34 id=34 sync offset=24799623ns
23:27:24 sim35 id=35 sync offset=21180880ns
23:27:24 sim36 id=36 sync offset=-1714033ns
23:27:24 sim37 id=37 sync offset=-12162193ns
23:27:24 sim38 id=38 sync offset=13332319ns
23:27:24 sim39 id=39 sync offset=-5241633ns
23:27:24 sim40 id=40 sync offset=-18197244ns
23:27:24 sim41 id=41 sync offset=-27151289ns
23:27:24 sim42 id=42 sync offset=37148993ns
23:27:24 sim43 id=43 sync offset=8890601ns
23:27:24 sim44 id=44 sync offset=-36271577ns
23:27:24 sim45 id=45 sync offset=-34080205ns
23:27:24 sim46 id=46 sync offset=-21614735ns
23:27:24 sim47 id=47 sync offset=-10675812ns
23:27:24 sim48 id=48 sync offset=-504589ns
23:27:24 sim49 id=49 sync offset=-11356542ns
23:27:24 sim50 id=50 sync offset=-34721018ns
23:27:25 sim1 id=1 sync offset=39670920ns
23:27:25 sim2 id=2 sync offset=-15696638ns
23:27:25 sim3 id=3 sync offset=26709608ns
23:27:25 sim4 id=4 sync offset=34388717ns
23:27:25 sim5 id=5 sync offset=7739145ns
23:27:25 sim6 id=6 sync offset=-19152198ns
23:27:25 sim7 id=7 sync offset=-32465289ns
23:27:25 sim8 id=8 sync offset=295599ns
23:27:25 sim9 id=9 sync offset=15162367ns
23:27:25 sim10 id=10 sync offset=-31937047ns
23:27:25 sim11 id=11 sync offset=-11073254ns
23:27:25 sim12 id=12 sync offset=-29823529ns
23:27:25 sim13 id=13 sync offset=21030099ns
23:27:25 sim14 id=14 sync offset=-31796594ns
23:27:25 sim15 id=15 sync offset=33372477ns
23:27:25 sim16 id=16 sync offset=-25555535ns
23:27:25 sim17 id=17 sync offset=-12045615ns
23:27:25 sim18 id=18 sync offset=-27927209ns
23:27:25 sim19 id=19 sync offset=-3792594ns
23:27:25 sim20 id=20 sync offset=16251355ns
23:27:25 sim21 id=21 sync offset=38905316ns
23:27:25 sim22 id=22 sync offset=-2299265ns
23:27:25 sim23 id=23 sync offset=-5593813ns
23:27:25 sim24 id=24 sync offset=7246289ns
23:27:25 sim25 id=25 sync offset=36112569ns
23:27:25 sim26 id=26 sync offset=-17724108ns
23:27:25 sim27 id=27 sync offset=27652391ns
23:27:25 sim28 id=28 sync offset=-38702454ns
23:27:25 sim29 id=29 sync offset=19935322ns
23:27:25 sim30 id=30 sync offset=-27685738ns
23:27:25 sim31 id=31 sync offset=-1846142ns
23:27:25 sim32 id=32 sync offset=28492249ns
23:27:25 sim33 id=33 sync offset=-16504350ns
23:27:25 sim34 id=34 sync offset=24786331ns
23:27:25 sim35 id=35 sync offset=21172536ns
23:27:25 sim36 id=36 sync offset=-1721887ns
23:27:25 sim37 id=37 sync offset=-12168745ns
23:27:25 sim38 id=38 sync offset=13326924ns
23:27:25 sim39 id=39 sync offset=-5247279ns
23:27:25 sim40 id=40 sync offset=-18202681ns
23:27:25 sim41 id=41 sync offset=-27151289ns
23:27:25 sim42 id=42 sync offset=37148993ns
23:27:25 sim43 id=43 sync offset=8890601ns
23:27:25 sim44 id=44 sync offset=-36271577ns
23:27:25 sim45 id=45 sync offset=-34080205ns
23:27:25 sim46 id=46 sync offset=-21614735ns
23:27:25 sim47 id=47 sync offset=-10675812ns
23:27:25 sim48 id=48 sync offset=-504589ns
23:27:25 sim49 id=49 sync offset=-11356542ns
23:27:25 sim50 id=50 sync offset=-34721018ns
23:27:26 sim1 id=1 sync offset=39666314ns
23:27:26 sim2 id=2 sync offset=-15701336ns
23:27:26 sim3 id=3 sync offset=26702566ns
23:27:26 sim4 id=4 sync offset=34381614ns
23:27:26 sim5 id=5 sync offset=7727510ns
23:27:26 sim6 id=6 sync offset=-19157031ns
23:27:26 sim7 id=7 sync offset=-32465914ns
23:27:26 sim8 id=8 sync offset=298828ns
23:27:26 sim9 id=9 sync offset=15163326ns
23:27:26 sim10 id=10 sync offset=-31936183ns
23:27:26 sim11 id=11 sync offset=-11071879ns
23:27:26 sim12 id=12 sync offset=-29820050ns
23:27:26 sim13 id=13 sync offset=21031036ns
23:27:26 sim14 id=14 sync offset=-31800365ns
23:27:26 sim15 id=15 sync offset=33366790ns
23:27:26 sim16 id=16 sync offset=-25563754ns
23:27:26 sim17 id=17 sync offset=-12054147ns
23:27:26 sim18 id=18 sync offset=-27932230ns
23:27:26 sim19 id=19 sync offset=-3793198ns
23:27:26 sim20 id=20 sync offset=16249126ns
23:27:26 sim21 id=21 sync offset=38902180ns
23:27:26 sim22 id=22 sync offset=-2306567ns
23:27:26 sim23 id=23 sync offset=-5605063ns
23:27:26 sim24 id=24 sync offset=7235382ns
23:27:26 sim25 id=25 sync offset=36106975ns
23:27:26 sim26 id=26 sync offset=-17727358ns
23:27:26 sim27 id=27 sync offset=27648485ns
23:27:26 sim28 id=28 sync offset=-38707756ns
23:27:26 sim29 id=29 sync offset=19929958ns
23:27:26 sim30 id=30 sync offset=-27690155ns
23:27:26 sim31 id=31 sync offset=-1850413ns
23:27:26 sim32 id=32 sync offset=28492093ns
23:27:26 sim33 id=33 sync offset=-16504673ns
23:27:26 sim34 id=34 sync offset=24773039ns
23:27:26 sim35 id=35 sync offset=21164192ns
23:27:26 sim36 id=36 sync offset=-1729741ns
23:27:26 sim37 id=37 sync offset=-12175297ns
23:27:26 sim38 id=38 sync offset=13320653ns
23:27:26 sim39 id=39 sync offset=-5241633ns
23:27:26 sim40 id=40 sync offset=-18197244ns
23:27:26 sim41 id=41 sync offset=-27146560ns
23:27:26 sim42 id=42 sync offset=37162337ns
23:27:26 sim43 id=43 sync offset=8905705ns
23:27:26 sim44 id=44 sync offset=-36254724ns
23:27:26 sim45 id=45 sync offset=-34060247ns
23:27:26 sim46 id=46 sync offset=-21593985ns
23:27:26 sim47 id=47 sync offset=-10654187ns
23:27:26 sim48 id=48 sync offset=-479912ns
23:27:26 sim49 id=49 sync offset=-11356542ns
23:27:26 sim50 id=50 sync offset=-34721018ns
23:27:26 sim1 id=1 sync offset=39666314ns
23:27:26 sim2 id=2 sync offset=-15706034ns
23:27:26 sim3 id=3 sync offset=26695525ns
23:27:26 sim4 id=4 sync offset=34381020ns
23:27:26 sim5 id=5 sync offset=7721093ns
23:27:26 sim6 id=6 sync offset=-19161865ns
23:27:26 sim7 id=7 sync offset=-32473612ns
23:27:26 sim8 id=8 sync offset=295599ns
23:27:26 sim9 id=9 sync offset=15162367ns
23:27:26 sim10 id=10 sync offset=-31936183ns
23:27:26 sim11 id=11 sync offset=-11071879ns
23:27:26 sim12 id=12 sync offset=-29820050ns
23:27:26 sim13 id=13 sync offset=21031036ns
23:27:26 sim14 id=14 sync offset=-31800365ns
23:27:26 sim15 id=15 sync offset=33366790ns
23:27:26 sim16 id=16 sync offset=-25563754ns
23:27:26 sim17 id=17 sync offset=-12054147ns
23:27:26 sim18 id=18 sync offset=-27932230ns
23:27:26 sim19 id=19 sync offset=-3793198ns
23:27:26 sim20 id=20 sync offset=16249126ns
23:27:26 sim21 id=21 sync offset=38902180ns
23:27:26 sim22 id=22 sync offset=-2306567ns
23:27:26 sim23 id=23 sync offset=-5605063ns
23:27:26 sim24 id=24 sync offset=7235382ns
23:27:26 sim25 id=25 sync offset=36106975ns
23:27:26 sim26 id=26 sync offset=-17727358ns
23:27:26 sim27 id=27 sync offset=27648485ns
23:27:26 sim28 id=28 sync offset=-38707756ns
23:27:26 sim29 id=29 sync offset=19929958ns
23:27:26 sim30 id=30 sync offset=-27690155ns
23:27:26 sim31 id=31 sync offset=-1850413ns
23:27:26 sim32 id=32 sync offset=28492093ns
23:27:26 sim33 id=33 sync offset=-16504673ns
23:27:26 sim34 id=34 sync offset=24773039ns
23:27:26 sim35 id=35 sync offset=21164192ns
23:27:26 sim36 id=36 sync offset=-1729741ns
23:27:26 sim37 id=37 sync offset=-12175297ns
23:27:26 sim38 id=38 sync offset=13320653ns
23:27:26 sim39 id=39 sync offset=-5241633ns
23:27:26 sim40 id=40 sync offset=-18197244ns
23:27:26 sim41 id=41 sync offset=-27146560ns
23:27:26 sim42 id=42 sync offset=37162337ns
23:27:26 sim43 id=43 sync offset=8905705ns
23:27:26 sim44 id=44 sync offset=-36254724ns
23:27:26 sim45 id=45 sync offset=-34060247ns
23:27:26 sim46 id=46 sync offset=-21593985ns
23:27:26 sim47 id=47 sync offset=-10654187ns
23:27:26 sim48 id=48 sync offset=-479912ns
23:27:26 sim49 id=49 sync offset=-11356542ns
23:27:26 sim50 id=50 sync offset=-34721018ns
23:27:26 sim1 id=1 sync offset=39666314ns
23:27:26 sim2 id=2 sync offset=-15706951ns
23:27:26 sim3 id=3 sync offset=26695129ns
23:27:26 sim4 id=4 sync offset=34380426ns
23:27:26 sim5 id=5 sync offset=7714677ns
23:27:26 sim6 id=6 sync offset=-19169906ns
23:27:26 sim7 id=7 sync offset=-32481310ns
23:27:26 sim8 id=8 sync offset=295005ns
23:27:26 sim9 id=9 sync offset=15161408ns
23:27:26 sim10 id=10 sync offset=-31937047ns
23:27:26 sim11 id=11 sync offset=-11073254ns
23:27:26 sim12 id=12 sync offset=-29823529ns
23:27:26 sim13 id=13 sync offset=21030099ns
23:27:26 sim14 id=14 sync offset=-31804136ns
23:27:26 sim15 id=15 sync offset=33364154ns
23:27:26 sim16 id=16 sync offset=-25566233ns
23:27:26 sim17 id=17 sync offset=-12059074ns
23:27:26 sim18 id=18 sync offset=-27933563ns
23:27:26 sim19 id=19 sync offset=-3798177ns
23:27:26 sim20 id=20 sync offset=16235511ns
23:27:26 sim21 id=21 sync offset=38899044ns
23:27:26 sim22 id=22 sync offset=-2313869ns
23:27:26 sim23 id=23 sync offset=-5616313ns
23:27:26 sim24 id=24 sync offset=7235382ns
23:27:26 sim25 id=25 sync offset=36106975ns
23:27:26 sim26 id=26 sync offset=-17727358ns
23:27:26 sim27 id=27 sync offset=27648485ns
23:27:26 sim28 id=28 sync offset=-38707756ns
23:27:26 sim29 id=29 sync offset=19929958ns
23:27:26 sim30 id=30 sync offset=-27690155ns
23:27:26 sim31 id=31 sync offset=-1850413ns
23:27:26 sim32 id=32 sync offset=28492093ns
23:27:26 sim33 id=33 sync offset=-16504673ns
23:27:26 sim34 id=34 sync offset=24773039ns
23:27:26 sim35 id=35 sync offset=21164192ns
23:27:26 sim36 id=36 sync offset=-1729741ns
23:27:26 sim37 id=37 sync offset=-12175297ns
23:27:26 sim38 id=38 sync offset=13320653ns
23:27:26 sim39 id=39 sync offset=-5241633ns
23:27:26 sim40 id=40 sync offset=-18197244ns
23:27:26 sim41 id=41 sync offset=-27146560ns
23:27:26 sim42 id=42 sync offset=37162337ns
23:27:26 sim43 id=43 sync offset=8905705ns
23:27:26 sim44 id=44 sync offset=-36254724ns
23:27:26 sim45 id=45 sync offset=-34060247ns
23:27:26 sim46 id=46 sync offset=-21593985ns
23:27:26 sim47 id=47 sync offset=-10654187ns
23:27:26 sim48 id=48 sync offset=-479912ns
23:27:26 sim49 id=49 sync offset=-11356542ns
23:27:26 sim50 id=50 sync offset=-34721018ns
23:27:27 sim1 id=1 sync offset=39666043ns
23:27:27 sim2 id=2 sync offset=-15711690ns
23:27:27 sim3 id=3 sync offset=26691295ns
23:27:27 sim4 id=4 sync offset=34370967ns
23:27:27 sim5 id=5 sync offset=7710906ns
23:27:27 sim6 id=6 sync offset=-19171084ns
23:27:27 sim7 id=7 sync offset=-32482956ns
23:27:27 sim8 id=8 sync offset=295005ns
23:27:27 sim9 id=9 sync offset=15161408ns
23:27:27 sim10 id=10 sync offset=-31937047ns
23:27:27 sim11 id=11 sync offset=-11073254ns
23:27:27 sim12 id=12 sync offset=-29823529ns
23:27:27 sim13 id=13 sync offset=21030099ns
23:27:27 sim14 id=14 sync offset=-31804136ns
23:27:27 sim15 id=15 sync offset=33364154ns
23:27:27 sim16 id=16 sync offset=-25566233ns
23:27:27 sim17 id=17 sync offset=-12062355ns
23:27:27 sim18 id=18 sync offset=-27941865ns
23:27:27 sim19 id=19 sync offset=-3808104ns
23:27:27 sim20 id=20 sync offset=16224364ns
23:27:27 sim21 id=21 sync offset=38873586ns
23:27:27 sim22 id=22 sync offset=-2341307ns
23:27:27 sim23 id=23 sync offset=-5659855ns
23:27:27 sim24 id=24 sync offset=7202153ns
23:27:27 sim25 id=25 sync offset=36078360ns
23:27:27 sim26 id=26 sync offset=-17756275ns
23:27:27 sim27 id=27 sync offset=27605131ns
23:27:27 sim28 id=28 sync offset=-38745194ns
23:27:27 sim29 id=29 sync offset=19898771ns
23:27:27 sim30 id=30 sync offset=-27723364ns
23:27:27 sim31 id=31 sync offset=-1910830ns
23:27:27 sim32 id=32 sync offset=28446009ns
23:27:27 sim33 id=33 sync offset=-16540694ns
23:27:27 sim34 id=34 sync offset=24723998ns
23:27:27 sim35 id=35 sync offset=21105505ns
23:27:27 sim36 id=36 sync offset=-1777617ns
23:27:27 sim37 id=37 sync offset=-12241193ns
23:27:27 sim38 id=38 sync offset=13312903ns
23:27:27 sim39 id=39 sync offset=-5256352ns
23:27:27 sim40 id=40 sync offset=-18212035ns
23:27:27 sim41 id=41 sync offset=-27156018ns
23:27:27 sim42 id=42 sync offset=37135649ns
23:27:27 sim43 id=43 sync offset=8875497ns
23:27:27 sim44 id=44 sync offset=-36288431ns
23:27:27 sim45 id=45 sync offset=-34100163ns
23:27:27 sim46 id=46 sync offset=-21635485ns
23:27:27 sim47 id=47 sync offset=-10697437ns
23:27:27 sim48 id=48 sync offset=-529266ns
23:27:27 sim49 id=49 sync offset=-11395136ns
23:27:27 sim50 id=50 sync offset=-34751445ns
23:27:27 sim1 id=1 sync offset=39666043ns
23:27:27 sim2 id=2 sync offset=-15712409ns
23:27:27 sim3 id=3 sync offset=26694733ns
23:27:27 sim4 id=4 sync offset=34375696ns
23:27:27 sim5 id=5 sync offset=7712791ns
23:27:27 sim6 id=6 sync offset=-19164220ns
23:27:27 sim7 id=7 sync offset=-32481310ns
23:27:27 sim8 id=8 sync offset=298182ns
23:27:27 sim9 id=9 sync offset=15163326ns
23:27:27 sim10 id=10 sync offset=-31931328ns
23:27:27 sim11 id=11 sync offset=-11068775ns
23:27:27 sim12 id=12 sync offset=-29816572ns
23:27:27 sim13 id=13 sync offset=21031973ns
23:27:27 sim14 id=14 sync offset=-31804136ns
23:27:27 sim15 id=15 sync offset=33364154ns
23:27:27 sim16 id=16 sync offset=-25566233ns
23:27:27 sim17 id=17 sync offset=-12062355ns
23:27:27 sim18 id=18 sync offset=-27941865ns
23:27:27 sim19 id=19 sync offset=-3808104ns
23:27:27 sim20 id=20 sync offset=16221896ns
23:27:27 sim21 id=21 sync offset=38871628ns
23:27:27 sim22 id=22 sync offset=-2347828ns
23:27:27 sim23 id=23 sync offset=-5666230ns
23:27:27 sim24 id=24 sync offset=7139830ns
23:27:27 sim25 id=25 sync offset=36015423ns
23:27:27 sim26 id=26 sync offset=-17803233ns
23:27:27 sim27 id=27 sync offset=27595194ns
23:27:27 sim28 id=28 sync offset=-38752308ns
23:27:27 sim29 id=29 sync offset=19888093ns
23:27:27 sim30 id=30 sync offset=-27737843ns
23:27:27 sim31 id=31 sync offset=-1933809ns
23:27:27 sim32 id=32 sync offset=28418894ns
23:27:27 sim33 id=33 sync offset=-16540694ns
23:27:27 sim34 id=34 sync offset=24723998ns
23:27:27 sim35 id=35 sync offset=21105505ns
23:27:27 sim36 id=36 sync offset=-1777617ns
23:27:27 sim37 id=37 sync offset=-12241193ns
23:27:27 sim38 id=38 sync offset=13312903ns
23:27:27 sim39 id=39 sync offset=-5265425ns
23:27:27 sim40 id=40 sync offset=-18214942ns
23:27:27 sim41 id=41 sync offset=-27173915ns
23:27:27 sim42 id=42 sync offset=37110024ns
23:27:27 sim43 id=43 sync offset=8850767ns
23:27:27 sim44 id=44 sync offset=-36324806ns
23:27:27 sim45 id=45 sync offset=-34136850ns
23:27:27 sim46 id=46 sync offset=-21667547ns
23:27:27 sim47 id=47 sync offset=-10730906ns
23:27:27 sim48 id=48 sync offset=-558860ns
23:27:27 sim49 id=49 sync offset=-11409553ns
23:27:27 sim50 id=50 sync offset=-34765465ns
23:27:28 sim1 id=1 sync offset=39666471ns
23:27:28 sim2 id=2 sync offset=-15711690ns
23:27:28 sim3 id=3 sync offset=26687858ns
23:27:28 sim4 id=4 sync offset=34389884ns
23:27:28 sim5 id=5 sync offset=7727510ns
23:27:28 sim6 id=6 sync offset=-19164220ns
23:27:28 sim7 id=7 sync offset=-32481310ns
23:27:28 sim8 id=8 sync offset=298599ns
23:27:28 sim9 id=9 sync offset=15163326ns
23:27:28 sim10 id=10 sync offset=-31931328ns
23:27:28 sim11 id=11 sync offset=-11073254ns
23:27:28 sim12 id=12 sync offset=-29824092ns
23:27:28 sim13 id=13 sync offset=21024599ns
23:27:28 sim14 id=14 sync offset=-31807469ns
23:27:28 sim15 id=15 sync offset=33348352ns
23:27:28 sim16 id=16 sync offset=-25586171ns
23:27:28 sim17 id=17 sync offset=-12065053ns
23:27:28 sim18 id=18 sync offset=-27952323ns
23:27:28 sim19 id=19 sync offset=-3818260ns
23:27:28 sim20 id=20 sync offset=16217271ns
23:27:28 sim21 id=21 sync offset=38871628ns
23:27:28 sim22 id=22 sync offset=-2350359ns
23:27:28 sim23 id=23 sync offset=-5668959ns
23:27:28 sim24 id=24 sync offset=7139830ns
23:27:28 sim25 id=25 sync offset=36015423ns
23:27:28 sim26 id=26 sync offset=-17803233ns
23:27:28 sim27 id=27 sync offset=27600162ns
23:27:28 sim28 id=28 sync offset=-38746611ns
23:27:28 sim29 id=29 sync offset=19889688ns
23:27:28 sim30 id=30 sync offset=-27741895ns
23:27:28 sim31 id=31 sync offset=-1933809ns
23:27:28 sim32 id=32 sync offset=28418894ns
23:27:28 sim33 id=33 sync offset=-16567443ns
23:27:28 sim34 id=34 sync offset=24723998ns
23:27:28 sim35 id=35 sync offset=21105505ns
23:27:28 sim36 id=36 sync offset=-1777617ns
23:27:28 sim37 id=37 sync offset=-12241193ns
23:27:28 sim38 id=38 sync offset=13312903ns
23:27:28 sim39 id=39 sync offset=-5274717ns
23:27:28 sim40 id=40 sync offset=-18226931ns
23:27:28 sim41 id=41 sync offset=-27180373ns
23:27:28 sim42 id=42 sync offset=37103274ns
23:27:28 sim43 id=43 sync offset=8845726ns
23:27:28 sim44 id=44 sync offset=-36324806ns
23:27:28 sim45 id=45 sync offset=-34143142ns
23:27:28 sim46 id=46 sync offset=-21667547ns
23:27:28 sim47 id=47 sync offset=-10730906ns
23:27:28 sim48 id=48 sync offset=-558860ns
23:27:28 sim49 id=49 sync offset=-11414105ns
23:27:28 sim50 id=50 sync offset=-34777809ns
23:27:28 sim1 id=1 sync offset=39666471ns
23:27:28 sim2 id=2 sync offset=-15706951ns
23:27:28 sim3 id=3 sync offset=26691691ns
23:27:28 sim4 id=4 sync offset=34389884ns
23:27:28 sim5 id=5 sync offset=7721093ns
23:27:28 sim6 id=6 sync offset=-19167876ns
23:27:28 sim7 id=7 sync offset=-32482133ns
23:27:28 sim8 id=8 sync offset=296433ns
23:27:28 sim9 id=9 sync offset=15161669ns
23:27:28 sim10 id=10 sync offset=-31936183ns
23:27:28 sim11 id=11 sync offset=-11074629ns
23:27:28 sim12 id=12 sync offset=-29827467ns
23:27:28 sim13 id=13 sync offset=21024599ns
23:27:28 sim14 id=14 sync offset=-31807469ns
23:27:28 sim15 id=15 sync offset=33345988ns
23:27:28 sim16 id=16 sync offset=-25586754ns
23:27:28 sim17 id=17 sync offset=-12066105ns
23:27:28 sim18 id=18 sync offset=-27955813ns
23:27:28 sim19 id=19 sync offset=-3823469ns
23:27:28 sim20 id=20 sync offset=16221896ns
23:27:28 sim21 id=21 sync offset=38871628ns
23:27:28 sim22 id=22 sync offset=-2350359ns
23:27:28 sim23 id=23 sync offset=-5668959ns
23:27:28 sim24 id=24 sync offset=7153674ns
23:27:28 sim25 id=25 sync offset=36029266ns
23:27:28 sim26 id=26 sync offset=-17792587ns
23:27:28 sim27 id=27 sync offset=27605131ns
23:27:28 sim28 id=28 sync offset=-38746611ns
23:27:28 sim29 id=29 sync offset=19889688ns
23:27:28 sim30 id=30 sync offset=-27731468ns
23:27:28 sim31 id=31 sync offset=-1910830ns
23:27:28 sim32 id=32 sync offset=28446009ns
23:27:28 sim33 id=33 sync offset=-16540694ns
23:27:28 sim34 id=34 sync offset=24743810ns
23:27:28 sim35 id=35 sync offset=21125443ns
23:27:28 sim36 id=36 sync offset=-1745450ns
23:27:28 sim37 id=37 sync offset=-12175297ns
23:27:28 sim38 id=38 sync offset=13314382ns
23:27:28 sim39 id=39 sync offset=-5265425ns
23:27:28 sim40 id=40 sync offset=-18214942ns
23:27:28 sim41 id=41 sync offset=-27173915ns
23:27:28 sim42 id=42 sync offset=37120774ns
23:27:28 sim43 id=43 sync offset=8859538ns
23:27:28 sim44 id=44 sync offset=-36316390ns
23:27:28 sim45 id=45 sync offset=-34130559ns
23:27:28 sim46 id=46 sync offset=-21657713ns
23:27:28 sim47 id=47 sync offset=-10724468ns
23:27:28 sim48 id=48 sync offset=-553422ns
23:27:28 sim49 id=49 sync offset=-11409553ns
23:27:28 sim50 id=50 sync offset=-34765465ns
23:27:29 sim1 id=1 sync offset=39665773ns
23:27:29 sim2 id=2 sync offset=-15711690ns
23:27:29 sim3 id=3 sync offset=26686296ns
23:27:29 sim4 id=4 sync offset=34370134ns
23:27:29 sim5 id=5 sync offset=7708312ns
23:27:29 sim6 id=6 sync offset=-19174334ns
23:27:29 sim7 id=7 sync offset=-32486987ns
23:27:29 sim8 id=8 sync offset=295599ns
23:27:29 sim9 id=9 sync offset=15154617ns
23:27:29 sim10 id=10 sync offset=-31940912ns
23:27:29 sim11 id=11 sync offset=-11074629ns
23:27:29 sim12 id=12 sync offset=-29827467ns
23:27:29 sim13 id=13 sync offset=21024599ns
23:27:29 sim14 id=14 sync offset=-31807469ns
23:27:29 sim15 id=15 sync offset=33337696ns
23:27:29 sim16 id=16 sync offset=-25593337ns
23:27:29 sim17 id=17 sync offset=-12083250ns
23:27:29 sim18 id=18 sync offset=-27968918ns
23:27:29 sim19 id=19 sync offset=-3833365ns
23:27:29 sim20 id=20 sync offset=16212647ns
23:27:29 sim21 id=21 sync offset=38863212ns
23:27:29 sim22 id=22 sync offset=-2354234ns
23:27:29 sim23 id=23 sync offset=-5679011ns
23:27:29 sim24 id=24 sync offset=7159122ns
23:27:29 sim25 id=25 sync offset=36044006ns
23:27:29 sim26 id=26 sync offset=-17779952ns
23:27:29 sim27 id=27 sync offset=27605131ns
23:27:29 sim28 id=28 sync offset=-38746611ns
23:27:29 sim29 id=29 sync offset=19889688ns
23:27:29 sim30 id=30 sync offset=-27731468ns
23:27:29 sim31 id=31 sync offset=-1910830ns
23:27:29 sim32 id=32 sync offset=28446009ns
23:27:29 sim33 id=33 sync offset=-16540694ns
23:27:29 sim34 id=34 sync offset=24743810ns
23:27:29 sim35 id=35 sync offset=21125443ns
23:27:29 sim36 id=36 sync offset=-1745450ns
23:27:29 sim37 id=37 sync offset=-12175297ns
23:27:29 sim38 id=38 sync offset=13314382ns
23:27:29 sim39 id=39 sync offset=-5265425ns
23:27:29 sim40 id=40 sync offset=-18214942ns
23:27:29 sim41 id=41 sync offset=-27173915ns
23:27:29 sim42 id=42 sync offset=37120774ns
23:27:29 sim43 id=43 sync offset=8859538ns
23:27:29 sim44 id=44 sync offset=-36316390ns
23:27:29 sim45 id=45 sync offset=-34130559ns
23:27:29 sim46 id=46 sync offset=-21657713ns
23:27:29 sim47 id=47 sync offset=-10724468ns
23:27:29 sim48 id=48 sync offset=-553422ns
23:27:29 sim49 id=49 sync offset=-11409553ns
23:27:29 sim50 id=50 sync offset=-34765465ns
23:27:29 sim1 id=1 sync offset=39666179ns
23:27:29 sim2 id=2 sync offset=-15715513ns
23:27:29 sim3 id=3 sync offset=26684734ns
23:27:29 sim4 id=4 sync offset=34369925ns
23:27:29 sim5 id=5 sync offset=7701947ns
23:27:29 sim6 id=6 sync offset=-19175448ns
23:27:29 sim7 id=7 sync offset=-32482956ns
23:27:29 sim8 id=8 sync offset=296016ns
23:27:29 sim9 id=9 sync offset=15157315ns
23:27:29 sim10 id=10 sync offset=-31938547ns
23:27:29 sim11 id=11 sync offset=-11073254ns
23:27:29 sim12 id=12 sync offset=-29824092ns
23:27:29 sim13 id=13 sync offset=21028578ns
23:27:29 sim14 id=14 sync offset=-31805802ns
23:27:29 sim15 id=15 sync offset=33343624ns
23:27:29 sim16 id=16 sync offset=-25587337ns
23:27:29 sim17 id=17 sync offset=-12073625ns
23:27:29 sim18 id=18 sync offset=-27958876ns
23:27:29 sim19 id=19 sync offset=-3825615ns
23:27:29 sim20 id=20 sync offset=16210834ns
23:27:29 sim21 id=21 sync offset=38858482ns
23:27:29 sim22 id=22 sync offset=-2355578ns
23:27:29 sim23 id=23 sync offset=-5686334ns
23:27:29 sim24 id=24 sync offset=7150726ns
23:27:29 sim25 id=25 sync offset=36043110ns
23:27:29 sim26 id=26 sync offset=-17781942ns
23:27:29 sim27 id=27 sync offset=27600162ns
23:27:29 sim28 id=28 sync offset=-38746611ns
23:27:29 sim29 id=29 sync offset=19889688ns
23:27:29 sim30 id=30 sync offset=-27731468ns
23:27:29 sim31 id=31 sync offset=-1910830ns
23:27:29 sim32 id=32 sync offset=28446009ns
23:27:29 sim33 id=33 sync offset=-16540694ns
23:27:29 sim34 id=34 sync offset=24736487ns
23:27:29 sim35 id=35 sync offset=21123224ns
23:27:29 sim36 id=36 sync offset=-1761533ns
23:27:29 sim37 id=37 sync offset=-12191891ns
23:27:29 sim38 id=38 sync offset=13313642ns
23:27:29 sim39 id=39 sync offset=-5270071ns
23:27:29 sim40 id=40 sync offset=-18221390ns
23:27:29 sim41 id=41 sync offset=-27177144ns
23:27:29 sim42 id=42 sync offset=37114024ns
23:27:29 sim43 id=43 sync offset=8854497ns
23:27:29 sim44 id=44 sync offset=-36324390ns
23:27:29 sim45 id=45 sync offset=-34136850ns
23:27:29 sim46 id=46 sync offset=-21664172ns
23:27:29 sim47 id=47 sync offset=-10726083ns
23:27:29 sim48 id=48 sync offset=-555495ns
23:27:29 sim49 id=49 sync offset=-11412261ns
23:27:29 sim50 id=50 sync offset=-34776382ns
23:27:30 sim1 id=1 sync offset=39666586ns
23:27:30 sim2 id=2 sync offset=-15715513ns
23:27:30 sim3 id=3 sync offset=26684734ns
23:27:30 sim4 id=4 sync offset=34369717ns
23:27:30 sim5 id=5 sync offset=7701468ns
23:27:30 sim6 id=6 sync offset=-19177136ns
23:27:30 sim7 id=7 sync offset=-32486987ns
23:27:30 sim8 id=8 sync offset=295599ns
23:27:30 sim9 id=9 sync offset=15154617ns
23:27:30 sim10 id=10 sync offset=-31940912ns
23:27:30 sim11 id=11 sync offset=-11074629ns
23:27:30 sim12 id=12 sync offset=-29827467ns
23:27:30 sim13 id=13 sync offset=21024599ns
23:27:30 sim14 id=14 sync offset=-31807469ns
23:27:30 sim15 id=15 sync offset=33337696ns
23:27:30 sim16 id=16 sync offset=-25593337ns
23:27:30 sim17 id=17 sync offset=-12083250ns
23:27:30 sim18 id=18 sync offset=-27968918ns
23:27:30 sim19 id=19 sync offset=-3833365ns
23:27:30 sim20 id=20 sync offset=16209021ns
23:27:30 sim21 id=21 sync offset=38853753ns
23:27:30 sim22 id=22 sync offset=-2360609ns
23:27:30 sim23 id=23 sync offset=-5687115ns
23:27:30 sim24 id=24 sync offset=7150309ns
23:27:30 sim25 id=25 sync offset=36033047ns
23:27:30 sim26 id=26 sync offset=-17792587ns
23:27:30 sim27 id=27 sync offset=27595194ns
23:27:30 sim28 id=28 sync offset=-38759423ns
23:27:30 sim29 id=29 sync offset=19877416ns
23:27:30 sim30 id=30 sync offset=-27752322ns
23:27:30 sim31 id=31 sync offset=-1917580ns
23:27:30 sim32 id=32 sync offset=28439280ns
23:27:30 sim33 id=33 sync offset=-16545964ns
23:27:30 sim34 id=34 sync offset=24729165ns
23:27:30 sim35 id=35 sync offset=21121005ns
23:27:30 sim36 id=36 sync offset=-1777617ns
23:27:30 sim37 id=37 sync offset=-12208485ns
23:27:30 sim38 id=38 sync offset=13314382ns
23:27:30 sim39 id=39 sync offset=-5260998ns
23:27:30 sim40 id=40 sync offset=-18220483ns
23:27:30 sim41 id=41 sync offset=-27164101ns
23:27:30 sim42 id=42 sync offset=37120774ns
23:27:30 sim43 id=43 sync offset=8854497ns
23:27:30 sim44 id=44 sync offset=-36324390ns
23:27:30 sim45 id=45 sync offset=-34148558ns
23:27:30 sim46 id=46 sync offset=-21670922ns
23:27:30 sim47 id=47 sync offset=-10735729ns
23:27:30 sim48 id=48 sync offset=-562225ns
23:27:30 sim49 id=49 sync offset=-11415949ns
23:27:30 sim50 id=50 sync offset=-34779236ns
23:27:30 sim1 id=1 sync offset=39666586ns
23:27:30 sim2 id=2 sync offset=-15715513ns
23:27:30 sim3 id=3 sync offset=26684546ns
23:27:30 sim4 id=4 sync offset=34369717ns
23:27:30 sim5 id=5 sync offset=7700843ns
23:27:30 sim6 id=6 sync offset=-19177542ns
23:27:30 sim7 id=7 sync offset=-32491019ns
23:27:30 sim8 id=8 sync offset=292714ns
23:27:30 sim9 id=9 sync offset=15154408ns
23:27:30 sim10 id=10 sync offset=-31945245ns
23:27:30 sim11 id=11 sync offset=-11075681ns
23:27:30 sim12 id=12 sync offset=-29830842ns
23:27:30 sim13 id=13 sync offset=21017995ns
23:27:30 sim14 id=14 sync offset=-31806719ns
23:27:30 sim15 id=15 sync offset=33343624ns
23:27:30 sim16 id=16 sync offset=-25594712ns
23:27:30 sim17 id=17 sync offset=-12083792ns
23:27:30 sim18 id=18 sync offset=-27958876ns
23:27:30 sim19 id=19 sync offset=-3825615ns
23:27:30 sim20 id=20 sync offset=16210834ns
23:27:30 sim21 id=21 sync offset=38858482ns
23:27:30 sim22 id=22 sync offset=-2355578ns
23:27:30 sim23 id=23 sync offset=-5686334ns
23:27:30 sim24 id=24 sync offset=7150726ns
23:27:30 sim25 id=25 sync offset=36043110ns
23:27:30 sim26 id=26 sync offset=-17781942ns
23:27:30 sim27 id=27 sync offset=27600162ns
23:27:30 sim28 id=28 sync offset=-38753017ns
23:27:30 sim29 id=29 sync offset=19883552ns
23:27:30 sim30 id=30 sync offset=-27741895ns
23:27:30 sim31 id=31 sync offset=-1910830ns
23:27:30 sim32 id=32 sync offset=28446009ns
23:27:30 sim33 id=33 sync offset=-16540694ns
23:27:30 sim34 id=34 sync offset=24736487ns
23:27:30 sim35 id=35 sync offset=21123224ns
23:27:30 sim36 id=36 sync offset=-1761533ns
23:27:30 sim37 id=37 sync offset=-12191234ns
23:27:30 sim38 id=38 sync offset=13314361ns
23:27:30 sim39 id=39 sync offset=-5267290ns
23:27:30 sim40 id=40 sync offset=-18222400ns
23:27:30 sim41 id=41 sync offset=-27167560ns
23:27:30 sim42 id=42 sync offset=37118253ns
23:27:30 sim43 id=43 sync offset=8854497ns
23:27:30 sim44 id=44 sync offset=-36324390ns
23:27:30 sim45 id=45 sync offset=-34148558ns
23:27:30 sim46 id=46 sync offset=-21670922ns
23:27:30 sim47 id=47 sync offset=-10735729ns
23:27:30 sim48 id=48 sync offset=-562225ns
23:27:30 sim49 id=49 sync offset=-11415949ns
23:27:30 sim50 id=50 sync offset=-34779236ns
23:27:31 sim1 id=1 sync offset=39666179ns
23:27:31 sim2 id=2 sync offset=-15715742ns
23:27:31 sim3 id=3 sync offset=26684546ns
23:27:31 sim4 id=4 sync offset=34370134ns
23:27:31 sim5 id=5 sync offset=7701468ns
23:27:31 sim6 id=6 sync offset=-19175448ns
23:27:31 sim7 id=7 sync offset=-32488852ns
23:27:31 sim8 id=8 sync offset=294859ns
23:27:31 sim9 id=9 sync offset=15156856ns
23:27:31 sim10 id=10 sync offset=-31938547ns
23:27:31 sim11 id=11 sync offset=-11073254ns
23:27:31 sim12 id=12 sync offset=-29824092ns
23:27:31 sim13 id=13 sync offset=21028578ns
23:27:31 sim14 id=14 sync offset=-31805052ns
23:27:31 sim15 id=15 sync offset=33348352ns
23:27:31 sim16 id=16 sync offset=-25587337ns
23:27:31 sim17 id=17 sync offset=-12083792ns
23:27:31 sim18 id=18 sync offset=-27958876ns
23:27:31 sim19 id=19 sync offset=-3825615ns
23:27:31 sim20 id=20 sync offset=16210834ns
23:27:31 sim21 id=21 sync offset=38858482ns
23:27:31 sim22 id=22 sync offset=-2355578ns
23:27:31 sim23 id=23 sync offset=-5686334ns
23:27:31 sim24 id=24 sync offset=7150726ns
23:27:31 sim25 id=25 sync offset=36043110ns
23:27:31 sim26 id=26 sync offset=-17781942ns
23:27:31 sim27 id=27 sync offset=27600162ns
23:27:31 sim28 id=28 sync offset=-38757954ns
23:27:31 sim29 id=29 sync offset=19877978ns
23:27:31 sim30 id=30 sync offset=-27748260ns
23:27:31 sim31 id=31 sync offset=-1910830ns
23:27:31 sim32 id=32 sync offset=28446009ns
23:27:31 sim33 id=33 sync offset=-16540694ns
23:27:31 sim34 id=34 sync offset=24732456ns
23:27:31 sim35 id=35 sync offset=21123224ns
23:27:31 sim36 id=36 sync offset=-1761533ns
23:27:31 sim37 id=37 sync offset=-12199266ns
23:27:31 sim38 id=38 sync offset=13313267ns
23:27:31 sim39 id=39 sync offset=-5267290ns
23:27:31 sim40 id=40 sync offset=-18225379ns
23:27:31 sim41 id=41 sync offset=-27167560ns
23:27:31 sim42 id=42 sync offset=37118253ns
23:27:31 sim43 id=43 sync offset=8854497ns
23:27:31 sim44 id=44 sync offset=-36324390ns
23:27:31 sim45 id=45 sync offset=-34148558ns
23:27:31 sim46 id=46 sync offset=-21670922ns
23:27:31 sim47 id=47 sync offset=-10735729ns
23:27:31 sim48 id=48 sync offset=-562225ns
23:27:31 sim49 id=49 sync offset=-11415949ns
23:27:31 sim50 id=50 sync offset=-34780153ns
23:27:31 sim1 id=1 sync offset=39666179ns
23:27:31 sim2 id=2 sync offset=-15715513ns
23:27:31 sim3 id=3 sync offset=26684734ns
23:27:31 sim4 id=4 sync offset=34375321ns
23:27:31 sim5 id=5 sync offset=7701947ns
23:27:31 sim6 id=6 sync offset=-19173761ns
23:27:31 sim7 id=7 sync offset=-32489685ns
23:27:31 sim8 id=8 sync offset=294120ns
23:27:31 sim9 id=9 sync offset=15154617ns
23:27:31 sim10 id=10 sync offset=-31945245ns
23:27:31 sim11 id=11 sync offset=-11075681ns
23:27:31 sim12 id=12 sync offset=-29827467ns
23:27:31 sim13 id=13 sync offset=21024599ns
23:27:31 sim14 id=14 sync offset=-31805969ns
23:27:31 sim15 id=15 sync offset=33346748ns
23:27:31 sim16 id=16 sync offset=-25591024ns
23:27:31 sim17 id=17 sync offset=-12084334ns
23:27:31 sim18 id=18 sync offset=-27948834ns
23:27:31 sim19 id=19 sync offset=-3817865ns
23:27:31 sim20 id=20 sync offset=16212647ns
23:27:31 sim21 id=21 sync offset=38863212ns
23:27:31 sim22 id=22 sync offset=-2354234ns
23:27:31 sim23 id=23 sync offset=-5679011ns
23:27:31 sim24 id=24 sync offset=7159122ns
23:27:31 sim25 id=25 sync offset=36044006ns
23:27:31 sim26 id=26 sync offset=-17779952ns
23:27:31 sim27 id=27 sync offset=27605131ns
23:27:31 sim28 id=28 sync offset=-38756485ns
23:27:31 sim29 id=29 sync offset=19878541ns
23:27:31 sim30 id=30 sync offset=-27744198ns
23:27:31 sim31 id=31 sync offset=-1909507ns
23:27:31 sim32 id=32 sync offset=28446123ns
23:27:31 sim33 id=33 sync offset=-16540371ns
23:27:31 sim34 id=34 sync offset=24735748ns
23:27:31 sim35 id=35 sync offset=21125443ns
23:27:31 sim36 id=36 sync offset=-1745450ns
23:27:31 sim37 id=37 sync offset=-12190047ns
23:27:31 sim38 id=38 sync offset=13314341ns
23:27:31 sim39 id=39 sync offset=-5259863ns
23:27:31 sim40 id=40 sync offset=-18218286ns
23:27:31 sim41 id=41 sync offset=-27167560ns
23:27:31 sim42 id=42 sync offset=37118253ns
23:27:31 sim43 id=43 sync offset=8854497ns
23:27:31 sim44 id=44 sync offset=-36324390ns
23:27:31 sim45 id=45 sync offset=-34143142ns
23:27:31 sim46 id=46 sync offset=-21670922ns
23:27:31 sim47 id=47 sync offset=-10735729ns
23:27:31 sim48 id=48 sync offset=-562225ns
23:27:31 sim49 id=49 sync offset=-11415949ns
23:27:31 sim50 id=50 sync offset=-34780153ns
23:27:32 sim1 id=1 sync offset=39666179ns
23:27:32 sim2 id=2 sync offset=-15715742ns
23:27:32 sim3 id=3 sync offset=26684546ns
23:27:32 sim4 id=4 sync offset=34375321ns
23:27:32 sim5 id=5 sync offset=7701947ns
23:27:32 sim6 id=6 sync offset=-19173761ns
23:27:32 sim7 id=7 sync offset=-32490518ns
23:27:32 sim8 id=8 sync offset=294120ns
23:27:32 sim9 id=9 sync offset=15154617ns
23:27:32 sim10 id=10 sync offset=-31945245ns
23:27:32 sim11 id=11 sync offset=-11085681ns
23:27:32 sim12 id=12 sync offset=-29838769ns
23:27:32 sim13 id=13 sync offset=21011391ns
23:27:32 sim14 id=14 sync offset=-31807469ns
23:27:32 sim15 id=15 sync offset=33346748ns
23:27:32 sim16 id=16 sync offset=-25586754ns
23:27:32 sim17 id=17 sync offset=-12083792ns
23:27:32 sim18 id=18 sync offset=-27958427ns
23:27:32 sim19 id=19 sync offset=-3825615ns
23:27:32 sim20 id=20 sync offset=16210834ns
23:27:32 sim21 id=21 sync offset=38858482ns
23:27:32 sim22 id=22 sync offset=-2354234ns
23:27:32 sim23 id=23 sync offset=-5679011ns
23:27:32 sim24 id=24 sync offset=7173674ns
23:27:32 sim25 id=25 sync offset=36050120ns
23:27:32 sim26 id=26 sync offset=-17775055ns
23:27:32 sim27 id=27 sync offset=27606860ns
23:27:32 sim28 id=28 sync offset=-38746611ns
23:27:32 sim29 id=29 sync offset=19889688ns
23:27:32 sim30 id=30 sync offset=-27731468ns
23:27:32 sim31 id=31 sync offset=-1899944ns
23:27:32 sim32 id=32 sync offset=28455978ns
23:27:32 sim33 id=33 sync offset=-16530110ns
23:27:32 sim34 id=34 sync offset=24743810ns
23:27:32 sim35 id=35 sync offset=21152151ns
23:27:32 sim36 id=36 sync offset=-1743033ns
23:27:32 sim37 id=37 sync offset=-12173984ns
23:27:32 sim38 id=38 sync offset=13314382ns
23:27:32 sim39 id=39 sync offset=-5259821ns
23:27:32 sim40 id=40 sync offset=-18212327ns
23:27:32 sim41 id=41 sync offset=-27164101ns
23:27:32 sim42 id=42 sync offset=37125004ns
23:27:32 sim43 id=43 sync offset=8864580ns
23:27:32 sim44 id=44 sync offset=-36308390ns
23:27:32 sim45 id=45 sync offset=-34115893ns
23:27:32 sim46 id=46 sync offset=-21651255ns
23:27:32 sim47 id=47 sync offset=-10722854ns
23:27:32 sim48 id=48 sync offset=-556766ns
23:27:32 sim49 id=49 sync offset=-11413991ns
23:27:32 sim50 id=50 sync offset=-34779236ns
23:27:32 sim1 id=1 sync offset=39666179ns
23:27:32 sim2 id=2 sync offset=-15715742ns
23:27:32 sim3 id=3 sync offset=26684734ns
23:27:32 sim4 id=4 sync offset=34380509ns
23:27:32 sim5 id=5 sync offset=7707999ns
23:27:32 sim6 id=6 sync offset=-19172646ns
23:27:32 sim7 id=7 sync offset=-32489685ns
23:27:32 sim8 id=8 sync offset=294859ns
23:27:32 sim9 id=9 sync offset=15156856ns
23:27:32 sim10 id=10 sync offset=-31940912ns
23:27:32 sim11 id=11 sync offset=-11076734ns
23:27:32 sim12 id=12 sync offset=-29830842ns
23:27:32 sim13 id=13 sync offset=21021974ns
23:27:32 sim14 id=14 sync offset=-31806719ns
23:27:32 sim15 id=15 sync offset=33348352ns
23:27:32 sim16 id=16 sync offset=-25586171ns
23:27:32 sim17 id=17 sync offset=-12083250ns
23:27:32 sim18 id=18 sync offset=-27948834ns
23:27:32 sim19 id=19 sync offset=-3817865ns
23:27:32 sim20 id=20 sync offset=16212647ns
23:27:32 sim21 id=21 sync offset=38863212ns
23:27:32 sim22 id=22 sync offset=-2352890ns
23:27:32 sim23 id=23 sync offset=-5671688ns
23:27:32 sim24 id=24 sync offset=7167518ns
23:27:32 sim25 id=25 sync offset=36044902ns
23:27:32 sim26 id=26 sync offset=-17777962ns
23:27:32 sim27 id=27 sync offset=27605995ns
23:27:32 sim28 id=28 sync offset=-38751548ns
23:27:32 sim29 id=29 sync offset=19884114ns
23:27:32 sim30 id=30 sync offset=-27737833ns
23:27:32 sim31 id=31 sync offset=-1908184ns
23:27:32 sim32 id=32 sync offset=28446238ns
23:27:32 sim33 id=33 sync offset=-16540048ns
23:27:32 sim34 id=34 sync offset=24739779ns
23:27:32 sim35 id=35 sync offset=21138797ns
23:27:32 sim36 id=36 sync offset=-1744241ns
23:27:32 sim37 id=37 sync offset=-12182015ns
23:27:32 sim38 id=38 sync offset=13314361ns
23:27:32 sim39 id=39 sync offset=-5259842ns
23:27:32 sim40 id=40 sync offset=-18215306ns
23:27:32 sim41 id=41 sync offset=-27165830ns
23:27:32 sim42 id=42 sync offset=37122483ns
23:27:32 sim43 id=43 sync offset=8859538ns
23:27:32 sim44 id=44 sync offset=-36316390ns
23:27:32 sim45 id=45 sync offset=-34129517ns
23:27:32 sim46 id=46 sync offset=-21661088ns
23:27:32 sim47 id=47 sync offset=-10729291ns
23:27:32 sim48 id=48 sync offset=-559495ns
23:27:32 sim49 id=49 sync offset=-11414970ns
23:27:32 sim50 id=50 sync offset=-34779694ns
23:27:33 sim1 id=1 sync offset=39666179ns
23:27:33 sim2 id=2 sync offset=-15715972ns
23:27:33 sim3 id=3 sync offset=26685587ns
23:27:33 sim4 id=4 sync offset=34385134ns
23:27:33 sim5 id=5 sync offset=7714052ns
23:27:33 sim6 id=6 sync offset=-19171532ns
23:27:33 sim7 id=7 sync offset=-32490518ns
23:27:33 sim8 id=8 sync offset=294120ns
23:27:33 sim9 id=9 sync offset=15159096ns
23:27:33 sim10 id=10 sync offset=-31938276ns
23:27:33 sim11 id=11 sync offset=-11074171ns
23:27:33 sim12 id=12 sync offset=-29822748ns
23:27:33 sim13 id=13 sync offset=21032557ns
23:27:33 sim14 id=14 sync offset=-31805969ns
23:27:33 sim15 id=15 sync offset=33354081ns
23:27:33 sim16 id=16 sync offset=-25580160ns
23:27:33 sim17 id=17 sync offset=-12071979ns
23:27:33 sim18 id=18 sync offset=-27944865ns
23:27:33 sim19 id=19 sync offset=-3815677ns
23:27:33 sim20 id=20 sync offset=16215251ns
23:27:33 sim21 id=21 sync offset=38868399ns
23:27:33 sim22 id=22 sync offset=-2347098ns
23:27:33 sim23 id=23 sync offset=-5665771ns
23:27:33 sim24 id=24 sync offset=7173674ns
23:27:33 sim25 id=25 sync offset=36050120ns
23:27:33 sim26 id=26 sync offset=-17775055ns
23:27:33 sim27 id=27 sync offset=27606860ns
23:27:33 sim28 id=28 sync offset=-38756485ns
23:27:33 sim29 id=29 sync offset=19878541ns
23:27:33 sim30 id=30 sync offset=-27744198ns
23:27:33 sim31 id=31 sync offset=-1899944ns
23:27:33 sim32 id=32 sync offset=28455978ns
23:27:33 sim33 id=33 sync offset=-16530110ns
23:27:33 sim34 id=34 sync offset=24743810ns
23:27:33 sim35 id=35 sync offset=21152151ns
23:27:33 sim36 id=36 sync offset=-1743033ns
23:27:33 sim37 id=37 sync offset=-12173984ns
23:27:33 sim38 id=38 sync offset=13314382ns
23:27:33 sim39 id=39 sync offset=-5259821ns
23:27:33 sim40 id=40 sync offset=-18212327ns
23:27:33 sim41 id=41 sync offset=-27164101ns
23:27:33 sim42 id=42 sync offset=37125004ns
23:27:33 sim43 id=43 sync offset=8864580ns
23:27:33 sim44 id=44 sync offset=-36308390ns
23:27:33 sim45 id=45 sync offset=-34115893ns
23:27:33 sim46 id=46 sync offset=-21651255ns
23:27:33 sim47 id=47 sync offset=-10722854ns
23:27:33 sim48 id=48 sync offset=-556766ns
23:27:33 sim49 id=49 sync offset=-11413991ns
23:27:33 sim50 id=50 sync offset=-34779236ns
23:27:33 sim1 id=1 sync offset=39667304ns
23:27:33 sim2 id=2 sync offset=-15715972ns
23:27:33 sim3 id=3 sync offset=26686816ns
23:27:33 sim4 id=4 sync offset=34389759ns
23:27:33 sim5 id=5 sync offset=7714896ns
23:27:33 sim6 id=6 sync offset=-19171532ns
23:27:33 sim7 id=7 sync offset=-32491019ns
23:27:33 sim8 id=8 sync offset=289829ns
23:27:33 sim9 id=9 sync offset=15154617ns
23:27:33 sim10 id=10 sync offset=-31946922ns
23:27:33 sim11 id=11 sync offset=-11085681ns
23:27:33 sim12 id=12 sync offset=-29838769ns
23:27:33 sim13 id=13 sync offset=21011391ns
23:27:33 sim14 id=14 sync offset=-31805969ns
23:27:33 sim15 id=15 sync offset=33352477ns
23:27:33 sim16 id=16 sync offset=-25580743ns
23:27:33 sim17 id=17 sync offset=-12071979ns
23:27:33 sim18 id=18 sync offset=-27944865ns
23:27:33 sim19 id=19 sync offset=-3815677ns
23:27:33 sim20 id=20 sync offset=16215251ns
23:27:33 sim21 id=21 sync offset=38868399ns
23:27:33 sim22 id=22 sync offset=-2347098ns
23:27:33 sim23 id=23 sync offset=-5665771ns
23:27:33 sim24 id=24 sync offset=7173674ns
23:27:33 sim25 id=25 sync offset=36050120ns
23:27:33 sim26 id=26 sync offset=-17775055ns
23:27:33 sim27 id=27 sync offset=27606860ns
23:27:33 sim28 id=28 sync offset=-38756485ns
23:27:33 sim29 id=29 sync offset=19878541ns
23:27:33 sim30 id=30 sync offset=-27744198ns
23:27:33 sim31 id=31 sync offset=-1899944ns
23:27:33 sim32 id=32 sync offset=28455978ns
23:27:33 sim33 id=33 sync offset=-16530110ns
23:27:33 sim34 id=34 sync offset=24743810ns
23:27:33 sim35 id=35 sync offset=21152151ns
23:27:33 sim36 id=36 sync offset=-1743033ns
23:27:33 sim37 id=37 sync offset=-12173984ns
23:27:33 sim38 id=38 sync offset=13314341ns
23:27:33 sim39 id=39 sync offset=-5259863ns
23:27:33 sim40 id=40 sync offset=-18218286ns
23:27:33 sim41 id=41 sync offset=-27167560ns
23:27:33 sim42 id=42 sync offset=37118253ns
23:27:33 sim43 id=43 sync offset=8854497ns
23:27:33 sim44 id=44 sync offset=-36324390ns
23:27:33 sim45 id=45 sync offset=-34143142ns
23:27:33 sim46 id=46 sync offset=-21670922ns
23:27:33 sim47 id=47 sync offset=-10735729ns
23:27:33 sim48 id=48 sync offset=-562225ns
23:27:33 sim49 id=49 sync offset=-11415949ns
23:27:33 sim50 id=50 sync offset=-34780153ns
23:27:34 sim1 id=1 sync offset=39667304ns
23:27:34 sim2 id=2 sync offset=-15715357ns
23:27:34 sim3 id=3 sync offset=26687337ns
23:27:34 sim4 id=4 sync offset=34389759ns
23:27:34 sim5 id=5 sync offset=7715740ns
23:27:34 sim6 id=6 sync offset=-19169594ns
23:27:34 sim7 id=7 sync offset=-32490768ns
23:27:34 sim8 id=8 sync offset=291974ns
23:27:34 sim9 id=9 sync offset=15156856ns
23:27:34 sim10 id=10 sync offset=-31946922ns
23:27:34 sim11 id=11 sync offset=-11085681ns
23:27:34 sim12 id=12 sync offset=-29838769ns
23:27:34 sim13 id=13 sync offset=21011391ns
23:27:34 sim14 id=14 sync offset=-31805969ns
23:27:34 sim15 id=15 sync offset=33352477ns
23:27:34 sim16 id=16 sync offset=-25580743ns
23:27:34 sim17 id=17 sync offset=-12071979ns
23:27:34 sim18 id=18 sync offset=-27944865ns
23:27:34 sim19 id=19 sync offset=-3815677ns
23:27:34 sim20 id=20 sync offset=16215251ns
23:27:34 sim21 id=21 sync offset=38868399ns
23:27:34 sim22 id=22 sync offset=-2347098ns
23:27:34 sim23 id=23 sync offset=-5665771ns
23:27:34 sim24 id=24 sync offset=7173674ns
23:27:34 sim25 id=25 sync offset=36050120ns
23:27:34 sim26 id=26 sync offset=-17775055ns
23:27:34 sim27 id=27 sync offset=27606860ns
23:27:34 sim28 id=28 sync offset=-38756485ns
23:27:34 sim29 id=29 sync offset=19878541ns
23:27:34 sim30 id=30 sync offset=-27744198ns
23:27:34 sim31 id=31 sync offset=-1899944ns
23:27:34 sim32 id=32 sync offset=28455978ns
23:27:34 sim33 id=33 sync offset=-16530110ns
23:27:34 sim34 id=34 sync offset=24743810ns
23:27:34 sim35 id=35 sync offset=21152151ns
23:27:34 sim36 id=36 sync offset=-1743033ns
23:27:34 sim37 id=37 sync offset=-12173984ns
23:27:34 sim38 id=38 sync offset=13314341ns
23:27:34 sim39 id=39 sync offset=-5259863ns
23:27:34 sim40 id=40 sync offset=-18218286ns
23:27:34 sim41 id=41 sync offset=-27167560ns
23:27:34 sim42 id=42 sync offset=37122483ns
23:27:34 sim43 id=43 sync offset=8859538ns
23:27:34 sim44 id=44 sync offset=-36316390ns
23:27:34 sim45 id=45 sync offset=-34129517ns
23:27:34 sim46 id=46 sync offset=-21661088ns
23:27:34 sim47 id=47 sync offset=-10729291ns
23:27:34 sim48 id=48 sync offset=-559495ns
23:27:34 sim49 id=49 sync offset=-11414970ns
23:27:34 sim50 id=50 sync offset=-34779694ns
23:27:34 sim1 id=1 sync offset=39667169ns
23:27:34 sim2 id=2 sync offset=-15715972ns
23:27:34 sim3 id=3 sync offset=26686816ns
23:27:34 sim4 id=4 sync offset=34389759ns
23:27:34 sim5 id=5 sync offset=7715740ns
23:27:34 sim6 id=6 sync offset=-19167657ns
23:27:34 sim7 id=7 sync offset=-32490518ns
23:27:34 sim8 id=8 sync offset=294120ns
23:27:34 sim9 id=9 sync offset=15159096ns
23:27:34 sim10 id=10 sync offset=-31940912ns
23:27:34 sim11 id=11 sync offset=-11076734ns
23:27:34 sim12 id=12 sync offset=-29830842ns
23:27:34 sim13 id=13 sync offset=21024494ns
23:27:34 sim14 id=14 sync offset=-31799459ns
23:27:34 sim15 id=15 sync offset=33359811ns
23:27:34 sim16 id=16 sync offset=-25574150ns
23:27:34 sim17 id=17 sync offset=-12060709ns
23:27:34 sim18 id=18 sync offset=-27940897ns
23:27:34 sim19 id=19 sync offset=-3813490ns
23:27:34 sim20 id=20 sync offset=16217855ns
23:27:34 sim21 id=21 sync offset=38873586ns
23:27:34 sim22 id=22 sync offset=-2341307ns
23:27:34 sim23 id=23 sync offset=-5659855ns
23:27:34 sim24 id=24 sync offset=7179831ns
23:27:34 sim25 id=25 sync offset=36055339ns
23:27:34 sim26 id=26 sync offset=-17772149ns
23:27:34 sim27 id=27 sync offset=27606860ns
23:27:34 sim28 id=28 sync offset=-38756485ns
23:27:34 sim29 id=29 sync offset=19878541ns
23:27:34 sim30 id=30 sync offset=-27744198ns
23:27:34 sim31 id=31 sync offset=-1899944ns
23:27:34 sim32 id=32 sync offset=28455978ns
23:27:34 sim33 id=33 sync offset=-16530110ns
23:27:34 sim34 id=34 sync offset=24743810ns
23:27:34 sim35 id=35 sync offset=21138797ns
23:27:34 sim36 id=36 sync offset=-1744241ns
23:27:34 sim37 id=37 sync offset=-12182015ns
23:27:34 sim38 id=38 sync offset=13313267ns
23:27:34 sim39 id=39 sync offset=-5267290ns
23:27:34 sim40 id=40 sync offset=-18225379ns
23:27:34 sim41 id=41 sync offset=-27173966ns
23:27:34 sim42 id=42 sync offset=37118253ns
23:27:34 sim43 id=43 sync offset=8854497ns
23:27:34 sim44 id=44 sync offset=-36324390ns
23:27:34 sim45 id=45 sync offset=-34143142ns
23:27:34 sim46 id=46 sync offset=-21670922ns
23:27:34 sim47 id=47 sync offset=-10735729ns
23:27:34 sim48 id=48 sync offset=-562225ns
23:27:34 sim49 id=49 sync offset=-11415949ns
23:27:34 sim50 id=50 sync offset=-34780153ns
23:27:35 sim1 id=1 sync offset=39667377ns
23:27:35 sim2 id=2 sync offset=-15715357ns
23:27:35 sim3 id=3 sync offset=26691909ns
23:27:35 sim4 id=4 sync offset=34389821ns
23:27:35 sim5 id=5 sync offset=7720698ns
23:27:35 sim6 id=6 sync offset=-19169594ns
23:27:35 sim7 id=7 sync offset=-32490768ns
23:27:35 sim8 id=8 sync offset=291974ns
23:27:35 sim9 id=9 sync offset=15156856ns
23:27:35 sim10 id=10 sync offset=-31946922ns
23:27:35 sim11 id=11 sync offset=-11085681ns
23:27:35 sim12 id=12 sync offset=-29838769ns
23:27:35 sim13 id=13 sync offset=21011391ns
23:27:35 sim14 id=14 sync offset=-31805969ns
23:27:35 sim15 id=15 sync offset=33352477ns
23:27:35 sim16 id=16 sync offset=-25580743ns
23:27:35 sim17 id=17 sync offset=-12071646ns
23:27:35 sim18 id=18 sync offset=-27938834ns
23:27:35 sim19 id=19 sync offset=-3815677ns
23:27:35 sim20 id=20 sync offset=16215251ns
23:27:35 sim21 id=21 sync offset=38873159ns
23:27:35 sim22 id=22 sync offset=-2342182ns
23:27:35 sim23 id=23 sync offset=-5661844ns
23:27:35 sim24 id=24 sync offset=7173987ns
23:27:35 sim25 id=25 sync offset=36056996ns
23:27:35 sim26 id=26 sync offset=-17770253ns
23:27:35 sim27 id=27 sync offset=27607547ns
23:27:35 sim28 id=28 sync offset=-38751548ns
23:27:35 sim29 id=29 sync offset=19884114ns
23:27:35 sim30 id=30 sync offset=-27737833ns
23:27:35 sim31 id=31 sync offset=-1891705ns
23:27:35 sim32 id=32 sync offset=28465718ns
23:27:35 sim33 id=33 sync offset=-16520173ns
23:27:35 sim34 id=34 sync offset=24756279ns
23:27:35 sim35 id=35 sync offset=21152151ns
23:27:35 sim36 id=36 sync offset=-1743033ns
23:27:35 sim37 id=37 sync offset=-12182015ns
23:27:35 sim38 id=38 sync offset=13313267ns
23:27:35 sim39 id=39 sync offset=-5267290ns
23:27:35 sim40 id=40 sync offset=-18225379ns
23:27:35 sim41 id=41 sync offset=-27173966ns
23:27:35 sim42 id=42 sync offset=37118253ns
23:27:35 sim43 id=43 sync offset=8854497ns
23:27:35 sim44 id=44 sync offset=-36324390ns
23:27:35 sim45 id=45 sync offset=-34143142ns
23:27:35 sim46 id=46 sync offset=-21670922ns
23:27:35 sim47 id=47 sync offset=-10735729ns
23:27:35 sim48 id=48 sync offset=-562225ns
23:27:35 sim49 id=49 sync offset=-11421490ns
23:27:35 sim50 id=50 sync offset=-34786299ns
23:27:35 sim1 id=1 sync offset=39667377ns
23:27:35 sim2 id=2 sync offset=-15714742ns
23:27:35 sim3 id=3 sync offset=26691909ns
23:27:35 sim4 id=4 sync offset=34388030ns
23:27:35 sim5 id=5 sync offset=7720698ns
23:27:35 sim6 id=6 sync offset=-19169594ns
23:27:35 sim7 id=7 sync offset=-32490768ns
23:27:35 sim8 id=8 sync offset=291974ns
23:27:35 sim9 id=9 sync offset=15156856ns
23:27:35 sim10 id=10 sync offset=-31946922ns
23:27:35 sim11 id=11 sync offset=-11085681ns
23:27:35 sim12 id=12 sync offset=-29838769ns
23:27:35 sim13 id=13 sync offset=21011391ns
23:27:35 sim14 id=14 sync offset=-31805969ns
23:27:35 sim15 id=15 sync offset=33352477ns
23:27:35 sim16 id=16 sync offset=-25580743ns
23:27:35 sim17 id=17 sync offset=-12071646ns
23:27:35 sim18 id=18 sync offset=-27938834ns
23:27:35 sim19 id=19 sync offset=-3815677ns
23:27:35 sim20 id=20 sync offset=16215251ns
23:27:35 sim21 id=21 sync offset=38873159ns
23:27:35 sim22 id=22 sync offset=-2342182ns
23:27:35 sim23 id=23 sync offset=-5661844ns
23:27:35 sim24 id=24 sync offset=7173987ns
23:27:35 sim25 id=25 sync offset=36056996ns
23:27:35 sim26 id=26 sync offset=-17770253ns
23:27:35 sim27 id=27 sync offset=27607547ns
23:27:35 sim28 id=28 sync offset=-38751548ns
23:27:35 sim29 id=29 sync offset=19884114ns
23:27:35 sim30 id=30 sync offset=-27737833ns
23:27:35 sim31 id=31 sync offset=-1891705ns
23:27:35 sim32 id=32 sync offset=28465718ns
23:27:35 sim33 id=33 sync offset=-16520173ns
23:27:35 sim34 id=34 sync offset=24757956ns
23:27:35 sim35 id=35 sync offset=21152151ns
23:27:35 sim36 id=36 sync offset=-1743033ns
23:27:35 sim37 id=37 sync offset=-12182015ns
23:27:35 sim38 id=38 sync offset=13313267ns
23:27:35 sim39 id=39 sync offset=-5267290ns
23:27:35 sim40 id=40 sync offset=-18225379ns
23:27:35 sim41 id=41 sync offset=-27173966ns
23:27:35 sim42 id=42 sync offset=37118253ns
23:27:35 sim43 id=43 sync offset=8854497ns
23:27:35 sim44 id=44 sync offset=-36308390ns
23:27:35 sim45 id=45 sync offset=-34115893ns
23:27:35 sim46 id=46 sync offset=-21651255ns
23:27:35 sim47 id=47 sync offset=-10722854ns
23:27:35 sim48 id=48 sync offset=-556766ns
23:27:35 sim49 id=49 sync offset=-11421490ns
23:27:35 sim50 id=50 sync offset=-34786299ns
23:27:36 sim1 id=1 sync offset=39669460ns
23:27:36 sim2 id=2 sync offset=-15707139ns
23:27:36 sim3 id=3 sync offset=26701972ns
23:27:36 sim4 id=4 sync offset=34390071ns
23:27:36 sim5 id=5 sync offset=7725656ns
23:27:36 sim6 id=6 sync offset=-19162844ns
23:27:36 sim7 id=7 sync offset=-32489685ns
23:27:36 sim8 id=8 sync offset=291974ns
23:27:36 sim9 id=9 sync offset=15156856ns
23:27:36 sim10 id=10 sync offset=-31944287ns
23:27:36 sim11 id=11 sync offset=-11083119ns
23:27:36 sim12 id=12 sync offset=-29821404ns
23:27:36 sim13 id=13 sync offset=21026120ns
23:27:36 sim14 id=14 sync offset=-31802136ns
23:27:36 sim15 id=15 sync offset=33360675ns
23:27:36 sim16 id=16 sync offset=-25574150ns
23:27:36 sim17 id=17 sync offset=-12055125ns
23:27:36 sim18 id=18 sync offset=-27938219ns
23:27:36 sim19 id=19 sync offset=-3807708ns
23:27:36 sim20 id=20 sync offset=16227969ns
23:27:36 sim21 id=21 sync offset=38885524ns
23:27:36 sim22 id=22 sync offset=-2328203ns
23:27:36 sim23 id=23 sync offset=-5652001ns
23:27:36 sim24 id=24 sync offset=7173205ns
23:27:36 sim25 id=25 sync offset=36044902ns
23:27:36 sim26 id=26 sync offset=-17773160ns
23:27:36 sim27 id=27 sync offset=27599662ns
23:27:36 sim28 id=28 sync offset=-38765610ns
23:27:36 sim29 id=29 sync offset=19875417ns
23:27:36 sim30 id=30 sync offset=-27754031ns
23:27:36 sim31 id=31 sync offset=-1924330ns
23:27:36 sim32 id=32 sync offset=28439394ns
23:27:36 sim33 id=33 sync offset=-16551235ns
23:27:36 sim34 id=34 sync offset=24729165ns
23:27:36 sim35 id=35 sync offset=21136578ns
23:27:36 sim36 id=36 sync offset=-1761835ns
23:27:36 sim37 id=37 sync offset=-12199266ns
23:27:36 sim38 id=38 sync offset=13299215ns
23:27:36 sim39 id=39 sync offset=-5273550ns
23:27:36 sim40 id=40 sync offset=-18230536ns
23:27:36 sim41 id=41 sync offset=-27181831ns
23:27:36 sim42 id=42 sync offset=37094045ns
23:27:36 sim43 id=43 sync offset=8797268ns
23:27:36 sim44 id=44 sync offset=-36389807ns
23:27:36 sim45 id=45 sync offset=-34201580ns
23:27:36 sim46 id=46 sync offset=-21742693ns
23:27:36 sim47 id=47 sync offset=-10795333ns
23:27:36 sim48 id=48 sync offset=-616162ns
23:27:36 sim49 id=49 sync offset=-11440199ns
23:27:36 sim50 id=50 sync offset=-34812132ns
23:27:36 sim1 id=1 sync offset=39669460ns
23:27:36 sim2 id=2 sync offset=-15707139ns
23:27:36 sim3 id=3 sync offset=26701972ns
23:27:36 sim4 id=4 sync offset=34390071ns
23:27:36 sim5 id=5 sync offset=7723135ns
23:27:36 sim6 id=6 sync offset=-19167657ns
23:27:36 sim7 id=7 sync offset=-32489685ns
23:27:36 sim8 id=8 sync offset=291974ns
23:27:36 sim9 id=9 sync offset=15156856ns
23:27:36 sim10 id=10 sync offset=-31944287ns
23:27:36 sim11 id=11 sync offset=-11083119ns
23:27:36 sim12 id=12 sync offset=-29834050ns
23:27:36 sim13 id=13 sync offset=21018286ns
23:27:36 sim14 id=14 sync offset=-31804052ns
23:27:36 sim15 id=15 sync offset=33360675ns
23:27:36 sim16 id=16 sync offset=-25574150ns
23:27:36 sim17 id=17 sync offset=-12055125ns
23:27:36 sim18 id=18 sync offset=-27939668ns
23:27:36 sim19 id=19 sync offset=-3813490ns
23:27:36 sim20 id=20 sync offset=16217855ns
23:27:36 sim21 id=21 sync offset=38883107ns
23:27:36 sim22 id=22 sync offset=-2331474ns
23:27:36 sim23 id=23 sync offset=-5667084ns
23:27:36 sim24 id=24 sync offset=7165861ns
23:27:36 sim25 id=25 sync offset=36039631ns
23:27:36 sim26 id=26 sync offset=-17791357ns
23:27:36 sim27 id=27 sync offset=27589142ns
23:27:36 sim28 id=28 sync offset=-38777027ns
23:27:36 sim29 id=29 sync offset=19856937ns
23:27:36 sim30 id=30 sync offset=-27767301ns
23:27:36 sim31 id=31 sync offset=-1936560ns
23:27:36 sim32 id=32 sync offset=28425426ns
23:27:36 sim33 id=33 sync offset=-16568319ns
23:27:36 sim34 id=34 sync offset=24712373ns
23:27:36 sim35 id=35 sync offset=21105224ns
23:27:36 sim36 id=36 sync offset=-1795220ns
23:27:36 sim37 id=37 sync offset=-12230495ns
23:27:36 sim38 id=38 sync offset=13264913ns
23:27:36 sim39 id=39 sync offset=-5307779ns
23:27:36 sim40 id=40 sync offset=-18258577ns
23:27:36 sim41 id=41 sync offset=-27212008ns
23:27:36 sim42 id=42 sync offset=37043649ns
23:27:36 sim43 id=43 sync offset=8775829ns
23:27:36 sim44 id=44 sync offset=-36391578ns
23:27:36 sim45 id=45 sync offset=-34204830ns
23:27:36 sim46 id=46 sync offset=-21743568ns
23:27:36 sim47 id=47 sync offset=-10800646ns
23:27:36 sim48 id=48 sync offset=-616516ns
23:27:36 sim49 id=49 sync offset=-11466990ns
23:27:36 sim50 id=50 sync offset=-34827132ns
23:27:37 sim1 id=1 sync offset=39672950ns
23:27:37 sim2 id=2 sync offset=-15707139ns
23:27:37 sim3 id=3 sync offset=26701972ns
23:27:37 sim4 id=4 sync offset=34390071ns
23:27:37 sim5 id=5 sync offset=7723135ns
23:27:37 sim6 id=6 sync offset=-19167615ns
23:27:37 sim7 id=7 sync offset=-32490518ns
23:27:37 sim8 id=8 sync offset=291963ns
23:27:37 sim9 id=9 sync offset=15147596ns
23:27:37 sim10 id=10 sync offset=-31956224ns
23:27:37 sim11 id=11 sync offset=-11083119ns
23:27:37 sim12 id=12 sync offset=-29834050ns
23:27:37 sim13 id=13 sync offset=21018286ns
23:27:37 sim14 id=14 sync offset=-31804052ns
23:27:37 sim15 id=15 sync offset=33360675ns
23:27:37 sim16 id=16 sync offset=-25574150ns
23:27:37 sim17 id=17 sync offset=-12055125ns
23:27:37 sim18 id=18 sync offset=-27939668ns
23:27:37 sim19 id=19 sync offset=-3813490ns
23:27:37 sim20 id=20 sync offset=16217855ns
23:27:37 sim21 id=21 sync offset=38883107ns
23:27:37 sim22 id=22 sync offset=-2348557ns
23:27:37 sim23 id=23 sync offset=-5667084ns
23:27:37 sim24 id=24 sync offset=7165861ns
23:27:37 sim25 id=25 sync offset=36033318ns
23:27:37 sim26 id=26 sync offset=-17807347ns
23:27:37 sim27 id=27 sync offset=27567381ns
23:27:37 sim28 id=28 sync offset=-38788631ns
23:27:37 sim29 id=29 sync offset=19845937ns
23:27:37 sim30 id=30 sync offset=-27775406ns
23:27:37 sim31 id=31 sync offset=-1959684ns
23:27:37 sim32 id=32 sync offset=28392989ns
23:27:37 sim33 id=33 sync offset=-16593652ns
23:27:37 sim34 id=34 sync offset=24686748ns
23:27:37 sim35 id=35 sync offset=21080172ns
23:27:37 sim36 id=36 sync offset=-1812064ns
23:27:37 sim37 id=37 sync offset=-12260005ns
23:27:37 sim38 id=38 sync offset=13238945ns
23:27:37 sim39 id=39 sync offset=-5343238ns
23:27:37 sim40 id=40 sync offset=-18299099ns
23:27:37 sim41 id=41 sync offset=-27252060ns
23:27:37 sim42 id=42 sync offset=37038754ns
23:27:37 sim43 id=43 sync offset=8774976ns
23:27:37 sim44 id=44 sync offset=-36394494ns
23:27:37 sim45 id=45 sync offset=-34208455ns
23:27:37 sim46 id=46 sync offset=-21744360ns
23:27:37 sim47 id=47 sync offset=-10803146ns
23:27:37 sim48 id=48 sync offset=-618849ns
23:27:37 sim49 id=49 sync offset=-11467084ns
23:27:37 sim50 id=50 sync offset=-34832351ns
23:27:37 sim1 id=1 sync offset=39672950ns
23:27:37 sim2 id=2 sync offset=-15707139ns
23:27:37 sim3 id=3 sync offset=26701972ns
23:27:37 sim4 id=4 sync offset=34390071ns
23:27:37 sim5 id=5 sync offset=7723135ns
23:27:37 sim6 id=6 sync offset=-19167615ns
23:27:37 sim7 id=7 sync offset=-32491852ns
23:27:37 sim8 id=8 sync offset=289620ns
23:27:37 sim9 id=9 sync offset=15140523ns
23:27:37 sim10 id=10 sync offset=-31956672ns
23:27:37 sim11 id=11 sync offset=-11094629ns
23:27:37 sim12 id=12 sync offset=-29846696ns
23:27:37 sim13 id=13 sync offset=21010453ns
23:27:37 sim14 id=14 sync offset=-31805969ns
23:27:37 sim15 id=15 sync offset=33359811ns
23:27:37 sim16 id=16 sync offset=-25584431ns
23:27:37 sim17 id=17 sync offset=-12060042ns
23:27:37 sim18 id=18 sync offset=-27940282ns
23:27:37 sim19 id=19 sync offset=-3807708ns
23:27:37 sim20 id=20 sync offset=16227969ns
23:27:37 sim21 id=21 sync offset=38885524ns
23:27:37 sim22 id=22 sync offset=-2331474ns
23:27:37 sim23 id=23 sync offset=-5652001ns
23:27:37 sim24 id=24 sync offset=7173205ns
23:27:37 sim25 id=25 sync offset=36034360ns
23:27:37 sim26 id=26 sync offset=-17804753ns
23:27:37 sim27 id=27 sync offset=27579235ns
23:27:37 sim28 id=28 sync offset=-38777120ns
23:27:37 sim29 id=29 sync offset=19860677ns
23:27:37 sim30 id=30 sync offset=-27764718ns
23:27:37 sim31 id=31 sync offset=-1948122ns
23:27:37 sim32 id=32 sync offset=28405645ns
23:27:37 sim33 id=33 sync offset=-16593652ns
23:27:37 sim34 id=34 sync offset=24686748ns
23:27:37 sim35 id=35 sync offset=21084807ns
23:27:37 sim36 id=36 sync offset=-1809804ns
23:27:37 sim37 id=37 sync offset=-12256255ns
23:27:37 sim38 id=38 sync offset=13241267ns
23:27:37 sim39 id=39 sync offset=-5335779ns
23:27:37 sim40 id=40 sync offset=-18286734ns
23:27:37 sim41 id=41 sync offset=-27247372ns
23:27:37 sim42 id=42 sync offset=37038754ns
23:27:37 sim43 id=43 sync offset=8774976ns
23:27:37 sim44 id=44 sync offset=-36394494ns
23:27:37 sim45 id=45 sync offset=-34208455ns
23:27:37 sim46 id=46 sync offset=-21744360ns
23:27:37 sim47 id=47 sync offset=-10799239ns
23:27:37 sim48 id=48 sync offset=-616516ns
23:27:37 sim49 id=49 sync offset=-11466990ns
23:27:37 sim50 id=50 sync offset=-34831445ns
23:27:38 sim1 id=1 sync offset=39674398ns
23:27:38 sim2 id=2 sync offset=-15705514ns
23:27:38 sim3 id=3 sync offset=26701931ns
23:27:38 sim4 id=4 sync offset=34390071ns
23:27:38 sim5 id=5 sync offset=7724395ns
23:27:38 sim6 id=6 sync offset=-19162823ns
23:27:38 sim7 id=7 sync offset=-32491185ns
23:27:38 sim8 id=8 sync offset=289807ns
23:27:38 sim9 id=9 sync offset=15142909ns
23:27:38 sim10 id=10 sync offset=-31956224ns
23:27:38 sim11 id=11 sync offset=-11083119ns
23:27:38 sim12 id=12 sync offset=-29834050ns
23:27:38 sim13 id=13 sync offset=21018286ns
23:27:38 sim14 id=14 sync offset=-31804052ns
23:27:38 sim15 id=15 sync offset=33360675ns
23:27:38 sim16 id=16 sync offset=-25574150ns
23:27:38 sim17 id=17 sync offset=-12062896ns
23:27:38 sim18 id=18 sync offset=-27940897ns
23:27:38 sim19 id=19 sync offset=-3813490ns
23:27:38 sim20 id=20 sync offset=16217855ns
23:27:38 sim21 id=21 sync offset=38883107ns
23:27:38 sim22 id=22 sync offset=-2331474ns
23:27:38 sim23 id=23 sync offset=-5652001ns
23:27:38 sim24 id=24 sync offset=7173205ns
23:27:38 sim25 id=25 sync offset=36032277ns
23:27:38 sim26 id=26 sync offset=-17809941ns
23:27:38 sim27 id=27 sync offset=27556131ns
23:27:38 sim28 id=28 sync offset=-38800204ns
23:27:38 sim29 id=29 sync offset=19833906ns
23:27:38 sim30 id=30 sync offset=-27788031ns
23:27:38 sim31 id=31 sync offset=-1949549ns
23:27:38 sim32 id=32 sync offset=28405645ns
23:27:38 sim33 id=33 sync offset=-16593652ns
23:27:38 sim34 id=34 sync offset=24686748ns
23:27:38 sim35 id=35 sync offset=21084807ns
23:27:38 sim36 id=36 sync offset=-1812064ns
23:27:38 sim37 id=37 sync offset=-12256255ns
23:27:38 sim38 id=38 sync offset=13241267ns
23:27:38 sim39 id=39 sync offset=-5335779ns
23:27:38 sim40 id=40 sync offset=-18286734ns
23:27:38 sim41 id=41 sync offset=-27247372ns
23:27:38 sim42 id=42 sync offset=37038754ns
23:27:38 sim43 id=43 sync offset=8774976ns
23:27:38 sim44 id=44 sync offset=-36394494ns
23:27:38 sim45 id=45 sync offset=-34208455ns
23:27:38 sim46 id=46 sync offset=-21744360ns
23:27:38 sim47 id=47 sync offset=-10803958ns
23:27:38 sim48 id=48 sync offset=-616516ns
23:27:38 sim49 id=49 sync offset=-11467178ns
23:27:38 sim50 id=50 sync offset=-34833258ns
23:27:38 sim1 id=1 sync offset=39675606ns
23:27:38 sim2 id=2 sync offset=-15703847ns
23:27:38 sim3 id=3 sync offset=26701931ns
23:27:38 sim4 id=4 sync offset=34390071ns
23:27:38 sim5 id=5 sync offset=7724395ns
23:27:38 sim6 id=6 sync offset=-19160282ns
23:27:38 sim7 id=7 sync offset=-32489685ns
23:27:38 sim8 id=8 sync offset=294120ns
23:27:38 sim9 id=9 sync offset=15146992ns
23:27:38 sim10 id=10 sync offset=-31956224ns
23:27:38 sim11 id=11 sync offset=-11083119ns
23:27:38 sim12 id=12 sync offset=-29834914ns
23:27:38 sim13 id=13 sync offset=21012807ns
23:27:38 sim14 id=14 sync offset=-31816198ns
23:27:38 sim15 id=15 sync offset=33353342ns
23:27:38 sim16 id=16 sync offset=-25574150ns
23:27:38 sim17 id=17 sync offset=-12062896ns
23:27:38 sim18 id=18 sync offset=-27958000ns
23:27:38 sim19 id=19 sync offset=-3824969ns
23:27:38 sim20 id=20 sync offset=16215646ns
23:27:38 sim21 id=21 sync offset=38860690ns
23:27:38 sim22 id=22 sync offset=-2359098ns
23:27:38 sim23 id=23 sync offset=-5663210ns
23:27:38 sim24 id=24 sync offset=7155247ns
23:27:38 sim25 id=25 sync offset=36026840ns
23:27:38 sim26 id=26 sync offset=-17815045ns
23:27:38 sim27 id=27 sync offset=27553121ns
23:27:38 sim28 id=28 sync offset=-38802558ns
23:27:38 sim29 id=29 sync offset=19833906ns
23:27:38 sim30 id=30 sync offset=-27788031ns
23:27:38 sim31 id=31 sync offset=-1949549ns
23:27:38 sim32 id=32 sync offset=28405645ns
23:27:38 sim33 id=33 sync offset=-16593652ns
23:27:38 sim34 id=34 sync offset=24686748ns
23:27:38 sim35 id=35 sync offset=21084807ns
23:27:38 sim36 id=36 sync offset=-1812064ns
23:27:38 sim37 id=37 sync offset=-12256255ns
23:27:38 sim38 id=38 sync offset=13241267ns
23:27:38 sim39 id=39 sync offset=-5335779ns
23:27:38 sim40 id=40 sync offset=-18286734ns
23:27:38 sim41 id=41 sync offset=-27247372ns
23:27:38 sim42 id=42 sync offset=37038754ns
23:27:38 sim43 id=43 sync offset=8774976ns
23:27:38 sim44 id=44 sync offset=-36394494ns
23:27:38 sim45 id=45 sync offset=-34208455ns
23:27:38 sim46 id=46 sync offset=-21744360ns
23:27:38 sim47 id=47 sync offset=-10803958ns
23:27:38 sim48 id=48 sync offset=-616516ns
23:27:38 sim49 id=49 sync offset=-11467178ns
23:27:38 sim50 id=50 sync offset=-34833258ns
23:27:39 sim1 id=1 sync offset=39675356ns
23:27:39 sim2 id=2 sync offset=-15702294ns
23:27:39 sim3 id=3 sync offset=26701962ns
23:27:39 sim4 id=4 sync offset=34390384ns
23:27:39 sim5 id=5 sync offset=7725656ns
23:27:39 sim6 id=6 sync offset=-19158032ns
23:27:39 sim7 id=7 sync offset=-32490518ns
23:27:39 sim8 id=8 sync offset=296578ns
23:27:39 sim9 id=9 sync offset=15142564ns
23:27:39 sim10 id=10 sync offset=-31956672ns
23:27:39 sim11 id=11 sync offset=-11094629ns
23:27:39 sim12 id=12 sync offset=-29834914ns
23:27:39 sim13 id=13 sync offset=21012807ns
23:27:39 sim14 id=14 sync offset=-31830928ns
23:27:39 sim15 id=15 sync offset=33345144ns
23:27:39 sim16 id=16 sync offset=-25587004ns
23:27:39 sim17 id=17 sync offset=-12065750ns
23:27:39 sim18 id=18 sync offset=-27958000ns
23:27:39 sim19 id=19 sync offset=-3824969ns
23:27:39 sim20 id=20 sync offset=16215646ns
23:27:39 sim21 id=21 sync offset=38849482ns
23:27:39 sim22 id=22 sync offset=-2367827ns
23:27:39 sim23 id=23 sync offset=-5677543ns
23:27:39 sim24 id=24 sync offset=7155247ns
23:27:39 sim25 id=25 sync offset=36026840ns
23:27:39 sim26 id=26 sync offset=-17815045ns
23:27:39 sim27 id=27 sync offset=27561361ns
23:27:39 sim28 id=28 sync offset=-38793340ns
23:27:39 sim29 id=29 sync offset=19845937ns
23:27:39 sim30 id=30 sync offset=-27775406ns
23:27:39 sim31 id=31 sync offset=-1936560ns
23:27:39 sim32 id=32 sync offset=28418301ns
23:27:39 sim33 id=33 sync offset=-16568319ns
23:27:39 sim34 id=34 sync offset=24712373ns
23:27:39 sim35 id=35 sync offset=21089443ns
23:27:39 sim36 id=36 sync offset=-1809804ns
23:27:39 sim37 id=37 sync offset=-12252505ns
23:27:39 sim38 id=38 sync offset=13241267ns
23:27:39 sim39 id=39 sync offset=-5335779ns
23:27:39 sim40 id=40 sync offset=-18286734ns
23:27:39 sim41 id=41 sync offset=-27247372ns
23:27:39 sim42 id=42 sync offset=37041201ns
23:27:39 sim43 id=43 sync offset=8774976ns
23:27:39 sim44 id=44 sync offset=-36394494ns
23:27:39 sim45 id=45 sync offset=-34208455ns
23:27:39 sim46 id=46 sync offset=-21744360ns
23:27:39 sim47 id=47 sync offset=-10804770ns
23:27:39 sim48 id=48 sync offset=-616516ns
23:27:39 sim49 id=49 sync offset=-11467178ns
23:27:39 sim50 id=50 sync offset=-34833258ns
23:27:39 sim1 id=1 sync offset=39673440ns
23:27:39 sim2 id=2 sync offset=-15702826ns
23:27:39 sim3 id=3 sync offset=26701900ns
23:27:39 sim4 id=4 sync offset=34390384ns
23:27:39 sim5 id=5 sync offset=7725656ns
23:27:39 sim6 id=6 sync offset=-19158032ns
23:27:39 sim7 id=7 sync offset=-32478737ns
23:27:39 sim8 id=8 sync offset=303933ns
23:27:39 sim9 id=9 sync offset=15147294ns
23:27:39 sim10 id=10 sync offset=-31945610ns
23:27:39 sim11 id=11 sync offset=-11065671ns
23:27:39 sim12 id=12 sync offset=-29818935ns
23:27:39 sim13 id=13 sync offset=21028078ns
23:27:39 sim14 id=14 sync offset=-31816584ns
23:27:39 sim15 id=15 sync offset=33361103ns
23:27:39 sim16 id=16 sync offset=-25576493ns
23:27:39 sim17 id=17 sync offset=-12065750ns
23:27:39 sim18 id=18 sync offset=-27968021ns
23:27:39 sim19 id=19 sync offset=-3835365ns
23:27:39 sim20 id=20 sync offset=16206959ns
23:27:39 sim21 id=21 sync offset=38845857ns
23:27:39 sim22 id=22 sync offset=-2367827ns
23:27:39 sim23 id=23 sync offset=-5682647ns
23:27:39 sim24 id=24 sync offset=7155247ns
23:27:39 sim25 id=25 sync offset=36026840ns
23:27:39 sim26 id=26 sync offset=-17815045ns
23:27:39 sim27 id=27 sync offset=27561361ns
23:27:39 sim28 id=28 sync offset=-38793340ns
23:27:39 sim29 id=29 sync offset=19833906ns
23:27:39 sim30 id=30 sync offset=-27788031ns
23:27:39 sim31 id=31 sync offset=-1949549ns
23:27:39 sim32 id=32 sync offset=28405645ns
23:27:39 sim33 id=33 sync offset=-16593652ns
23:27:39 sim34 id=34 sync offset=24686748ns
23:27:39 sim35 id=35 sync offset=21080172ns
23:27:39 sim36 id=36 sync offset=-1812064ns
23:27:39 sim37 id=37 sync offset=-12256255ns
23:27:39 sim38 id=38 sync offset=13241267ns
23:27:39 sim39 id=39 sync offset=-5335779ns
23:27:39 sim40 id=40 sync offset=-18286734ns
23:27:39 sim41 id=41 sync offset=-27247372ns
23:27:39 sim42 id=42 sync offset=37041201ns
23:27:39 sim43 id=43 sync offset=8774976ns
23:27:39 sim44 id=44 sync offset=-36394494ns
23:27:39 sim45 id=45 sync offset=-34208455ns
23:27:39 sim46 id=46 sync offset=-21743964ns
23:27:39 sim47 id=47 sync offset=-10803958ns
23:27:39 sim48 id=48 sync offset=-616339ns
23:27:39 sim49 id=49 sync offset=-11467084ns
23:27:39 sim50 id=50 sync offset=-34832351ns
23:27:40 sim1 id=1 sync offset=39673440ns
23:27:40 sim2 id=2 sync offset=-15702826ns
23:27:40 sim3 id=3 sync offset=26701129ns
23:27:40 sim4 id=4 sync offset=34390071ns
23:27:40 sim5 id=5 sync offset=7727229ns
23:27:40 sim6 id=6 sync offset=-19152574ns
23:27:40 sim7 id=7 sync offset=-32472373ns
23:27:40 sim8 id=8 sync offset=304517ns
23:27:40 sim9 id=9 sync offset=15147596ns
23:27:40 sim10 id=10 sync offset=-31934100ns
23:27:40 sim11 id=11 sync offset=-11065566ns
23:27:40 sim12 id=12 sync offset=-29816467ns
23:27:40 sim13 id=13 sync offset=21030037ns
23:27:40 sim14 id=14 sync offset=-31802907ns
23:27:40 sim15 id=15 sync offset=33361321ns
23:27:40 sim16 id=16 sync offset=-25592878ns
23:27:40 sim17 id=17 sync offset=-12081646ns
23:27:40 sim18 id=18 sync offset=-27968521ns
23:27:40 sim19 id=19 sync offset=-3835365ns
23:27:40 sim20 id=20 sync offset=16206959ns
23:27:40 sim21 id=21 sync offset=38838232ns
23:27:40 sim22 id=22 sync offset=-2369285ns
23:27:40 sim23 id=23 sync offset=-5682647ns
23:27:40 sim24 id=24 sync offset=7152851ns
23:27:40 sim25 id=25 sync offset=36022340ns
23:27:40 sim26 id=26 sync offset=-17827754ns
23:27:40 sim27 id=27 sync offset=27544882ns
23:27:40 sim28 id=28 sync offset=-38811777ns
23:27:40 sim29 id=29 sync offset=19814031ns
23:27:40 sim30 id=30 sync offset=-27805781ns
23:27:40 sim31 id=31 sync offset=-1964538ns
23:27:40 sim32 id=32 sync offset=28389093ns
23:27:40 sim33 id=33 sync offset=-16600611ns
23:27:40 sim34 id=34 sync offset=24685103ns
23:27:40 sim35 id=35 sync offset=21076901ns
23:27:40 sim36 id=36 sync offset=-1816074ns
23:27:40 sim37 id=37 sync offset=-12261807ns
23:27:40 sim38 id=38 sync offset=13233455ns
23:27:40 sim39 id=39 sync offset=-5344435ns
23:27:40 sim40 id=40 sync offset=-18313932ns
23:27:40 sim41 id=41 sync offset=-27268362ns
23:27:40 sim42 id=42 sync offset=37041201ns
23:27:40 sim43 id=43 sync offset=8774976ns
23:27:40 sim44 id=44 sync offset=-36394494ns
23:27:40 sim45 id=45 sync offset=-34208455ns
23:27:40 sim46 id=46 sync offset=-21743964ns
23:27:40 sim47 id=47 sync offset=-10803958ns
23:27:40 sim48 id=48 sync offset=-616339ns
23:27:40 sim49 id=49 sync offset=-11467084ns
23:27:40 sim50 id=50 sync offset=-34832351ns
23:27:40 sim1 id=1 sync offset=39673440ns
23:27:40 sim2 id=2 sync offset=-15702826ns
23:27:40 sim3 id=3 sync offset=26701129ns
23:27:40 sim4 id=4 sync offset=34388342ns
23:27:40 sim5 id=5 sync offset=7724395ns
23:27:40 sim6 id=6 sync offset=-19160282ns
23:27:40 sim7 id=7 sync offset=-32485102ns
23:27:40 sim8 id=8 sync offset=303349ns
23:27:40 sim9 id=9 sync offset=15146992ns
23:27:40 sim10 id=10 sync offset=-31957120ns
23:27:40 sim11 id=11 sync offset=-11081098ns
23:27:40 sim12 id=12 sync offset=-29861967ns
23:27:40 sim13 id=13 sync offset=20986401ns
23:27:40 sim14 id=14 sync offset=-31842615ns
23:27:40 sim15 id=15 sync offset=33324061ns
23:27:40 sim16 id=16 sync offset=-25608701ns
23:27:40 sim17 id=17 sync offset=-12116303ns
23:27:40 sim18 id=18 sync offset=-28007875ns
23:27:40 sim19 id=19 sync offset=-3869552ns
23:27:40 sim20 id=20 sync offset=16171979ns
23:27:40 sim21 id=21 sync offset=38822618ns
23:27:40 sim22 id=22 sync offset=-2383025ns
23:27:40 sim23 id=23 sync offset=-5697699ns
23:27:40 sim24 id=24 sync offset=7143986ns
23:27:40 sim25 id=25 sync offset=36017079ns
23:27:40 sim26 id=26 sync offset=-17827431ns
23:27:40 sim27 id=27 sync offset=27548631ns
23:27:40 sim28 id=28 sync offset=-38817965ns
23:27:40 sim29 id=29 sync offset=19806135ns
23:27:40 sim30 id=30 sync offset=-27815614ns
23:27:40 sim31 id=31 sync offset=-1973204ns
23:27:40 sim32 id=32 sync offset=28376051ns
23:27:40 sim33 id=33 sync offset=-16601819ns
23:27:40 sim34 id=34 sync offset=24683164ns
23:27:40 sim35 id=35 sync offset=21066963ns
23:27:40 sim36 id=36 sync offset=-1831418ns
23:27:40 sim37 id=37 sync offset=-12275151ns
23:27:40 sim38 id=38 sync offset=13220601ns
23:27:40 sim39 id=39 sync offset=-5359737ns
23:27:40 sim40 id=40 sync offset=-18313932ns
23:27:40 sim41 id=41 sync offset=-27268362ns
23:27:40 sim42 id=42 sync offset=37041201ns
23:27:40 sim43 id=43 sync offset=8775402ns
23:27:40 sim44 id=44 sync offset=-36392150ns
23:27:40 sim45 id=45 sync offset=-34205017ns
23:27:40 sim46 id=46 sync offset=-21743964ns
23:27:40 sim47 id=47 sync offset=-10803958ns
23:27:40 sim48 id=48 sync offset=-616339ns
23:27:40 sim49 id=49 sync offset=-11467084ns
23:27:40 sim50 id=50 sync offset=-34832351ns
23:27:41 sim1 id=1 sync offset=39673440ns
23:27:41 sim2 id=2 sync offset=-15702826ns
23:27:41 sim3 id=3 sync offset=26701129ns
23:27:41 sim4 id=4 sync offset=34388342ns
23:27:41 sim5 id=5 sync offset=7724395ns
23:27:41 sim6 id=6 sync offset=-19160282ns
23:27:41 sim7 id=7 sync offset=-32485102ns
23:27:41 sim8 id=8 sync offset=303349ns
23:27:41 sim9 id=9 sync offset=15146992ns
23:27:41 sim10 id=10 sync offset=-31957120ns
23:27:41 sim11 id=11 sync offset=-11081098ns
23:27:41 sim12 id=12 sync offset=-29861967ns
23:27:41 sim13 id=13 sync offset=20986401ns
23:27:41 sim14 id=14 sync offset=-31842615ns
23:27:41 sim15 id=15 sync offset=33324061ns
23:27:41 sim16 id=16 sync offset=-25608701ns
23:27:41 sim17 id=17 sync offset=-12116303ns
23:27:41 sim18 id=18 sync offset=-28007875ns
23:27:41 sim19 id=19 sync offset=-3869552ns
23:27:41 sim20 id=20 sync offset=16171979ns
23:27:41 sim21 id=21 sync offset=38822618ns
23:27:41 sim22 id=22 sync offset=-2383025ns
23:27:41 sim23 id=23 sync offset=-5697699ns
23:27:41 sim24 id=24 sync offset=7143986ns
23:27:41 sim25 id=25 sync offset=36017079ns
23:27:41 sim26 id=26 sync offset=-17827431ns
23:27:41 sim27 id=27 sync offset=27548631ns
23:27:41 sim28 id=28 sync offset=-38817965ns
23:27:41 sim29 id=29 sync offset=19806135ns
23:27:41 sim30 id=30 sync offset=-27815614ns
23:27:41 sim31 id=31 sync offset=-1973204ns
23:27:41 sim32 id=32 sync offset=28376051ns
23:27:41 sim33 id=33 sync offset=-16601819ns
23:27:41 sim34 id=34 sync offset=24683164ns
23:27:41 sim35 id=35 sync offset=21066963ns
23:27:41 sim36 id=36 sync offset=-1831418ns
23:27:41 sim37 id=37 sync offset=-12275151ns
23:27:41 sim38 id=38 sync offset=13220601ns
23:27:41 sim39 id=39 sync offset=-5359737ns
23:27:41 sim40 id=40 sync offset=-18313932ns
23:27:41 sim41 id=41 sync offset=-27268362ns
23:27:41 sim42 id=42 sync offset=37041201ns
23:27:41 sim43 id=43 sync offset=8775402ns
23:27:41 sim44 id=44 sync offset=-36392150ns
23:27:41 sim45 id=45 sync offset=-34205017ns
23:27:41 sim46 id=46 sync offset=-21743964ns
23:27:41 sim47 id=47 sync offset=-10803146ns
23:27:41 sim48 id=48 sync offset=-616162ns
23:27:41 sim49 id=49 sync offset=-11467084ns
23:27:41 sim50 id=50 sync offset=-34832351ns
23:27:41 sim32 id=32 event m0 fired dev_deadline=610635023215842 fire_mono=610634995895666
23:27:41 sim29 id=29 event m0 fired dev_deadline=610635014645926 fire_mono=610634995945250
23:27:41 sim36 id=36 event m0 fired dev_deadline=610634993008373 fire_mono=610634995959000
23:27:41 sim30 id=30 event m0 fired dev_deadline=610634967024177 fire_mono=610634995986625
23:27:41 sim37 id=37 event m0 fired dev_deadline=610634982564640 fire_mono=610634995997333
23:27:41 sim31 id=31 event m0 fired dev_deadline=610634992866587 fire_mono=610634996005083
23:27:41 sim35 id=35 event m0 fired dev_deadline=610635015906754 fire_mono=610634996011166
23:27:41 sim39 id=39 event m0 fired dev_deadline=610634989480054 fire_mono=610634996017291
23:27:41 sim41 id=41 event m0 fired dev_deadline=610634967571429 fire_mono=610634996024583
23:27:41 sim33 id=33 event m0 fired dev_deadline=610634978237972 fire_mono=610634996032041
23:27:41 sim46 id=46 event m0 fired dev_deadline=610634973095827 fire_mono=610634996037875
23:27:41 sim40 id=40 event m0 fired dev_deadline=610634976525859 fire_mono=610634996043916
23:27:41 sim47 id=47 event m0 fired dev_deadline=610634984035833 fire_mono=610634996050041
23:27:41 sim38 id=38 event m0 fired dev_deadline=610635008060392 fire_mono=610634996056000
23:27:41 sim28 id=28 event m0 fired dev_deadline=610634956021826 fire_mono=610634996061166
23:27:41 sim45 id=45 event m0 fired dev_deadline=610634960634774 fire_mono=610634996067958
23:27:41 sim34 id=34 event m0 fired dev_deadline=610635019522955 fire_mono=610634996074500
23:27:41 sim44 id=44 event m0 fired dev_deadline=610634958447641 fire_mono=610634996080333
23:27:41 sim18 id=18 event m0 fired dev_deadline=610634966831916 fire_mono=610634996086000
23:27:41 sim20 id=20 event m0 fired dev_deadline=610635011011770 fire_mono=610634996092208
23:27:41 sim19 id=19 event m0 fired dev_deadline=610634990970239 fire_mono=610634996098791
23:27:41 sim43 id=43 event m0 fired dev_deadline=610635003615193 fire_mono=610634996104666
23:27:41 sim21 id=21 event m0 fired dev_deadline=610635033662409 fire_mono=610634996111416
23:27:41 sim17 id=17 event m0 fired dev_deadline=610634982723488 fire_mono=610634996117791
23:27:41 sim42 id=42 event m0 fired dev_deadline=610635031880992 fire_mono=610634996123500
23:27:41 sim26 id=26 event m0 fired dev_deadline=610634977012360 fire_mono=610634996130916
23:27:41 sim27 id=27 event m0 fired dev_deadline=610635022388422 fire_mono=610634996137208
23:27:41 sim22 id=22 event m0 fired dev_deadline=610634992456766 fire_mono=610634996142958
23:27:41 sim12 id=12 event m0 fired dev_deadline=610634964977824 fire_mono=610634996149708
23:27:41 sim13 id=13 event m0 fired dev_deadline=610635015826192 fire_mono=610634996155791
23:27:41 sim14 id=14 event m0 fired dev_deadline=610634962997176 fire_mono=610634996161333
23:27:41 sim16 id=16 event m0 fired dev_deadline=610634969231090 fire_mono=610634996168583
23:27:41 sim48 id=48 event m0 fired dev_deadline=610634994223452 fire_mono=610634996173916
23:27:41 sim15 id=15 event m0 fired dev_deadline=610635028163852 fire_mono=610634996179375
23:27:41 sim23 id=23 event m0 fired dev_deadline=610634989142092 fire_mono=610634996185833
23:27:41 sim49 id=49 event m0 fired dev_deadline=610634983372707 fire_mono=610634996199291
23:27:41 sim25 id=25 event m0 fired dev_deadline=610635030856870 fire_mono=610634996206083
23:27:41 sim50 id=50 event m0 fired dev_deadline=610634960007440 fire_mono=610634996212500
23:27:41 sim24 id=24 event m0 fired dev_deadline=610635001983777 fire_mono=610634996219875
23:27:41 sim10 id=10 event m0 fired dev_deadline=610634962882671 fire_mono=610634996225125
23:27:41 sim9 id=9 event m0 fired dev_deadline=610635009986783 fire_mono=610634996230916
23:27:41 sim11 id=11 event m0 fired dev_deadline=610634983758693 fire_mono=610634996236500
23:27:41 sim7 id=7 event m0 fired dev_deadline=610634962354689 fire_mono=610634996242000
23:27:41 sim6 id=6 event m0 fired dev_deadline=610634975679509 fire_mono=610634996247750
23:27:41 sim8 id=8 event m0 fired dev_deadline=610634995143140 fire_mono=610634996252875
23:27:41 sim3 id=3 event m0 fired dev_deadline=610635021540920 fire_mono=610634996260583
23:27:41 sim2 id=2 event m0 fired dev_deadline=610634979136965 fire_mono=610634996266375
23:27:41 sim4 id=4 event m0 fired dev_deadline=610635029228133 fire_mono=610634996271583
23:27:41 sim1 id=1 event m0 fired dev_deadline=610635034513231 fire_mono=610634996278291
23:27:41 sim5 id=5 event m0 fired dev_deadline=610635002564186 fire_mono=610634996284625
23:27:41 sim1 id=1 sync offset=39673440ns
23:27:41 sim2 id=2 sync offset=-15702826ns
23:27:41 sim3 id=3 sync offset=26699764ns
23:27:41 sim4 id=4 sync offset=34384645ns
23:27:41 sim5 id=5 sync offset=7720875ns
23:27:41 sim6 id=6 sync offset=-19158979ns
23:27:41 sim7 id=7 sync offset=-32472373ns
23:27:41 sim8 id=8 sync offset=304517ns
23:27:41 sim9 id=9 sync offset=15172690ns
23:27:41 sim10 id=10 sync offset=-31928578ns
23:27:41 sim11 id=11 sync offset=-11065566ns
23:27:41 sim12 id=12 sync offset=-29821404ns
23:27:41 sim13 id=13 sync offset=21026120ns
23:27:41 sim14 id=14 sync offset=-31822761ns
23:27:41 sim15 id=15 sync offset=33342582ns
23:27:41 sim16 id=16 sync offset=-25592878ns
23:27:41 sim17 id=17 sync offset=-12081646ns
23:27:41 sim18 id=18 sync offset=-27968521ns
23:27:41 sim19 id=19 sync offset=-3835365ns
23:27:41 sim20 id=20 sync offset=16206959ns
23:27:41 sim21 id=21 sync offset=38853441ns
23:27:41 sim22 id=22 sync offset=-2369285ns
23:27:41 sim23 id=23 sync offset=-5682647ns
23:27:41 sim24 id=24 sync offset=7149747ns
23:27:41 sim25 id=25 sync offset=36024590ns
23:27:41 sim26 id=26 sync offset=-17816868ns
23:27:41 sim27 id=27 sync offset=27559287ns
23:27:41 sim28 id=28 sync offset=-38793340ns
23:27:41 sim29 id=29 sync offset=19826062ns
23:27:41 sim30 id=30 sync offset=-27797864ns
23:27:41 sim31 id=31 sync offset=-1958215ns
23:27:41 sim32 id=32 sync offset=28392603ns
23:27:41 sim33 id=33 sync offset=-16601819ns
23:27:41 sim34 id=34 sync offset=24683164ns
23:27:41 sim35 id=35 sync offset=21066963ns
23:27:41 sim36 id=36 sync offset=-1827408ns
23:27:41 sim37 id=37 sync offset=-12269599ns
23:27:41 sim38 id=38 sync offset=13222923ns
23:27:41 sim39 id=39 sync offset=-5352279ns
23:27:41 sim40 id=40 sync offset=-18301567ns
23:27:41 sim41 id=41 sync offset=-27284664ns
23:27:41 sim42 id=42 sync offset=37038754ns
23:27:41 sim43 id=43 sync offset=8774976ns
23:27:41 sim44 id=44 sync offset=-36389807ns
23:27:41 sim45 id=45 sync offset=-34182767ns
23:27:41 sim46 id=46 sync offset=-21718068ns
23:27:41 sim47 id=47 sync offset=-10779166ns
23:27:41 sim48 id=48 sync offset=-599912ns
23:27:41 sim49 id=49 sync offset=-11451896ns
23:27:41 sim50 id=50 sync offset=-34816476ns
23:27:41 sim32 id=32 event m1 fired dev_deadline=610635123457384 fire_mono=610635098987125
23:27:41 sim29 id=29 event m1 fired dev_deadline=610635114887468 fire_mono=610635099044708
23:27:41 sim36 id=36 event m1 fired dev_deadline=610635093249915 fire_mono=610635099059666
23:27:41 sim30 id=30 event m1 fired dev_deadline=610635067265719 fire_mono=610635099068250
23:27:41 sim37 id=37 event m1 fired dev_deadline=610635082806182 fire_mono=610635099076041
23:27:41 sim31 id=31 event m1 fired dev_deadline=610635093108129 fire_mono=610635099083166
23:27:41 sim35 id=35 event m1 fired dev_deadline=610635116148296 fire_mono=610635099089625
23:27:41 sim39 id=39 event m1 fired dev_deadline=610635089721596 fire_mono=610635099096000
23:27:41 sim41 id=41 event m1 fired dev_deadline=610635067812971 fire_mono=610635099128583
23:27:41 sim40 id=40 event m1 fired dev_deadline=610635076767401 fire_mono=610635099149458
23:27:41 sim33 id=33 event m1 fired dev_deadline=610635078479514 fire_mono=610635099159500
23:27:41 sim46 id=46 event m1 fired dev_deadline=610635073337369 fire_mono=610635099167708
23:27:41 sim38 id=38 event m1 fired dev_deadline=610635108301934 fire_mono=610635099174583
23:27:41 sim28 id=28 event m1 fired dev_deadline=610635056263368 fire_mono=610635099181041
23:27:41 sim47 id=47 event m1 fired dev_deadline=610635084278187 fire_mono=610635099187583
23:27:41 sim45 id=45 event m1 fired dev_deadline=610635060876316 fire_mono=610635099193708
23:27:41 sim34 id=34 event m1 fired dev_deadline=610635119764497 fire_mono=610635099200000
23:27:41 sim44 id=44 event m1 fired dev_deadline=610635058689183 fire_mono=610635099206791
23:27:41 sim18 id=18 event m1 fired dev_deadline=610635067073458 fire_mono=610635099212833
23:27:41 sim20 id=20 event m1 fired dev_deadline=610635111253312 fire_mono=610635099219250
23:27:41 sim19 id=19 event m1 fired dev_deadline=610635091211781 fire_mono=610635099224666
23:27:41 sim43 id=43 event m1 fired dev_deadline=610635103856735 fire_mono=610635099230916
23:27:41 sim21 id=21 event m1 fired dev_deadline=610635133903951 fire_mono=610635099236833
23:27:41 sim17 id=17 event m1 fired dev_deadline=610635082965030 fire_mono=610635099242083
23:27:41 sim42 id=42 event m1 fired dev_deadline=610635132122534 fire_mono=610635099248000
23:27:41 sim26 id=26 event m1 fired dev_deadline=610635077253902 fire_mono=610635099253666
23:27:41 sim27 id=27 event m1 fired dev_deadline=610635122629964 fire_mono=610635099259625
23:27:41 sim22 id=22 event m1 fired dev_deadline=610635092698308 fire_mono=610635099265541
23:27:41 sim12 id=12 event m1 fired dev_deadline=610635065219366 fire_mono=610635099270875
23:27:41 sim13 id=13 event m1 fired dev_deadline=610635116067734 fire_mono=610635099277250
23:27:41 sim14 id=14 event m1 fired dev_deadline=610635063238718 fire_mono=610635099283166
23:27:41 sim16 id=16 event m1 fired dev_deadline=610635069472632 fire_mono=610635099289166
23:27:41 sim48 id=48 event m1 fired dev_deadline=610635094465171 fire_mono=610635099295208
23:27:41 sim15 id=15 event m1 fired dev_deadline=610635128405394 fire_mono=610635099302583
23:27:41 sim23 id=23 event m1 fired dev_deadline=610635089383634 fire_mono=610635099308958
23:27:41 sim49 id=49 event m1 fired dev_deadline=610635083614249 fire_mono=610635099314583
23:27:41 sim25 id=25 event m1 fired dev_deadline=610635131098412 fire_mono=610635099320125
23:27:41 sim50 id=50 event m1 fired dev_deadline=610635060248982 fire_mono=610635099325833
23:27:41 sim24 id=24 event m1 fired dev_deadline=610635102225319 fire_mono=610635099331166
23:27:41 sim10 id=10 event m1 fired dev_deadline=610635063124213 fire_mono=610635099336583
23:27:41 sim9 id=9 event m1 fired dev_deadline=610635110228325 fire_mono=610635099341916
23:27:41 sim11 id=11 event m1 fired dev_deadline=610635084000235 fire_mono=610635099347750
23:27:41 sim7 id=7 event m1 fired dev_deadline=610635062596231 fire_mono=610635099353375
23:27:41 sim6 id=6 event m1 fired dev_deadline=610635075921051 fire_mono=610635099359750
23:27:41 sim8 id=8 event m1 fired dev_deadline=610635095384682 fire_mono=610635099366625
23:27:41 sim3 id=3 event m1 fired dev_deadline=610635121782462 fire_mono=610635099372791
23:27:41 sim2 id=2 event m1 fired dev_deadline=610635079378507 fire_mono=610635099379291
23:27:41 sim1 id=1 event m1 fired dev_deadline=610635134754773 fire_mono=610635099384833
23:27:41 sim4 id=4 event m1 fired dev_deadline=610635129469675 fire_mono=610635099390416
23:27:41 sim5 id=5 event m1 fired dev_deadline=610635102805728 fire_mono=610635099397000
23:27:41 sim32 id=32 event m2 fired dev_deadline=610635224073176 fire_mono=610635197933375
23:27:41 sim29 id=29 event m2 fired dev_deadline=610635215503260 fire_mono=610635197992208
23:27:41 sim36 id=36 event m2 fired dev_deadline=610635193865707 fire_mono=610635198004375
23:27:41 sim30 id=30 event m2 fired dev_deadline=610635167881511 fire_mono=610635198012583
23:27:41 sim37 id=37 event m2 fired dev_deadline=610635183421974 fire_mono=610635198019708
23:27:41 sim31 id=31 event m2 fired dev_deadline=610635193723921 fire_mono=610635198058541
23:27:41 sim39 id=39 event m2 fired dev_deadline=610635190337388 fire_mono=610635198065333
23:27:41 sim35 id=35 event m2 fired dev_deadline=610635216764088 fire_mono=610635198073333
23:27:41 sim41 id=41 event m2 fired dev_deadline=610635168428763 fire_mono=610635198079750
23:27:41 sim40 id=40 event m2 fired dev_deadline=610635177383193 fire_mono=610635198087541
23:27:41 sim33 id=33 event m2 fired dev_deadline=610635179095306 fire_mono=610635198093708
23:27:41 sim46 id=46 event m2 fired dev_deadline=610635173953161 fire_mono=610635198099958
23:27:41 sim38 id=38 event m2 fired dev_deadline=610635208917726 fire_mono=610635198105708
23:27:41 sim28 id=28 event m2 fired dev_deadline=610635156879160 fire_mono=610635198111458
23:27:41 sim47 id=47 event m2 fired dev_deadline=610635184893979 fire_mono=610635198118833
23:27:41 sim45 id=45 event m2 fired dev_deadline=610635161492108 fire_mono=610635198124500
23:27:41 sim34 id=34 event m2 fired dev_deadline=610635220380289 fire_mono=610635198130708
23:27:41 sim44 id=44 event m2 fired dev_deadline=610635159304975 fire_mono=610635198136208
23:27:41 sim18 id=18 event m2 fired dev_deadline=610635167689250 fire_mono=610635198142250
23:27:41 sim20 id=20 event m2 fired dev_deadline=610635211869104 fire_mono=610635198148041
23:27:41 sim19 id=19 event m2 fired dev_deadline=610635191827573 fire_mono=610635198153416
23:27:41 sim43 id=43 event m2 fired dev_deadline=610635204472527 fire_mono=610635198158791
23:27:41 sim21 id=21 event m2 fired dev_deadline=610635234519743 fire_mono=610635198164166
23:27:41 sim17 id=17 event m2 fired dev_deadline=610635183580822 fire_mono=610635198169875
23:27:41 sim42 id=42 event m2 fired dev_deadline=610635232738326 fire_mono=610635198175125
23:27:41 sim26 id=26 event m2 fired dev_deadline=610635177869694 fire_mono=610635198180416
23:27:41 sim27 id=27 event m2 fired dev_deadline=610635223245756 fire_mono=610635198185875
23:27:41 sim22 id=22 event m2 fired dev_deadline=610635193314100 fire_mono=610635198191291
23:27:41 sim12 id=12 event m2 fired dev_deadline=610635165835158 fire_mono=610635198197083
23:27:41 sim13 id=13 event m2 fired dev_deadline=610635216683526 fire_mono=610635198202583
23:27:41 sim14 id=14 event m2 fired dev_deadline=610635163854510 fire_mono=610635198207708
23:27:41 sim16 id=16 event m2 fired dev_deadline=610635170088424 fire_mono=610635198212958
23:27:41 sim48 id=48 event m2 fired dev_deadline=610635195080963 fire_mono=610635198220000
23:27:41 sim15 id=15 event m2 fired dev_deadline=610635229021186 fire_mono=610635198226708
23:27:41 sim23 id=23 event m2 fired dev_deadline=610635189999426 fire_mono=610635198232583
23:27:41 sim25 id=25 event m2 fired dev_deadline=610635231714204 fire_mono=610635198238000
23:27:41 sim49 id=49 event m2 fired dev_deadline=610635184230041 fire_mono=610635198244000
23:27:41 sim50 id=50 event m2 fired dev_deadline=610635160864774 fire_mono=610635198252708
23:27:41 sim24 id=24 event m2 fired dev_deadline=610635202841111 fire_mono=610635198260166
23:27:41 sim10 id=10 event m2 fired dev_deadline=610635163740005 fire_mono=610635198268166
23:27:41 sim9 id=9 event m2 fired dev_deadline=610635210844117 fire_mono=610635198275041
23:27:41 sim11 id=11 event m2 fired dev_deadline=610635184616027 fire_mono=610635198280791
23:27:41 sim7 id=7 event m2 fired dev_deadline=610635163212023 fire_mono=610635198286458
23:27:41 sim6 id=6 event m2 fired dev_deadline=610635176536843 fire_mono=610635198292458
23:27:41 sim8 id=8 event m2 fired dev_deadline=610635196000474 fire_mono=610635198298541
23:27:41 sim3 id=3 event m2 fired dev_deadline=610635222398254 fire_mono=610635198304708
23:27:41 sim2 id=2 event m2 fired dev_deadline=610635179994299 fire_mono=610635198310291
23:27:41 sim1 id=1 event m2 fired dev_deadline=610635235370565 fire_mono=610635198315750
23:27:41 sim4 id=4 event m2 fired dev_deadline=610635230085467 fire_mono=610635198321333
23:27:41 sim5 id=5 event m2 fired dev_deadline=610635203421520 fire_mono=610635198326916
23:27:41 sim32 id=32 event m3 fired dev_deadline=610635325719759 fire_mono=610635300140416
23:27:41 sim29 id=29 event m3 fired dev_deadline=610635317149843 fire_mono=610635300192541
23:27:41 sim36 id=36 event m3 fired dev_deadline=610635295512290 fire_mono=610635300206125
23:27:41 sim30 id=30 event m3 fired dev_deadline=610635269528094 fire_mono=610635300213916
23:27:41 sim37 id=37 event m3 fired dev_deadline=610635285068557 fire_mono=610635300220333
23:27:41 sim35 id=35 event m3 fired dev_deadline=610635318410671 fire_mono=610635300226625
23:27:41 sim39 id=39 event m3 fired dev_deadline=610635291983971 fire_mono=610635300232708
23:27:41 sim41 id=41 event m3 fired dev_deadline=610635270075346 fire_mono=610635300239083
23:27:41 sim31 id=31 event m3 fired dev_deadline=610635295370504 fire_mono=610635300245041
23:27:41 sim40 id=40 event m3 fired dev_deadline=610635279029776 fire_mono=610635300251708
23:27:41 sim33 id=33 event m3 fired dev_deadline=610635280741889 fire_mono=610635300258750
23:27:41 sim46 id=46 event m3 fired dev_deadline=610635275599744 fire_mono=610635300265041
23:27:41 sim38 id=38 event m3 fired dev_deadline=610635310564309 fire_mono=610635300270958
23:27:41 sim28 id=28 event m3 fired dev_deadline=610635258525743 fire_mono=610635300276875
23:27:41 sim47 id=47 event m3 fired dev_deadline=610635286540562 fire_mono=610635300284208
23:27:41 sim45 id=45 event m3 fired dev_deadline=610635263138691 fire_mono=610635300290541
23:27:41 sim34 id=34 event m3 fired dev_deadline=610635322026872 fire_mono=610635300296375
23:27:41 sim44 id=44 event m3 fired dev_deadline=610635260951558 fire_mono=610635300302541
23:27:41 sim18 id=18 event m3 fired dev_deadline=610635269335833 fire_mono=610635300308458
23:27:41 sim20 id=20 event m3 fired dev_deadline=610635313515687 fire_mono=610635300315125
23:27:41 sim19 id=19 event m3 fired dev_deadline=610635293474156 fire_mono=610635300321166
23:27:41 sim43 id=43 event m3 fired dev_deadline=610635306119110 fire_mono=610635300327750
23:27:41 sim21 id=21 event m3 fired dev_deadline=610635336166326 fire_mono=610635300333833
23:27:41 sim17 id=17 event m3 fired dev_deadline=610635285227405 fire_mono=610635300339291
23:27:41 sim42 id=42 event m3 fired dev_deadline=610635334384909 fire_mono=610635300344958
23:27:41 sim26 id=26 event m3 fired dev_deadline=610635279516277 fire_mono=610635300350791
23:27:41 sim27 id=27 event m3 fired dev_deadline=610635324892339 fire_mono=610635300356166
23:27:41 sim22 id=22 event m3 fired dev_deadline=610635294960683 fire_mono=610635300361375
23:27:41 sim12 id=12 event m3 fired dev_deadline=610635267481741 fire_mono=610635300366666
23:27:41 sim13 id=13 event m3 fired dev_deadline=610635318330109 fire_mono=610635300372000
23:27:41 sim14 id=14 event m3 fired dev_deadline=610635265501093 fire_mono=610635300377666
23:27:41 sim16 id=16 event m3 fired dev_deadline=610635271735007 fire_mono=610635300382875
23:27:41 sim48 id=48 event m3 fired dev_deadline=610635296727546 fire_mono=610635300388541
23:27:41 sim15 id=15 event m3 fired dev_deadline=610635330667769 fire_mono=610635300393750
23:27:41 sim23 id=23 event m3 fired dev_deadline=610635291646009 fire_mono=610635300399750
23:27:41 sim25 id=25 event m3 fired dev_deadline=610635333360787 fire_mono=610635300405125
23:27:41 sim49 id=49 event m3 fired dev_deadline=610635285876624 fire_mono=610635300411208
23:27:41 sim50 id=50 event m3 fired dev_deadline=610635262511357 fire_mono=610635300416833
23:27:41 sim24 id=24 event m3 fired dev_deadline=610635304487694 fire_mono=610635300422958
23:27:41 sim10 id=10 event m3 fired dev_deadline=610635265386588 fire_mono=610635300428833
23:27:41 sim9 id=9 event m3 fired dev_deadline=610635312490700 fire_mono=610635300434833
23:27:41 sim11 id=11 event m3 fired dev_deadline=610635286262610 fire_mono=610635300441291
23:27:41 sim7 id=7 event m3 fired dev_deadline=610635264858606 fire_mono=610635300447250
23:27:41 sim6 id=6 event m3 fired dev_deadline=610635278183426 fire_mono=610635300453916
23:27:41 sim8 id=8 event m3 fired dev_deadline=610635297647057 fire_mono=610635300459458
23:27:41 sim3 id=3 event m3 fired dev_deadline=610635324044837 fire_mono=610635300464708
23:27:41 sim2 id=2 event m3 fired dev_deadline=610635281640882 fire_mono=610635300496333
23:27:41 sim1 id=1 event m3 fired dev_deadline=610635337017148 fire_mono=610635300507791
23:27:41 sim4 id=4 event m3 fired dev_deadline=610635331732050 fire_mono=610635300515958
23:27:41 sim5 id=5 event m3 fired dev_deadline=610635305068103 fire_mono=610635300523916
23:27:41 sim32 id=32 event m4 fired dev_deadline=610635426269467 fire_mono=610635400829333
23:27:41 sim29 id=29 event m4 fired dev_deadline=610635417699551 fire_mono=610635400879750
23:27:41 sim36 id=36 event m4 fired dev_deadline=610635396061998 fire_mono=610635400892500
23:27:41 sim30 id=30 event m4 fired dev_deadline=610635370077802 fire_mono=610635400900333
23:27:41 sim37 id=37 event m4 fired dev_deadline=610635385618265 fire_mono=610635400907208
23:27:41 sim31 id=31 event m4 fired dev_deadline=610635395920212 fire_mono=610635400914750
23:27:41 sim39 id=39 event m4 fired dev_deadline=610635392533679 fire_mono=610635400931416
23:27:41 sim35 id=35 event m4 fired dev_deadline=610635418960379 fire_mono=610635400952291
23:27:41 sim41 id=41 event m4 fired dev_deadline=610635370625054 fire_mono=610635400965416
23:27:41 sim40 id=40 event m4 fired dev_deadline=610635379579484 fire_mono=610635400973375
23:27:41 sim33 id=33 event m4 fired dev_deadline=610635381291597 fire_mono=610635400981291
23:27:41 sim46 id=46 event m4 fired dev_deadline=610635376149452 fire_mono=610635400988708
23:27:41 sim38 id=38 event m4 fired dev_deadline=610635411114017 fire_mono=610635400994875
23:27:41 sim28 id=28 event m4 fired dev_deadline=610635359075451 fire_mono=610635401000416
23:27:41 sim47 id=47 event m4 fired dev_deadline=610635387090270 fire_mono=610635401007333
23:27:41 sim45 id=45 event m4 fired dev_deadline=610635363688399 fire_mono=610635401015416
23:27:41 sim34 id=34 event m4 fired dev_deadline=610635422576580 fire_mono=610635401021375
23:27:41 sim44 id=44 event m4 fired dev_deadline=610635361501266 fire_mono=610635401026875
23:27:41 sim18 id=18 event m4 fired dev_deadline=610635369885541 fire_mono=610635401032375
23:27:41 sim20 id=20 event m4 fired dev_deadline=610635414065395 fire_mono=610635401038041
23:27:41 sim19 id=19 event m4 fired dev_deadline=610635394023864 fire_mono=610635401043291
23:27:41 sim43 id=43 event m4 fired dev_deadline=610635406668818 fire_mono=610635401048625
23:27:41 sim21 id=21 event m4 fired dev_deadline=610635436716034 fire_mono=610635401054375
23:27:41 sim17 id=17 event m4 fired dev_deadline=610635385777113 fire_mono=610635401059666
23:27:41 sim42 id=42 event m4 fired dev_deadline=610635434934617 fire_mono=610635401065000
23:27:41 sim26 id=26 event m4 fired dev_deadline=610635380065985 fire_mono=610635401071083
23:27:41 sim27 id=27 event m4 fired dev_deadline=610635425442047 fire_mono=610635401077291
23:27:41 sim22 id=22 event m4 fired dev_deadline=610635395510391 fire_mono=610635401083291
23:27:41 sim12 id=12 event m4 fired dev_deadline=610635368031449 fire_mono=610635401090333
23:27:41 sim13 id=13 event m4 fired dev_deadline=610635418879817 fire_mono=610635401096958
23:27:41 sim14 id=14 event m4 fired dev_deadline=610635366050801 fire_mono=610635401102666
23:27:41 sim16 id=16 event m4 fired dev_deadline=610635372284715 fire_mono=610635401108541
23:27:41 sim48 id=48 event m4 fired dev_deadline=610635397277254 fire_mono=610635401114291
23:27:41 sim15 id=15 event m4 fired dev_deadline=610635431217477 fire_mono=610635401120541
23:27:41 sim23 id=23 event m4 fired dev_deadline=610635392195717 fire_mono=610635401125958
23:27:41 sim49 id=49 event m4 fired dev_deadline=610635386426332 fire_mono=610635401131333
23:27:41 sim25 id=25 event m4 fired dev_deadline=610635433910495 fire_mono=610635401136583
23:27:41 sim50 id=50 event m4 fired dev_deadline=610635363061065 fire_mono=610635401142041
23:27:41 sim24 id=24 event m4 fired dev_deadline=610635405037402 fire_mono=610635401147458
23:27:41 sim9 id=9 event m4 fired dev_deadline=610635413040408 fire_mono=610635401153000
23:27:41 sim10 id=10 event m4 fired dev_deadline=610635365936296 fire_mono=610635401158541
23:27:41 sim11 id=11 event m4 fired dev_deadline=610635386812318 fire_mono=610635401166750
23:27:41 sim7 id=7 event m4 fired dev_deadline=610635365408314 fire_mono=610635401173291
23:27:41 sim6 id=6 event m4 fired dev_deadline=610635378733134 fire_mono=610635401178916
23:27:41 sim8 id=8 event m4 fired dev_deadline=610635398196765 fire_mono=610635401183875
23:27:41 sim3 id=3 event m4 fired dev_deadline=610635424594545 fire_mono=610635401189166
23:27:41 sim2 id=2 event m4 fired dev_deadline=610635382190590 fire_mono=610635401197041
23:27:41 sim1 id=1 event m4 fired dev_deadline=610635437566856 fire_mono=610635401202416
23:27:41 sim4 id=4 event m4 fired dev_deadline=610635432281758 fire_mono=610635401207833
23:27:41 sim5 id=5 event m4 fired dev_deadline=610635405617811 fire_mono=610635401214500
23:27:42 sim32 id=32 event m5 fired dev_deadline=610635526445592 fire_mono=610635499458208
23:27:42 sim29 id=29 event m5 fired dev_deadline=610635517875676 fire_mono=610635499508125
23:27:42 sim36 id=36 event m5 fired dev_deadline=610635496238123 fire_mono=610635499523291
23:27:42 sim30 id=30 event m5 fired dev_deadline=610635470253927 fire_mono=610635499535708
23:27:42 sim37 id=37 event m5 fired dev_deadline=610635485794390 fire_mono=610635499544000
23:27:42 sim31 id=31 event m5 fired dev_deadline=610635496096337 fire_mono=610635499550041
23:27:42 sim39 id=39 event m5 fired dev_deadline=610635492709804 fire_mono=610635499556416
23:27:42 sim35 id=35 event m5 fired dev_deadline=610635519136504 fire_mono=610635499562958
23:27:42 sim41 id=41 event m5 fired dev_deadline=610635470801179 fire_mono=610635499569333
23:27:42 sim40 id=40 event m5 fired dev_deadline=610635479755609 fire_mono=610635499575166
23:27:42 sim33 id=33 event m5 fired dev_deadline=610635481467722 fire_mono=610635499581041
23:27:42 sim46 id=46 event m5 fired dev_deadline=610635476325577 fire_mono=610635499586291
23:27:42 sim38 id=38 event m5 fired dev_deadline=610635511290142 fire_mono=610635499592166
23:27:42 sim28 id=28 event m5 fired dev_deadline=610635459251576 fire_mono=610635499598416
23:27:42 sim47 id=47 event m5 fired dev_deadline=610635487266395 fire_mono=610635499603666
23:27:42 sim45 id=45 event m5 fired dev_deadline=610635463864524 fire_mono=610635499609083
23:27:42 sim34 id=34 event m5 fired dev_deadline=610635522752705 fire_mono=610635499614625
23:27:42 sim44 id=44 event m5 fired dev_deadline=610635461677391 fire_mono=610635499621083
23:27:42 sim18 id=18 event m5 fired dev_deadline=610635470061666 fire_mono=610635499626625
23:27:42 sim20 id=20 event m5 fired dev_deadline=610635514241520 fire_mono=610635499634291
23:27:42 sim19 id=19 event m5 fired dev_deadline=610635494199989 fire_mono=610635499639708
23:27:42 sim43 id=43 event m5 fired dev_deadline=610635506844943 fire_mono=610635499645750
23:27:42 sim21 id=21 event m5 fired dev_deadline=610635536892159 fire_mono=610635499651916
23:27:42 sim17 id=17 event m5 fired dev_deadline=610635485953238 fire_mono=610635499657375
23:27:42 sim42 id=42 event m5 fired dev_deadline=610635535110742 fire_mono=610635499665166
23:27:42 sim26 id=26 event m5 fired dev_deadline=610635480242110 fire_mono=610635499671875
23:27:42 sim27 id=27 event m5 fired dev_deadline=610635525618172 fire_mono=610635499678541
23:27:42 sim22 id=22 event m5 fired dev_deadline=610635495686516 fire_mono=610635499684208
23:27:42 sim12 id=12 event m5 fired dev_deadline=610635468207574 fire_mono=610635499689416
23:27:42 sim13 id=13 event m5 fired dev_deadline=610635519055942 fire_mono=610635499694916
23:27:42 sim14 id=14 event m5 fired dev_deadline=610635466226926 fire_mono=610635499700041
23:27:42 sim16 id=16 event m5 fired dev_deadline=610635472460840 fire_mono=610635499705375
23:27:42 sim48 id=48 event m5 fired dev_deadline=610635497453379 fire_mono=610635499711250
23:27:42 sim15 id=15 event m5 fired dev_deadline=610635531393602 fire_mono=610635499716500
23:27:42 sim23 id=23 event m5 fired dev_deadline=610635492371842 fire_mono=610635499721833
23:27:42 sim25 id=25 event m5 fired dev_deadline=610635534086620 fire_mono=610635499728916
23:27:42 sim49 id=49 event m5 fired dev_deadline=610635486602457 fire_mono=610635499734166
23:27:42 sim50 id=50 event m5 fired dev_deadline=610635463237190 fire_mono=610635499739875
23:27:42 sim24 id=24 event m5 fired dev_deadline=610635505213527 fire_mono=610635499745958
23:27:42 sim10 id=10 event m5 fired dev_deadline=610635466112421 fire_mono=610635499751791
23:27:42 sim9 id=9 event m5 fired dev_deadline=610635513216533 fire_mono=610635499757750
23:27:42 sim11 id=11 event m5 fired dev_deadline=610635486988443 fire_mono=610635499763500
23:27:42 sim7 id=7 event m5 fired dev_deadline=610635465584439 fire_mono=610635499769000
23:27:42 sim6 id=6 event m5 fired dev_deadline=610635478909259 fire_mono=610635499775416
23:27:42 sim8 id=8 event m5 fired dev_deadline=610635498372890 fire_mono=610635499782083
23:27:42 sim3 id=3 event m5 fired dev_deadline=610635524770670 fire_mono=610635499788083
23:27:42 sim2 id=2 event m5 fired dev_deadline=610635482366715 fire_mono=610635499794375
23:27:42 sim1 id=1 event m5 fired dev_deadline=610635537742981 fire_mono=610635499800750
23:27:42 sim4 id=4 event m5 fired dev_deadline=610635532457883 fire_mono=610635499807083
23:27:42 sim5 id=5 event m5 fired dev_deadline=610635505793936 fire_mono=610635499812583
23:27:42 sim1 id=1 sync offset=39665315ns
23:27:42 sim2 id=2 sync offset=-15711367ns
23:27:42 sim3 id=3 sync offset=26699170ns
23:27:42 sim4 id=4 sync offset=34382989ns
23:27:42 sim5 id=5 sync offset=7723135ns
23:27:42 sim6 id=6 sync offset=-19155427ns
23:27:42 sim7 id=7 sync offset=-32470862ns
23:27:42 sim8 id=8 sync offset=306058ns
23:27:42 sim9 id=9 sync offset=15176054ns
23:27:42 sim10 id=10 sync offset=-31927620ns
23:27:42 sim11 id=11 sync offset=-11065462ns
23:27:42 sim12 id=12 sync offset=-29818935ns
23:27:42 sim13 id=13 sync offset=21018797ns
23:27:42 sim14 id=14 sync offset=-31821261ns
23:27:42 sim15 id=15 sync offset=33348707ns
23:27:42 sim16 id=16 sync offset=-25584024ns
23:27:42 sim17 id=17 sync offset=-12081135ns
23:27:42 sim18 id=18 sync offset=-27968281ns
23:27:42 sim19 id=19 sync offset=-3833323ns
23:27:42 sim20 id=20 sync offset=16211302ns
23:27:42 sim21 id=21 sync offset=38857065ns
23:27:42 sim22 id=22 sync offset=-2359098ns
23:27:42 sim23 id=23 sync offset=-5668314ns
23:27:42 sim24 id=24 sync offset=7158080ns
23:27:42 sim25 id=25 sync offset=36026840ns
23:27:42 sim26 id=26 sync offset=-17815045ns
23:27:42 sim27 id=27 sync offset=27564371ns
23:27:42 sim28 id=28 sync offset=-38805652ns
23:27:42 sim29 id=29 sync offset=19826062ns
23:27:42 sim30 id=30 sync offset=-27797864ns
23:27:42 sim31 id=31 sync offset=-1958215ns
23:27:42 sim32 id=32 sync offset=28392603ns
23:27:42 sim33 id=33 sync offset=-16585069ns
23:27:42 sim34 id=34 sync offset=24697768ns
23:27:42 sim35 id=35 sync offset=21078203ns
23:27:42 sim36 id=36 sync offset=-1809804ns
23:27:42 sim37 id=37 sync offset=-12252505ns
23:27:42 sim38 id=38 sync offset=13243590ns
23:27:42 sim39 id=39 sync offset=-5328321ns
23:27:42 sim40 id=40 sync offset=-18274369ns
23:27:42 sim41 id=41 sync offset=-27256289ns
23:27:42 sim42 id=42 sync offset=37048805ns
23:27:42 sim43 id=43 sync offset=8793923ns
23:27:42 sim44 id=44 sync offset=-36372234ns
23:27:42 sim45 id=45 sync offset=-34163954ns
23:27:42 sim46 id=46 sync offset=-21692568ns
23:27:42 sim47 id=47 sync offset=-10753562ns
23:27:42 sim48 id=48 sync offset=-583662ns
23:27:42 sim49 id=49 sync offset=-11436803ns
23:27:42 sim50 id=50 sync offset=-34801507ns
23:27:42 sim41 id=41 event m6 fired dev_deadline=610635571754544 fire_mono=610635599493541
23:27:42 sim35 id=35 event m6 fired dev_deadline=610635620106171 fire_mono=610635599594833
23:27:42 sim36 id=36 event m6 fired dev_deadline=610635597211800 fire_mono=610635599633291
23:27:42 sim33 id=33 event m6 fired dev_deadline=610635582437389 fire_mono=610635599655500
23:27:42 sim37 id=37 event m6 fired dev_deadline=610635586769609 fire_mono=610635599673500
23:27:42 sim39 id=39 event m6 fired dev_deadline=610635593686929 fire_mono=610635599692541
23:27:42 sim34 id=34 event m6 fired dev_deadline=610635623722372 fire_mono=610635599710041
23:27:42 sim38 id=38 event m6 fired dev_deadline=610635612262131 fire_mono=610635599729458
23:27:42 sim44 id=44 event m6 fired dev_deadline=610635562649401 fire_mono=610635599759458
23:27:42 sim32 id=32 event m6 fired dev_deadline=610635627431811 fire_mono=610635599817666
23:27:42 sim43 id=43 event m6 fired dev_deadline=610635607814184 fire_mono=610635599838458
23:27:42 sim40 id=40 event m6 fired dev_deadline=610635580737641 fire_mono=610635599847708
23:27:42 sim30 id=30 event m6 fired dev_deadline=610635571241344 fire_mono=610635599855208
23:27:42 sim31 id=31 event m6 fired dev_deadline=610635597080993 fire_mono=610635599861791
23:27:42 sim42 id=42 event m6 fired dev_deadline=610635636077962 fire_mono=610635599868291
23:27:42 sim29 id=29 event m6 fired dev_deadline=610635618865270 fire_mono=610635599874791
23:27:42 sim26 id=26 event m6 fired dev_deadline=610635581222340 fire_mono=610635599881250
23:27:42 sim27 id=27 event m6 fired dev_deadline=610635626598495 fire_mono=610635599887875
23:27:42 sim45 id=45 event m6 fired dev_deadline=610635564856441 fire_mono=610635599893708
23:27:42 sim46 id=46 event m6 fired dev_deadline=610635577321140 fire_mono=610635599899458
23:27:42 sim47 id=47 event m6 fired dev_deadline=610635588260042 fire_mono=610635599905000
23:27:42 sim28 id=28 event m6 fired dev_deadline=610635560245868 fire_mono=610635599912250
23:27:42 sim25 id=25 event m6 fired dev_deadline=610635635063798 fire_mono=610635599918125
23:27:42 sim24 id=24 event m6 fired dev_deadline=610635606188955 fire_mono=610635599923708
23:27:42 sim22 id=22 event m6 fired dev_deadline=610635596669923 fire_mono=610635599929291
23:27:42 sim16 id=16 event m6 fired dev_deadline=610635573446330 fire_mono=610635599934458
23:27:42 sim23 id=23 event m6 fired dev_deadline=610635593356561 fire_mono=610635599939916
23:27:42 sim49 id=49 event m6 fired dev_deadline=610635587587312 fire_mono=610635599945500
23:27:42 sim48 id=48 event m6 fired dev_deadline=610635598439296 fire_mono=610635599951500
23:27:42 sim50 id=50 event m6 fired dev_deadline=610635564222732 fire_mono=610635599957208
23:27:42 sim14 id=14 event m6 fired dev_deadline=610635567216447 fire_mono=610635599962541
23:27:42 sim15 id=15 event m6 fired dev_deadline=610635632381790 fire_mono=610635599968125
23:27:42 sim21 id=21 event m6 fired dev_deadline=610635637892649 fire_mono=610635599974041
23:27:42 sim19 id=19 event m6 fired dev_deadline=610635595203843 fire_mono=610635599979791
23:27:42 sim20 id=20 event m6 fired dev_deadline=610635615246167 fire_mono=610635599985541
23:27:42 sim17 id=17 event m6 fired dev_deadline=610635586957562 fire_mono=610635599991000
23:27:42 sim18 id=18 event m6 fired dev_deadline=610635571070687 fire_mono=610635599996541
23:27:42 sim4 id=4 event m6 fired dev_deadline=610635633423853 fire_mono=610635600002000
23:27:42 sim3 id=3 event m6 fired dev_deadline=610635625738972 fire_mono=610635600007625
23:27:42 sim13 id=13 event m6 fired dev_deadline=610635620065328 fire_mono=610635600023583
23:27:42 sim6 id=6 event m6 fired dev_deadline=610635579880229 fire_mono=610635600028541
23:27:42 sim12 id=12 event m6 fired dev_deadline=610635569217804 fire_mono=610635600033208
23:27:42 sim8 id=8 event m6 fired dev_deadline=610635599343725 fire_mono=610635600037750
23:27:42 sim5 id=5 event m6 fired dev_deadline=610635606760083 fire_mono=610635600042666
23:27:42 sim2 id=2 event m6 fired dev_deadline=610635583336382 fire_mono=610635600046958
23:27:42 sim1 id=1 event m6 fired dev_deadline=610635638712648 fire_mono=610635600051375
23:27:42 sim11 id=11 event m6 fired dev_deadline=610635587973642 fire_mono=610635600055875
23:27:42 sim10 id=10 event m6 fired dev_deadline=610635567110630 fire_mono=610635600060541
23:27:42 sim9 id=9 event m6 fired dev_deadline=610635614211898 fire_mono=610635600064833
23:27:42 sim7 id=7 event m6 fired dev_deadline=610635566566835 fire_mono=610635600069083
23:27:42 sim41 id=41 event m7 fired dev_deadline=610635672245711 fire_mono=610635703788375
23:27:42 sim35 id=35 event m7 fired dev_deadline=610635720597338 fire_mono=610635703828125
23:27:42 sim36 id=36 event m7 fired dev_deadline=610635697702967 fire_mono=610635703837541
23:27:42 sim33 id=33 event m7 fired dev_deadline=610635682928556 fire_mono=610635703843375
23:27:42 sim37 id=37 event m7 fired dev_deadline=610635687260776 fire_mono=610635703848750
23:27:42 sim39 id=39 event m7 fired dev_deadline=610635694178096 fire_mono=610635703853666
23:27:42 sim34 id=34 event m7 fired dev_deadline=610635724213539 fire_mono=610635703858375
23:27:42 sim38 id=38 event m7 fired dev_deadline=610635712753298 fire_mono=610635703863166
23:27:42 sim32 id=32 event m7 fired dev_deadline=610635727922978 fire_mono=610635703867625
23:27:42 sim44 id=44 event m7 fired dev_deadline=610635663140568 fire_mono=610635703871916
23:27:42 sim43 id=43 event m7 fired dev_deadline=610635708305351 fire_mono=610635703876791
23:27:42 sim40 id=40 event m7 fired dev_deadline=610635681228808 fire_mono=610635703881583
23:27:42 sim30 id=30 event m7 fired dev_deadline=610635671732511 fire_mono=610635703886166
23:27:42 sim31 id=31 event m7 fired dev_deadline=610635697572160 fire_mono=610635703891000
23:27:42 sim42 id=42 event m7 fired dev_deadline=610635736569129 fire_mono=610635703895125
23:27:42 sim29 id=29 event m7 fired dev_deadline=610635719356437 fire_mono=610635703900708
23:27:42 sim26 id=26 event m7 fired dev_deadline=610635681713507 fire_mono=610635703905000
23:27:42 sim27 id=27 event m7 fired dev_deadline=610635727089662 fire_mono=610635703909375
23:27:42 sim45 id=45 event m7 fired dev_deadline=610635665347608 fire_mono=610635703913416
23:27:42 sim46 id=46 event m7 fired dev_deadline=610635677812307 fire_mono=610635703917666
23:27:42 sim47 id=47 event m7 fired dev_deadline=610635688751209 fire_mono=610635703922625
23:27:42 sim28 id=28 event m7 fired dev_deadline=610635660737035 fire_mono=610635703926875
23:27:42 sim25 id=25 event m7 fired dev_deadline=610635735554965 fire_mono=610635703932375
23:27:42 sim24 id=24 event m7 fired dev_deadline=610635706680122 fire_mono=610635703937000
23:27:42 sim22 id=22 event m7 fired dev_deadline=610635697161090 fire_mono=610635703942041
23:27:42 sim16 id=16 event m7 fired dev_deadline=610635673937497 fire_mono=610635703946458
23:27:42 sim23 id=23 event m7 fired dev_deadline=610635693847728 fire_mono=610635703950500
23:27:42 sim49 id=49 event m7 fired dev_deadline=610635688078479 fire_mono=610635703954458
23:27:42 sim48 id=48 event m7 fired dev_deadline=610635698930463 fire_mono=610635703958458
23:27:42 sim50 id=50 event m7 fired dev_deadline=610635664713899 fire_mono=610635703962916
23:27:42 sim14 id=14 event m7 fired dev_deadline=610635667707614 fire_mono=610635703966791
23:27:42 sim15 id=15 event m7 fired dev_deadline=610635732872957 fire_mono=610635703970708
23:27:42 sim21 id=21 event m7 fired dev_deadline=610635738383816 fire_mono=610635703974791
23:27:42 sim19 id=19 event m7 fired dev_deadline=610635695695010 fire_mono=610635703979666
23:27:42 sim20 id=20 event m7 fired dev_deadline=610635715737334 fire_mono=610635703985291
23:27:42 sim17 id=17 event m7 fired dev_deadline=610635687448729 fire_mono=610635703989666
23:27:42 sim18 id=18 event m7 fired dev_deadline=610635671561854 fire_mono=610635703993875
23:27:42 sim4 id=4 event m7 fired dev_deadline=610635733915020 fire_mono=610635703998166
23:27:42 sim3 id=3 event m7 fired dev_deadline=610635726230139 fire_mono=610635704003625
23:27:42 sim13 id=13 event m7 fired dev_deadline=610635720556495 fire_mono=610635704007958
23:27:42 sim6 id=6 event m7 fired dev_deadline=610635680371396 fire_mono=610635704012250
23:27:42 sim12 id=12 event m7 fired dev_deadline=610635669708971 fire_mono=610635704016250
23:27:42 sim8 id=8 event m7 fired dev_deadline=610635699834892 fire_mono=610635704020250
23:27:42 sim5 id=5 event m7 fired dev_deadline=610635707251250 fire_mono=610635704024083
23:27:42 sim2 id=2 event m7 fired dev_deadline=610635683827549 fire_mono=610635704030083
23:27:42 sim1 id=1 event m7 fired dev_deadline=610635739203815 fire_mono=610635704034500
23:27:42 sim11 id=11 event m7 fired dev_deadline=610635688464809 fire_mono=610635704039666
23:27:42 sim10 id=10 event m7 fired dev_deadline=610635667601797 fire_mono=610635704043875
23:27:42 sim9 id=9 event m7 fired dev_deadline=610635714703065 fire_mono=610635704048291
23:27:42 sim7 id=7 event m7 fired dev_deadline=610635667058002 fire_mono=610635704052541
23:27:42 sim41 id=41 event m8 fired dev_deadline=610635773787377 fire_mono=610635804532916
23:27:42 sim35 id=35 event m8 fired dev_deadline=610635822139004 fire_mono=610635804689791
23:27:42 sim36 id=36 event m8 fired dev_deadline=610635799244633 fire_mono=610635804712541
23:27:42 sim33 id=33 event m8 fired dev_deadline=610635784470222 fire_mono=610635804724458
23:27:42 sim37 id=37 event m8 fired dev_deadline=610635788802442 fire_mono=610635804733541
23:27:42 sim39 id=39 event m8 fired dev_deadline=610635795719762 fire_mono=610635804740041
23:27:42 sim34 id=34 event m8 fired dev_deadline=610635825755205 fire_mono=610635804747333
23:27:42 sim38 id=38 event m8 fired dev_deadline=610635814294964 fire_mono=610635804753291
23:27:42 sim32 id=32 event m8 fired dev_deadline=610635829464644 fire_mono=610635804759375
23:27:42 sim44 id=44 event m8 fired dev_deadline=610635764682234 fire_mono=610635804765541
23:27:42 sim43 id=43 event m8 fired dev_deadline=610635809847017 fire_mono=610635804772208
23:27:42 sim40 id=40 event m8 fired dev_deadline=610635782770474 fire_mono=610635804778916
23:27:42 sim30 id=30 event m8 fired dev_deadline=610635773274177 fire_mono=610635804784708
23:27:42 sim31 id=31 event m8 fired dev_deadline=610635799113826 fire_mono=610635804791583
23:27:42 sim42 id=42 event m8 fired dev_deadline=610635838110795 fire_mono=610635804797166
23:27:42 sim29 id=29 event m8 fired dev_deadline=610635820898103 fire_mono=610635804802750
23:27:42 sim26 id=26 event m8 fired dev_deadline=610635783255173 fire_mono=610635804808333
23:27:42 sim27 id=27 event m8 fired dev_deadline=610635828631328 fire_mono=610635804815333
23:27:42 sim45 id=45 event m8 fired dev_deadline=610635766889274 fire_mono=610635804821083
23:27:42 sim46 id=46 event m8 fired dev_deadline=610635779353973 fire_mono=610635804859125
23:27:42 sim47 id=47 event m8 fired dev_deadline=610635790292875 fire_mono=610635804867416
23:27:42 sim28 id=28 event m8 fired dev_deadline=610635762278701 fire_mono=610635804874416
23:27:42 sim25 id=25 event m8 fired dev_deadline=610635837096631 fire_mono=610635804880875
23:27:42 sim24 id=24 event m8 fired dev_deadline=610635808221788 fire_mono=610635804886583
23:27:42 sim22 id=22 event m8 fired dev_deadline=610635798702756 fire_mono=610635804892375
23:27:42 sim16 id=16 event m8 fired dev_deadline=610635775479163 fire_mono=610635804897500
23:27:42 sim23 id=23 event m8 fired dev_deadline=610635795389394 fire_mono=610635804902916
23:27:42 sim49 id=49 event m8 fired dev_deadline=610635789620145 fire_mono=610635804909583
23:27:42 sim48 id=48 event m8 fired dev_deadline=610635800472129 fire_mono=610635804914791
23:27:42 sim50 id=50 event m8 fired dev_deadline=610635766255565 fire_mono=610635804920666
23:27:42 sim14 id=14 event m8 fired dev_deadline=610635769249280 fire_mono=610635804926583
23:27:42 sim15 id=15 event m8 fired dev_deadline=610635834414623 fire_mono=610635804933000
23:27:42 sim21 id=21 event m8 fired dev_deadline=610635839925482 fire_mono=610635804939625
23:27:42 sim20 id=20 event m8 fired dev_deadline=610635817279000 fire_mono=610635804949875
23:27:42 sim19 id=19 event m8 fired dev_deadline=610635797236676 fire_mono=610635804954958
23:27:42 sim17 id=17 event m8 fired dev_deadline=610635788990395 fire_mono=610635804961041
23:27:42 sim18 id=18 event m8 fired dev_deadline=610635773103520 fire_mono=610635804966250
23:27:42 sim4 id=4 event m8 fired dev_deadline=610635835456686 fire_mono=610635804971500
23:27:42 sim3 id=3 event m8 fired dev_deadline=610635827771805 fire_mono=610635804977666
23:27:42 sim13 id=13 event m8 fired dev_deadline=610635822098161 fire_mono=610635804983041
23:27:42 sim6 id=6 event m8 fired dev_deadline=610635781913062 fire_mono=610635804988166
23:27:42 sim12 id=12 event m8 fired dev_deadline=610635771250637 fire_mono=610635804993458
23:27:42 sim8 id=8 event m8 fired dev_deadline=610635801376558 fire_mono=610635804998291
23:27:42 sim5 id=5 event m8 fired dev_deadline=610635808792916 fire_mono=610635805003583
23:27:42 sim2 id=2 event m8 fired dev_deadline=610635785369215 fire_mono=610635805010208
23:27:42 sim1 id=1 event m8 fired dev_deadline=610635840745481 fire_mono=610635805015416
23:27:42 sim11 id=11 event m8 fired dev_deadline=610635790006475 fire_mono=610635805020416
23:27:42 sim10 id=10 event m8 fired dev_deadline=610635769143463 fire_mono=610635805025416
23:27:42 sim9 id=9 event m8 fired dev_deadline=610635816244731 fire_mono=610635805030375
23:27:42 sim7 id=7 event m8 fired dev_deadline=610635768599668 fire_mono=610635805035541
23:27:42 sim41 id=41 event m9 fired dev_deadline=610635874522211 fire_mono=610635904836000
23:27:42 sim35 id=35 event m9 fired dev_deadline=610635922873838 fire_mono=610635904877541
23:27:42 sim36 id=36 event m9 fired dev_deadline=610635899979467 fire_mono=610635904889625
23:27:42 sim33 id=33 event m9 fired dev_deadline=610635885205056 fire_mono=610635904899125
23:27:42 sim37 id=37 event m9 fired dev_deadline=610635889537276 fire_mono=610635904906958
23:27:42 sim39 id=39 event m9 fired dev_deadline=610635896454596 fire_mono=610635904913291
23:27:42 sim34 id=34 event m9 fired dev_deadline=610635926490039 fire_mono=610635904919958
23:27:42 sim38 id=38 event m9 fired dev_deadline=610635915029798 fire_mono=610635904926541
23:27:42 sim32 id=32 event m9 fired dev_deadline=610635930199478 fire_mono=610635904932125
23:27:42 sim44 id=44 event m9 fired dev_deadline=610635865417068 fire_mono=610635904937333
23:27:42 sim43 id=43 event m9 fired dev_deadline=610635910581851 fire_mono=610635904942416
23:27:42 sim40 id=40 event m9 fired dev_deadline=610635883505308 fire_mono=610635904948583
23:27:42 sim30 id=30 event m9 fired dev_deadline=610635874009011 fire_mono=610635904953958
23:27:42 sim42 id=42 event m9 fired dev_deadline=610635938845629 fire_mono=610635904959166
23:27:42 sim31 id=31 event m9 fired dev_deadline=610635899848660 fire_mono=610635904964708
23:27:42 sim29 id=29 event m9 fired dev_deadline=610635921632937 fire_mono=610635904970125
23:27:42 sim26 id=26 event m9 fired dev_deadline=610635883990007 fire_mono=610635904975625
23:27:42 sim27 id=27 event m9 fired dev_deadline=610635929366162 fire_mono=610635904983583
23:27:42 sim45 id=45 event m9 fired dev_deadline=610635867624108 fire_mono=610635904988541
23:27:42 sim46 id=46 event m9 fired dev_deadline=610635880088807 fire_mono=610635904993916
23:27:42 sim47 id=47 event m9 fired dev_deadline=610635891027709 fire_mono=610635905000208
23:27:42 sim28 id=28 event m9 fired dev_deadline=610635863013535 fire_mono=610635905007541
23:27:42 sim25 id=25 event m9 fired dev_deadline=610635937831465 fire_mono=610635905012916
23:27:42 sim24 id=24 event m9 fired dev_deadline=610635908956622 fire_mono=610635905018833
23:27:42 sim22 id=22 event m9 fired dev_deadline=610635899437590 fire_mono=610635905026375
23:27:42 sim16 id=16 event m9 fired dev_deadline=610635876213997 fire_mono=610635905035625
23:27:42 sim23 id=23 event m9 fired dev_deadline=610635896124228 fire_mono=610635905042125
23:27:42 sim49 id=49 event m9 fired dev_deadline=610635890354979 fire_mono=610635905050250
23:27:42 sim48 id=48 event m9 fired dev_deadline=610635901206963 fire_mono=610635905056333
23:27:42 sim50 id=50 event m9 fired dev_deadline=610635866990399 fire_mono=610635905061500
23:27:42 sim14 id=14 event m9 fired dev_deadline=610635869984114 fire_mono=610635905067500
23:27:42 sim15 id=15 event m9 fired dev_deadline=610635935149457 fire_mono=610635905072583
23:27:42 sim21 id=21 event m9 fired dev_deadline=610635940660316 fire_mono=610635905078375
23:27:42 sim19 id=19 event m9 fired dev_deadline=610635897971510 fire_mono=610635905084458
23:27:42 sim20 id=20 event m9 fired dev_deadline=610635918013834 fire_mono=610635905089541
23:27:42 sim17 id=17 event m9 fired dev_deadline=610635889725229 fire_mono=610635905095916
23:27:42 sim18 id=18 event m9 fired dev_deadline=610635873838354 fire_mono=610635905100833
23:27:42 sim4 id=4 event m9 fired dev_deadline=610635936191520 fire_mono=610635905105916
23:27:42 sim3 id=3 event m9 fired dev_deadline=610635928506639 fire_mono=610635905111958
23:27:42 sim13 id=13 event m9 fired dev_deadline=610635922832995 fire_mono=610635905119958
23:27:42 sim6 id=6 event m9 fired dev_deadline=610635882647896 fire_mono=610635905125875
23:27:42 sim12 id=12 event m9 fired dev_deadline=610635871985471 fire_mono=610635905131125
23:27:42 sim8 id=8 event m9 fired dev_deadline=610635902111392 fire_mono=610635905136708
23:27:42 sim5 id=5 event m9 fired dev_deadline=610635909527750 fire_mono=610635905142583
23:27:42 sim2 id=2 event m9 fired dev_deadline=610635886104049 fire_mono=610635905147375
23:27:42 sim11 id=11 event m9 fired dev_deadline=610635890741309 fire_mono=610635905152291
23:27:42 sim10 id=10 event m9 fired dev_deadline=610635869878297 fire_mono=610635905158000
23:27:42 sim1 id=1 event m9 fired dev_deadline=610635941480315 fire_mono=610635905164041
23:27:42 sim9 id=9 event m9 fired dev_deadline=610635916979565 fire_mono=610635905169666
23:27:42 sim7 id=7 event m9 fired dev_deadline=610635869334502 fire_mono=610635905176625
23:27:42 sim41 id=41 event m10 fired dev_deadline=610635975150086 fire_mono=610636002665625
23:27:42 sim35 id=35 event m10 fired dev_deadline=610636023501713 fire_mono=610636002712041
23:27:42 sim36 id=36 event m10 fired dev_deadline=610636000607342 fire_mono=610636002725916
23:27:42 sim33 id=33 event m10 fired dev_deadline=610635985832931 fire_mono=610636002734000
23:27:42 sim37 id=37 event m10 fired dev_deadline=610635990165151 fire_mono=610636002741375
23:27:42 sim39 id=39 event m10 fired dev_deadline=610635997082471 fire_mono=610636002747916
23:27:42 sim34 id=34 event m10 fired dev_deadline=610636027117914 fire_mono=610636002753875
23:27:42 sim38 id=38 event m10 fired dev_deadline=610636015657673 fire_mono=610636002759458
23:27:42 sim32 id=32 event m10 fired dev_deadline=610636030827353 fire_mono=610636002765291
23:27:42 sim44 id=44 event m10 fired dev_deadline=610635966044943 fire_mono=610636002770666
23:27:42 sim43 id=43 event m10 fired dev_deadline=610636011209726 fire_mono=610636002776458
23:27:42 sim40 id=40 event m10 fired dev_deadline=610635984133183 fire_mono=610636002783750
23:27:42 sim30 id=30 event m10 fired dev_deadline=610635974636886 fire_mono=610636002789583
23:27:42 sim31 id=31 event m10 fired dev_deadline=610636000476535 fire_mono=610636002794833
23:27:42 sim42 id=42 event m10 fired dev_deadline=610636039473504 fire_mono=610636002799916
23:27:42 sim29 id=29 event m10 fired dev_deadline=610636022260812 fire_mono=610636002804958
23:27:42 sim26 id=26 event m10 fired dev_deadline=610635984617882 fire_mono=610636002810291
23:27:42 sim27 id=27 event m10 fired dev_deadline=610636029994037 fire_mono=610636002815583
23:27:42 sim45 id=45 event m10 fired dev_deadline=610635968251983 fire_mono=610636002822125
23:27:42 sim46 id=46 event m10 fired dev_deadline=610635980716682 fire_mono=610636002828583
23:27:42 sim47 id=47 event m10 fired dev_deadline=610635991655584 fire_mono=610636002834958
23:27:42 sim28 id=28 event m10 fired dev_deadline=610635963641410 fire_mono=610636002840375
23:27:42 sim25 id=25 event m10 fired dev_deadline=610636038459340 fire_mono=610636002845583
23:27:42 sim24 id=24 event m10 fired dev_deadline=610636009584497 fire_mono=610636002851500
23:27:42 sim22 id=22 event m10 fired dev_deadline=610636000065465 fire_mono=610636002857041
23:27:42 sim16 id=16 event m10 fired dev_deadline=610635976841872 fire_mono=610636002862791
23:27:42 sim49 id=49 event m10 fired dev_deadline=610635990982854 fire_mono=610636002867958
23:27:42 sim48 id=48 event m10 fired dev_deadline=610636001834838 fire_mono=610636002873250
23:27:42 sim50 id=50 event m10 fired dev_deadline=610635967618274 fire_mono=610636002879083
23:27:42 sim14 id=14 event m10 fired dev_deadline=610635970611989 fire_mono=610636002884291
23:27:42 sim21 id=21 event m10 fired dev_deadline=610636041288191 fire_mono=610636002890041
23:27:42 sim15 id=15 event m10 fired dev_deadline=610636035777332 fire_mono=610636002895541
23:27:42 sim19 id=19 event m10 fired dev_deadline=610635998599385 fire_mono=610636002901125
23:27:42 sim20 id=20 event m10 fired dev_deadline=610636018641709 fire_mono=610636002907125
23:27:42 sim17 id=17 event m10 fired dev_deadline=610635990353104 fire_mono=610636002912875
23:27:42 sim18 id=18 event m10 fired dev_deadline=610635974466229 fire_mono=610636002918083
23:27:42 sim23 id=23 event m10 fired dev_deadline=610635996752103 fire_mono=610636002924500
23:27:42 sim4 id=4 event m10 fired dev_deadline=610636036819395 fire_mono=610636002930208
23:27:42 sim3 id=3 event m10 fired dev_deadline=610636029134514 fire_mono=610636002936041
23:27:42 sim13 id=13 event m10 fired dev_deadline=610636023460870 fire_mono=610636002943166
23:27:42 sim6 id=6 event m10 fired dev_deadline=610635983275771 fire_mono=610636002948916
23:27:42 sim12 id=12 event m10 fired dev_deadline=610635972613346 fire_mono=610636002985708
23:27:42 sim8 id=8 event m10 fired dev_deadline=610636002739267 fire_mono=610636002996583
23:27:42 sim5 id=5 event m10 fired dev_deadline=610636010155625 fire_mono=610636003002375
23:27:42 sim2 id=2 event m10 fired dev_deadline=610635986731924 fire_mono=610636003007625
23:27:42 sim1 id=1 event m10 fired dev_deadline=610636042108190 fire_mono=610636003013375
23:27:42 sim11 id=11 event m10 fired dev_deadline=610635991369184 fire_mono=610636003018625
23:27:42 sim10 id=10 event m10 fired dev_deadline=610635970506172 fire_mono=610636003023875
23:27:42 sim9 id=9 event m10 fired dev_deadline=610636017607440 fire_mono=610636003029000
23:27:42 sim7 id=7 event m10 fired dev_deadline=610635969962377 fire_mono=610636003034083
23:27:42 sim1 id=1 sync offset=39665315ns
23:27:42 sim2 id=2 sync offset=-15708877ns
23:27:42 sim3 id=3 sync offset=26699764ns
23:27:42 sim4 id=4 sync offset=34382989ns
23:27:42 sim5 id=5 sync offset=7723135ns
23:27:42 sim6 id=6 sync offset=-19155427ns
23:27:42 sim7 id=7 sync offset=-32469352ns
23:27:42 sim8 id=8 sync offset=306058ns
23:27:42 sim9 id=9 sync offset=15176054ns
23:27:42 sim10 id=10 sync offset=-31927620ns
23:27:42 sim11 id=11 sync offset=-11065462ns
23:27:42 sim12 id=12 sync offset=-29816467ns
23:27:42 sim13 id=13 sync offset=21026120ns
23:27:42 sim14 id=14 sync offset=-31812084ns
23:27:42 sim15 id=15 sync offset=33354905ns
23:27:42 sim16 id=16 sync offset=-25581430ns
23:27:42 sim17 id=17 sync offset=-12081135ns
23:27:42 sim18 id=18 sync offset=-27968281ns
23:27:42 sim19 id=19 sync offset=-3833323ns
23:27:42 sim20 id=20 sync offset=16211302ns
23:27:42 sim21 id=21 sync offset=38857065ns
23:27:42 sim22 id=22 sync offset=-2359098ns
23:27:42 sim23 id=23 sync offset=-5668314ns
23:27:42 sim24 id=24 sync offset=7158080ns
23:27:42 sim25 id=25 sync offset=36026840ns
23:27:42 sim26 id=26 sync offset=-17815045ns
23:27:42 sim27 id=27 sync offset=27564371ns
23:27:42 sim28 id=28 sync offset=-38793340ns
23:27:42 sim29 id=29 sync offset=19845937ns
23:27:42 sim30 id=30 sync offset=-27775406ns
23:27:42 sim31 id=31 sync offset=-1936560ns
23:27:42 sim32 id=32 sync offset=28418301ns
23:27:42 sim33 id=33 sync offset=-16568319ns
23:27:42 sim34 id=34 sync offset=24712373ns
23:27:42 sim35 id=35 sync offset=21089443ns
23:27:42 sim36 id=36 sync offset=-1787543ns
23:27:42 sim37 id=37 sync offset=-12231296ns
23:27:42 sim38 id=38 sync offset=13259861ns
23:27:42 sim39 id=39 sync offset=-5314925ns
23:27:42 sim40 id=40 sync offset=-18266348ns
23:27:42 sim41 id=41 sync offset=-27227914ns
23:27:42 sim42 id=42 sync offset=37058857ns
23:27:42 sim43 id=43 sync offset=8812871ns
23:27:42 sim44 id=44 sync offset=-36354661ns
23:27:42 sim45 id=45 sync offset=-34162464ns
23:27:42 sim46 id=46 sync offset=-21691807ns
23:27:42 sim47 id=47 sync offset=-10752864ns
23:27:42 sim48 id=48 sync offset=-583318ns
23:27:42 sim49 id=49 sync offset=-11434313ns
23:27:42 sim50 id=50 sync offset=-34799101ns
23:27:42 sim32 id=32 event m11 fired dev_deadline=610636131855561 fire_mono=610636104181833
23:27:42 sim35 id=35 event m11 fired dev_deadline=610636124541161 fire_mono=610636104226708
23:27:42 sim41 id=41 event m11 fired dev_deadline=610636076206669 fire_mono=610636104239041
23:27:42 sim30 id=30 event m11 fired dev_deadline=610636075665094 fire_mono=610636104247791
23:27:42 sim31 id=31 event m11 fired dev_deadline=610636101504743 fire_mono=610636104254416
23:27:42 sim29 id=29 event m11 fired dev_deadline=610636123289020 fire_mono=610636104260541
23:27:42 sim36 id=36 event m11 fired dev_deadline=610636101653154 fire_mono=610636104266666
23:27:42 sim28 id=28 event m11 fired dev_deadline=610636064657306 fire_mono=610636104272791
23:27:42 sim33 id=33 event m11 fired dev_deadline=610636086877889 fire_mono=610636104279541
23:27:42 sim37 id=37 event m11 fired dev_deadline=610636091210453 fire_mono=610636104285041
23:27:42 sim34 id=34 event m11 fired dev_deadline=610636128160726 fire_mono=610636104290666
23:27:42 sim42 id=42 event m11 fired dev_deadline=610636140511763 fire_mono=610636104296125
23:27:42 sim44 id=44 event m11 fired dev_deadline=610636067090724 fire_mono=610636104301958
23:27:42 sim38 id=38 event m11 fired dev_deadline=610636116706548 fire_mono=610636104307375
23:27:42 sim26 id=26 event m11 fired dev_deadline=610636085647913 fire_mono=610636104313666
23:27:42 sim43 id=43 event m11 fired dev_deadline=610636112256881 fire_mono=610636104319041
23:27:42 sim39 id=39 event m11 fired dev_deadline=610636098134637 fire_mono=610636104328166
23:27:42 sim27 id=27 event m11 fired dev_deadline=610636131027329 fire_mono=610636104335041
23:27:42 sim25 id=25 event m11 fired dev_deadline=610636139489798 fire_mono=610636104340791
23:27:42 sim40 id=40 event m11 fired dev_deadline=610636085188589 fire_mono=610636104346166
23:27:42 sim24 id=24 event m11 fired dev_deadline=610636110621038 fire_mono=610636104353166
23:27:42 sim14 id=14 event m11 fired dev_deadline=610636071641697 fire_mono=610636104358666
23:27:42 sim22 id=22 event m11 fired dev_deadline=610636101103860 fire_mono=610636104363916
23:27:42 sim21 id=21 event m11 fired dev_deadline=610636142320023 fire_mono=610636104369500
23:27:42 sim17 id=17 event m11 fired dev_deadline=610636091381823 fire_mono=610636104375083
23:27:42 sim16 id=16 event m11 fired dev_deadline=610636077878934 fire_mono=610636104381333
23:27:42 sim45 id=45 event m11 fired dev_deadline=610636069299004 fire_mono=610636104387333
23:27:42 sim19 id=19 event m11 fired dev_deadline=610636099629635 fire_mono=610636104393416
23:27:42 sim18 id=18 event m11 fired dev_deadline=610636075494677 fire_mono=610636104399416
23:27:42 sim15 id=15 event m11 fired dev_deadline=610636136811665 fire_mono=610636104407875
23:27:42 sim20 id=20 event m11 fired dev_deadline=610636119674260 fire_mono=610636104413708
23:27:42 sim13 id=13 event m11 fired dev_deadline=610636124481755 fire_mono=610636104420458
23:27:42 sim2 id=2 event m11 fired dev_deadline=610636087751591 fire_mono=610636104426750
23:27:42 sim23 id=23 event m11 fired dev_deadline=610636097794644 fire_mono=610636104432958
23:27:42 sim49 id=49 event m11 fired dev_deadline=610636092026155 fire_mono=610636104440000
23:27:42 sim1 id=1 event m11 fired dev_deadline=610636143128273 fire_mono=610636104447875
23:27:42 sim46 id=46 event m11 fired dev_deadline=610636081770390 fire_mono=610636104454875
23:27:42 sim50 id=50 event m11 fired dev_deadline=610636068661451 fire_mono=610636104460041
23:27:42 sim47 id=47 event m11 fired dev_deadline=610636092709396 fire_mono=610636104465541
23:27:42 sim48 id=48 event m11 fired dev_deadline=610636102879296 fire_mono=610636104470750
23:27:42 sim4 id=4 event m11 fired dev_deadline=610636137845947 fire_mono=610636104476000
23:27:42 sim3 id=3 event m11 fired dev_deadline=610636130162128 fire_mono=610636104482166
23:27:42 sim8 id=8 event m11 fired dev_deadline=610636103769016 fire_mono=610636104488458
23:27:42 sim12 id=12 event m11 fired dev_deadline=610636073644023 fire_mono=610636104493708
23:27:42 sim11 id=11 event m11 fired dev_deadline=610636092397496 fire_mono=610636104499000
23:27:42 sim5 id=5 event m11 fired dev_deadline=610636111186093 fire_mono=610636104504041
23:27:42 sim6 id=6 event m11 fired dev_deadline=610636084307531 fire_mono=610636104509375
23:27:42 sim10 id=10 event m11 fired dev_deadline=610636071535338 fire_mono=610636104514583
23:27:42 sim9 id=9 event m11 fired dev_deadline=610636118639012 fire_mono=610636104519500
23:27:42 sim7 id=7 event m11 fired dev_deadline=610636070992096 fire_mono=610636104524416
23:27:42 sim32 id=32 event m12 fired dev_deadline=610636232011644 fire_mono=610636206997583
23:27:42 sim35 id=35 event m12 fired dev_deadline=610636224697244 fire_mono=610636207040416
23:27:42 sim41 id=41 event m12 fired dev_deadline=610636176362752 fire_mono=610636207051791
23:27:42 sim30 id=30 event m12 fired dev_deadline=610636175821177 fire_mono=610636207059875
23:27:42 sim31 id=31 event m12 fired dev_deadline=610636201660826 fire_mono=610636207072291
23:27:42 sim29 id=29 event m12 fired dev_deadline=610636223445103 fire_mono=610636207095125
23:27:42 sim36 id=36 event m12 fired dev_deadline=610636201809237 fire_mono=610636207106041
23:27:42 sim28 id=28 event m12 fired dev_deadline=610636164813389 fire_mono=610636207113916
23:27:42 sim33 id=33 event m12 fired dev_deadline=610636187033972 fire_mono=610636207120666
23:27:42 sim37 id=37 event m12 fired dev_deadline=610636191366536 fire_mono=610636207138541
23:27:42 sim34 id=34 event m12 fired dev_deadline=610636228316809 fire_mono=610636207147708
23:27:42 sim42 id=42 event m12 fired dev_deadline=610636240667846 fire_mono=610636207176541
23:27:42 sim44 id=44 event m12 fired dev_deadline=610636167246807 fire_mono=610636207190083
23:27:42 sim38 id=38 event m12 fired dev_deadline=610636216862631 fire_mono=610636207199333
23:27:42 sim26 id=26 event m12 fired dev_deadline=610636185803996 fire_mono=610636207208166
23:27:42 sim43 id=43 event m12 fired dev_deadline=610636212412964 fire_mono=610636207214833
23:27:42 sim39 id=39 event m12 fired dev_deadline=610636198290720 fire_mono=610636207221875
23:27:42 sim27 id=27 event m12 fired dev_deadline=610636231183412 fire_mono=610636207227916
23:27:42 sim25 id=25 event m12 fired dev_deadline=610636239645881 fire_mono=610636207233541
23:27:42 sim40 id=40 event m12 fired dev_deadline=610636185344672 fire_mono=610636207239375
23:27:42 sim24 id=24 event m12 fired dev_deadline=610636210777121 fire_mono=610636207246666
23:27:42 sim14 id=14 event m12 fired dev_deadline=610636171797780 fire_mono=610636207253791
23:27:42 sim22 id=22 event m12 fired dev_deadline=610636201259943 fire_mono=610636207259541
23:27:42 sim21 id=21 event m12 fired dev_deadline=610636242476106 fire_mono=610636207264916
23:27:42 sim17 id=17 event m12 fired dev_deadline=610636191537906 fire_mono=610636207270541
23:27:42 sim16 id=16 event m12 fired dev_deadline=610636178035017 fire_mono=610636207276125
23:27:42 sim45 id=45 event m12 fired dev_deadline=610636169455087 fire_mono=610636207281333
23:27:42 sim19 id=19 event m12 fired dev_deadline=610636199785718 fire_mono=610636207286666
23:27:42 sim18 id=18 event m12 fired dev_deadline=610636175650760 fire_mono=610636207291708
23:27:42 sim15 id=15 event m12 fired dev_deadline=610636236967748 fire_mono=610636207300041
23:27:42 sim20 id=20 event m12 fired dev_deadline=610636219830343 fire_mono=610636207305541
23:27:42 sim13 id=13 event m12 fired dev_deadline=610636224637838 fire_mono=610636207311291
23:27:42 sim2 id=2 event m12 fired dev_deadline=610636187907674 fire_mono=610636207317291
23:27:42 sim23 id=23 event m12 fired dev_deadline=610636197950727 fire_mono=610636207323083
23:27:42 sim49 id=49 event m12 fired dev_deadline=610636192182238 fire_mono=610636207329875
23:27:42 sim1 id=1 event m12 fired dev_deadline=610636243284356 fire_mono=610636207335708
23:27:42 sim46 id=46 event m12 fired dev_deadline=610636181926473 fire_mono=610636207340875
23:27:42 sim50 id=50 event m12 fired dev_deadline=610636168817534 fire_mono=610636207346083
23:27:42 sim47 id=47 event m12 fired dev_deadline=610636192865479 fire_mono=610636207352000
23:27:42 sim48 id=48 event m12 fired dev_deadline=610636203035379 fire_mono=610636207357166
23:27:42 sim4 id=4 event m12 fired dev_deadline=610636238002030 fire_mono=610636207363000
23:27:42 sim3 id=3 event m12 fired dev_deadline=610636230318211 fire_mono=610636207368666
23:27:42 sim8 id=8 event m12 fired dev_deadline=610636203925099 fire_mono=610636207373875
23:27:42 sim12 id=12 event m12 fired dev_deadline=610636173800106 fire_mono=610636207392375
23:27:42 sim11 id=11 event m12 fired dev_deadline=610636192553579 fire_mono=610636207399666
23:27:42 sim6 id=6 event m12 fired dev_deadline=610636184463614 fire_mono=610636207407000
23:27:42 sim5 id=5 event m12 fired dev_deadline=610636211342176 fire_mono=610636207413916
23:27:42 sim10 id=10 event m12 fired dev_deadline=610636171691421 fire_mono=610636207420583
23:27:42 sim9 id=9 event m12 fired dev_deadline=610636218795095 fire_mono=610636207426708
23:27:42 sim7 id=7 event m12 fired dev_deadline=610636171148179 fire_mono=610636207432541
23:27:42 sim32 id=32 event m13 fired dev_deadline=610636332755811 fire_mono=610636308505833
23:27:42 sim35 id=35 event m13 fired dev_deadline=610636325441411 fire_mono=610636308562000
23:27:42 sim41 id=41 event m13 fired dev_deadline=610636277106919 fire_mono=610636308580916
23:27:42 sim30 id=30 event m13 fired dev_deadline=610636276565344 fire_mono=610636308590250
23:27:42 sim31 id=31 event m13 fired dev_deadline=610636302404993 fire_mono=610636308597833
23:27:42 sim29 id=29 event m13 fired dev_deadline=610636324189270 fire_mono=610636308605541
23:27:42 sim36 id=36 event m13 fired dev_deadline=610636302553404 fire_mono=610636308612833
23:27:42 sim28 id=28 event m13 fired dev_deadline=610636265557556 fire_mono=610636308621666
23:27:42 sim33 id=33 event m13 fired dev_deadline=610636287778139 fire_mono=610636308628708
23:27:42 sim37 id=37 event m13 fired dev_deadline=610636292110703 fire_mono=610636308635208
23:27:42 sim34 id=34 event m13 fired dev_deadline=610636329060976 fire_mono=610636308641791
23:27:42 sim42 id=42 event m13 fired dev_deadline=610636341412013 fire_mono=610636308647458
23:27:42 sim44 id=44 event m13 fired dev_deadline=610636267990974 fire_mono=610636308653666
23:27:42 sim38 id=38 event m13 fired dev_deadline=610636317606798 fire_mono=610636308659208
23:27:42 sim26 id=26 event m13 fired dev_deadline=610636286548163 fire_mono=610636308665083
23:27:42 sim43 id=43 event m13 fired dev_deadline=610636313157131 fire_mono=610636308670458
23:27:42 sim39 id=39 event m13 fired dev_deadline=610636299034887 fire_mono=610636308676583
23:27:42 sim27 id=27 event m13 fired dev_deadline=610636331927579 fire_mono=610636308683208
23:27:42 sim25 id=25 event m13 fired dev_deadline=610636340390048 fire_mono=610636308690000
23:27:42 sim40 id=40 event m13 fired dev_deadline=610636286088839 fire_mono=610636308696375
23:27:42 sim24 id=24 event m13 fired dev_deadline=610636311521288 fire_mono=610636308702208
23:27:42 sim14 id=14 event m13 fired dev_deadline=610636272541947 fire_mono=610636308708625
23:27:42 sim22 id=22 event m13 fired dev_deadline=610636302004110 fire_mono=610636308715750
23:27:42 sim21 id=21 event m13 fired dev_deadline=610636343220273 fire_mono=610636308722916
23:27:42 sim16 id=16 event m13 fired dev_deadline=610636278779184 fire_mono=610636308731708
23:27:42 sim17 id=17 event m13 fired dev_deadline=610636292282073 fire_mono=610636308739541
23:27:42 sim45 id=45 event m13 fired dev_deadline=610636270199254 fire_mono=610636308747833
23:27:42 sim19 id=19 event m13 fired dev_deadline=610636300529885 fire_mono=610636308754666
23:27:42 sim18 id=18 event m13 fired dev_deadline=610636276394927 fire_mono=610636308760333
23:27:42 sim15 id=15 event m13 fired dev_deadline=610636337711915 fire_mono=610636308767000
23:27:42 sim20 id=20 event m13 fired dev_deadline=610636320574510 fire_mono=610636308772291
23:27:42 sim13 id=13 event m13 fired dev_deadline=610636325382005 fire_mono=610636308778625
23:27:42 sim2 id=2 event m13 fired dev_deadline=610636288651841 fire_mono=610636308784250
23:27:42 sim23 id=23 event m13 fired dev_deadline=610636298694894 fire_mono=610636308790625
23:27:42 sim49 id=49 event m13 fired dev_deadline=610636292926405 fire_mono=610636308796791
23:27:42 sim46 id=46 event m13 fired dev_deadline=610636282670640 fire_mono=610636308801875
23:27:42 sim1 id=1 event m13 fired dev_deadline=610636344028523 fire_mono=610636308807583
23:27:42 sim47 id=47 event m13 fired dev_deadline=610636293609646 fire_mono=610636308813833
23:27:42 sim50 id=50 event m13 fired dev_deadline=610636269561701 fire_mono=610636308819833
23:27:42 sim48 id=48 event m13 fired dev_deadline=610636303779546 fire_mono=610636308825333
23:27:42 sim4 id=4 event m13 fired dev_deadline=610636338746197 fire_mono=610636308831541
23:27:42 sim3 id=3 event m13 fired dev_deadline=610636331062378 fire_mono=610636308838375
23:27:42 sim8 id=8 event m13 fired dev_deadline=610636304669266 fire_mono=610636308846791
23:27:42 sim12 id=12 event m13 fired dev_deadline=610636274544273 fire_mono=610636308853625
23:27:42 sim11 id=11 event m13 fired dev_deadline=610636293297746 fire_mono=610636308862375
23:27:42 sim6 id=6 event m13 fired dev_deadline=610636285207781 fire_mono=610636308870375
23:27:42 sim5 id=5 event m13 fired dev_deadline=610636312086343 fire_mono=610636308876166
23:27:42 sim10 id=10 event m13 fired dev_deadline=610636272435588 fire_mono=610636308882291
23:27:42 sim9 id=9 event m13 fired dev_deadline=610636319539262 fire_mono=610636308887833
23:27:42 sim7 id=7 event m13 fired dev_deadline=610636271892346 fire_mono=610636308893458
23:27:42 sim32 id=32 event m14 fired dev_deadline=610636433058269 fire_mono=610636409399458
23:27:42 sim35 id=35 event m14 fired dev_deadline=610636425743869 fire_mono=610636409438250
23:27:42 sim41 id=41 event m14 fired dev_deadline=610636377409377 fire_mono=610636409454875
23:27:42 sim30 id=30 event m14 fired dev_deadline=610636376867802 fire_mono=610636409463791
23:27:42 sim31 id=31 event m14 fired dev_deadline=610636402707451 fire_mono=610636409470583
23:27:42 sim29 id=29 event m14 fired dev_deadline=610636424491728 fire_mono=610636409478833
23:27:42 sim36 id=36 event m14 fired dev_deadline=610636402855862 fire_mono=610636409485083
23:27:42 sim28 id=28 event m14 fired dev_deadline=610636365860014 fire_mono=610636409491500
23:27:42 sim33 id=33 event m14 fired dev_deadline=610636388080597 fire_mono=610636409497541
23:27:42 sim37 id=37 event m14 fired dev_deadline=610636392413161 fire_mono=610636409503250
23:27:42 sim34 id=34 event m14 fired dev_deadline=610636429363434 fire_mono=610636409510500
23:27:42 sim42 id=42 event m14 fired dev_deadline=610636441714471 fire_mono=610636409519416
23:27:42 sim44 id=44 event m14 fired dev_deadline=610636368293432 fire_mono=610636409526958
23:27:42 sim38 id=38 event m14 fired dev_deadline=610636417909256 fire_mono=610636409533916
23:27:42 sim26 id=26 event m14 fired dev_deadline=610636386850621 fire_mono=610636409541208
23:27:42 sim43 id=43 event m14 fired dev_deadline=610636413459589 fire_mono=610636409548541
23:27:42 sim39 id=39 event m14 fired dev_deadline=610636399337345 fire_mono=610636409556125
23:27:42 sim27 id=27 event m14 fired dev_deadline=610636432230037 fire_mono=610636409563916
23:27:42 sim25 id=25 event m14 fired dev_deadline=610636440692506 fire_mono=610636409571125
23:27:42 sim40 id=40 event m14 fired dev_deadline=610636386391297 fire_mono=610636409580333
23:27:42 sim24 id=24 event m14 fired dev_deadline=610636411823746 fire_mono=610636409587625
23:27:42 sim14 id=14 event m14 fired dev_deadline=610636372844405 fire_mono=610636409593875
23:27:42 sim22 id=22 event m14 fired dev_deadline=610636402306568 fire_mono=610636409599125
23:27:42 sim21 id=21 event m14 fired dev_deadline=610636443522731 fire_mono=610636409605083
23:27:42 sim16 id=16 event m14 fired dev_deadline=610636379081642 fire_mono=610636409610791
23:27:42 sim17 id=17 event m14 fired dev_deadline=610636392584531 fire_mono=610636409616333
23:27:42 sim45 id=45 event m14 fired dev_deadline=610636370501712 fire_mono=610636409622375
23:27:42 sim19 id=19 event m14 fired dev_deadline=610636400832343 fire_mono=610636409627625
23:27:42 sim18 id=18 event m14 fired dev_deadline=610636376697385 fire_mono=610636409633333
23:27:42 sim15 id=15 event m14 fired dev_deadline=610636438014373 fire_mono=610636409638916
23:27:42 sim20 id=20 event m14 fired dev_deadline=610636420876968 fire_mono=610636409645833
23:27:42 sim13 id=13 event m14 fired dev_deadline=610636425684463 fire_mono=610636409653583
23:27:42 sim2 id=2 event m14 fired dev_deadline=610636388954299 fire_mono=610636409659958
23:27:42 sim23 id=23 event m14 fired dev_deadline=610636398997352 fire_mono=610636409668791
23:27:42 sim49 id=49 event m14 fired dev_deadline=610636393228863 fire_mono=610636409675833
23:27:42 sim1 id=1 event m14 fired dev_deadline=610636444330981 fire_mono=610636409683000
23:27:42 sim46 id=46 event m14 fired dev_deadline=610636382973098 fire_mono=610636409689833
23:27:42 sim50 id=50 event m14 fired dev_deadline=610636369864159 fire_mono=610636409697458
23:27:42 sim47 id=47 event m14 fired dev_deadline=610636393912104 fire_mono=610636409704791
23:27:42 sim48 id=48 event m14 fired dev_deadline=610636404082004 fire_mono=610636409711083
23:27:42 sim4 id=4 event m14 fired dev_deadline=610636439048655 fire_mono=610636409715958
23:27:42 sim3 id=3 event m14 fired dev_deadline=610636431364836 fire_mono=610636409721583
23:27:42 sim8 id=8 event m14 fired dev_deadline=610636404971724 fire_mono=610636409727250
23:27:42 sim12 id=12 event m14 fired dev_deadline=610636374846731 fire_mono=610636409733500
23:27:42 sim11 id=11 event m14 fired dev_deadline=610636393600204 fire_mono=610636409739500
23:27:42 sim5 id=5 event m14 fired dev_deadline=610636412388801 fire_mono=610636409744333
23:27:42 sim6 id=6 event m14 fired dev_deadline=610636385510239 fire_mono=610636409749250
23:27:42 sim10 id=10 event m14 fired dev_deadline=610636372738046 fire_mono=610636409755458
23:27:42 sim9 id=9 event m14 fired dev_deadline=610636419841720 fire_mono=610636409761583
23:27:42 sim7 id=7 event m14 fired dev_deadline=610636372194804 fire_mono=610636409766791
23:27:43 sim1 id=1 sync offset=39664367ns
23:27:43 sim2 id=2 sync offset=-15708877ns
23:27:43 sim3 id=3 sync offset=26699764ns
23:27:43 sim4 id=4 sync offset=34382989ns
23:27:43 sim5 id=5 sync offset=7723135ns
23:27:43 sim6 id=6 sync offset=-19155427ns
23:27:43 sim7 id=7 sync offset=-32469352ns
23:27:43 sim8 id=8 sync offset=306058ns
23:27:43 sim9 id=9 sync offset=15176054ns
23:27:43 sim10 id=10 sync offset=-31927620ns
23:27:43 sim11 id=11 sync offset=-11065462ns
23:27:43 sim12 id=12 sync offset=-29816467ns
23:27:43 sim13 id=13 sync offset=21026120ns
23:27:43 sim14 id=14 sync offset=-31812084ns
23:27:43 sim15 id=15 sync offset=33354905ns
23:27:43 sim16 id=16 sync offset=-25581430ns
23:27:43 sim17 id=17 sync offset=-12081135ns
23:27:43 sim18 id=18 sync offset=-27968281ns
23:27:43 sim19 id=19 sync offset=-3833323ns
23:27:43 sim20 id=20 sync offset=16211302ns
23:27:43 sim21 id=21 sync offset=38857065ns
23:27:43 sim22 id=22 sync offset=-2356994ns
23:27:43 sim23 id=23 sync offset=-5668314ns
23:27:43 sim24 id=24 sync offset=7158080ns
23:27:43 sim25 id=25 sync offset=36029558ns
23:27:43 sim26 id=26 sync offset=-17812493ns
23:27:43 sim27 id=27 sync offset=27564371ns
23:27:43 sim28 id=28 sync offset=-38790985ns
23:27:43 sim29 id=29 sync offset=19846656ns
23:27:43 sim30 id=30 sync offset=-27774749ns
23:27:43 sim31 id=31 sync offset=-1935851ns
23:27:43 sim32 id=32 sync offset=28428957ns
23:27:43 sim33 id=33 sync offset=-16554777ns
23:27:43 sim34 id=34 sync offset=24724894ns
23:27:43 sim35 id=35 sync offset=21107068ns
23:27:43 sim36 id=36 sync offset=-1765283ns
23:27:43 sim37 id=37 sync offset=-12210088ns
23:27:43 sim38 id=38 sync offset=13276133ns
23:27:43 sim39 id=39 sync offset=-5301529ns
23:27:43 sim40 id=40 sync offset=-18258327ns
23:27:43 sim41 id=41 sync offset=-27215351ns
23:27:43 sim42 id=42 sync offset=37074409ns
23:27:43 sim43 id=43 sync offset=8818017ns
23:27:43 sim44 id=44 sync offset=-36348577ns
23:27:43 sim45 id=45 sync offset=-34160975ns
23:27:43 sim46 id=46 sync offset=-21691047ns
23:27:43 sim47 id=47 sync offset=-10752166ns
23:27:43 sim48 id=48 sync offset=-582975ns
23:27:43 sim49 id=49 sync offset=-11431824ns
23:27:43 sim50 id=50 sync offset=-34796695ns
23:27:43 sim32 id=32 event m15 fired dev_deadline=610636533221978 fire_mono=610636506797000
23:27:43 sim35 id=35 event m15 fired dev_deadline=610636525907578 fire_mono=610636506818625
23:27:43 sim41 id=41 event m15 fired dev_deadline=610636477573086 fire_mono=610636506835666
23:27:43 sim30 id=30 event m15 fired dev_deadline=610636477031511 fire_mono=610636506851958
23:27:43 sim31 id=31 event m15 fired dev_deadline=610636502871160 fire_mono=610636506868541
23:27:43 sim29 id=29 event m15 fired dev_deadline=610636524655437 fire_mono=610636506885083
23:27:43 sim36 id=36 event m15 fired dev_deadline=610636503019571 fire_mono=610636506900750
23:27:43 sim28 id=28 event m15 fired dev_deadline=610636466023723 fire_mono=610636506915458
23:27:43 sim33 id=33 event m15 fired dev_deadline=610636488244306 fire_mono=610636506930250
23:27:43 sim37 id=37 event m15 fired dev_deadline=610636492576870 fire_mono=610636506944750
23:27:43 sim34 id=34 event m15 fired dev_deadline=610636529527143 fire_mono=610636506958916
23:27:43 sim42 id=42 event m15 fired dev_deadline=610636541878180 fire_mono=610636506973250
23:27:43 sim44 id=44 event m15 fired dev_deadline=610636468457141 fire_mono=610636506988833
23:27:43 sim38 id=38 event m15 fired dev_deadline=610636518072965 fire_mono=610636507004958
23:27:43 sim26 id=26 event m15 fired dev_deadline=610636487014330 fire_mono=610636507019833
23:27:43 sim43 id=43 event m15 fired dev_deadline=610636513623298 fire_mono=610636507033875
23:27:43 sim39 id=39 event m15 fired dev_deadline=610636499501054 fire_mono=610636507048166
23:27:43 sim27 id=27 event m15 fired dev_deadline=610636532393746 fire_mono=610636507064125
23:27:43 sim25 id=25 event m15 fired dev_deadline=610636540856215 fire_mono=610636507078208
23:27:43 sim40 id=40 event m15 fired dev_deadline=610636486555006 fire_mono=610636507093041
23:27:43 sim24 id=24 event m15 fired dev_deadline=610636511987455 fire_mono=610636507107125
23:27:43 sim14 id=14 event m15 fired dev_deadline=610636473008114 fire_mono=610636507121458
23:27:43 sim22 id=22 event m15 fired dev_deadline=610636502470277 fire_mono=610636507138000
23:27:43 sim21 id=21 event m15 fired dev_deadline=610636543686440 fire_mono=610636507153166
23:27:43 sim16 id=16 event m15 fired dev_deadline=610636479245351 fire_mono=610636507166416
23:27:43 sim17 id=17 event m15 fired dev_deadline=610636492748240 fire_mono=610636507180666
23:27:43 sim45 id=45 event m15 fired dev_deadline=610636470665421 fire_mono=610636507195750
23:27:43 sim19 id=19 event m15 fired dev_deadline=610636500996052 fire_mono=610636507210541
23:27:43 sim18 id=18 event m15 fired dev_deadline=610636476861094 fire_mono=610636507225583
23:27:43 sim15 id=15 event m15 fired dev_deadline=610636538178082 fire_mono=610636507241125
23:27:43 sim20 id=20 event m15 fired dev_deadline=610636521040677 fire_mono=610636507255708
23:27:43 sim13 id=13 event m15 fired dev_deadline=610636525848172 fire_mono=610636507271083
23:27:43 sim2 id=2 event m15 fired dev_deadline=610636489118008 fire_mono=610636507285958
23:27:43 sim23 id=23 event m15 fired dev_deadline=610636499161061 fire_mono=610636507300833
23:27:43 sim49 id=49 event m15 fired dev_deadline=610636493392572 fire_mono=610636507318166
23:27:43 sim1 id=1 event m15 fired dev_deadline=610636544494690 fire_mono=610636507332833
23:27:43 sim46 id=46 event m15 fired dev_deadline=610636483136807 fire_mono=610636507347000
23:27:43 sim50 id=50 event m15 fired dev_deadline=610636470027868 fire_mono=610636507361583
23:27:43 sim47 id=47 event m15 fired dev_deadline=610636494075813 fire_mono=610636507377375
23:27:43 sim48 id=48 event m15 fired dev_deadline=610636504245713 fire_mono=610636507391916
23:27:43 sim4 id=4 event m15 fired dev_deadline=610636539212364 fire_mono=610636507406666
23:27:43 sim3 id=3 event m15 fired dev_deadline=610636531528545 fire_mono=610636507421416
23:27:43 sim8 id=8 event m15 fired dev_deadline=610636505135433 fire_mono=610636507439666
23:27:43 sim12 id=12 event m15 fired dev_deadline=610636475010440 fire_mono=610636507454458
23:27:43 sim11 id=11 event m15 fired dev_deadline=610636493763913 fire_mono=610636507468625
23:27:43 sim5 id=5 event m15 fired dev_deadline=610636512552510 fire_mono=610636507482750
23:27:43 sim6 id=6 event m15 fired dev_deadline=610636485673948 fire_mono=610636507498000
23:27:43 sim10 id=10 event m15 fired dev_deadline=610636472901755 fire_mono=610636507512375
23:27:43 sim9 id=9 event m15 fired dev_deadline=610636520005429 fire_mono=610636507526416
23:27:43 sim7 id=7 event m15 fired dev_deadline=610636472358513 fire_mono=610636507540458
23:27:43 sim35 id=35 event m16 fired dev_deadline=610636626025234 fire_mono=610636614168208
23:27:43 sim26 id=26 event m16 fired dev_deadline=610636587120746 fire_mono=610636614249000
23:27:43 sim28 id=28 event m16 fired dev_deadline=610636566142451 fire_mono=610636614276958
23:27:43 sim27 id=27 event m16 fired dev_deadline=610636632500162 fire_mono=610636614296666
23:27:43 sim25 id=25 event m16 fired dev_deadline=610636640962631 fire_mono=610636614315375
23:27:43 sim42 id=42 event m16 fired dev_deadline=610636641994648 fire_mono=610636614332458
23:27:43 sim29 id=29 event m16 fired dev_deadline=610636624781728 fire_mono=610636614353833
23:27:43 sim32 id=32 event m16 fired dev_deadline=610636633354092 fire_mono=610636614369833
23:27:43 sim31 id=31 event m16 fired dev_deadline=610636602999231 fire_mono=610636614387083
23:27:43 sim33 id=33 event m16 fired dev_deadline=610636588367472 fire_mono=610636614403833
23:27:43 sim30 id=30 event m16 fired dev_deadline=610636577160385 fire_mono=610636614419458
23:27:43 sim34 id=34 event m16 fired dev_deadline=610636629648164 fire_mono=610636614434333
23:27:43 sim36 id=36 event m16 fired dev_deadline=610636603148248 fire_mono=610636614449958
23:27:43 sim41 id=41 event m16 fired dev_deadline=610636577707877 fire_mono=610636614465458
23:27:43 sim24 id=24 event m16 fired dev_deadline=610636612093871 fire_mono=610636614480208
23:27:43 sim37 id=37 event m16 fired dev_deadline=610636592704495 fire_mono=610636614495375
23:27:43 sim22 id=22 event m16 fired dev_deadline=610636602576693 fire_mono=610636614511166
23:27:43 sim39 id=39 event m16 fired dev_deadline=610636599620866 fire_mono=610636614526500
23:27:43 sim38 id=38 event m16 fired dev_deadline=610636618195652 fire_mono=610636614541083
23:27:43 sim44 id=44 event m16 fired dev_deadline=610636568581130 fire_mono=610636614555625
23:27:43 sim21 id=21 event m16 fired dev_deadline=610636643792856 fire_mono=610636614570291
23:27:43 sim17 id=17 event m16 fired dev_deadline=610636592854656 fire_mono=610636614584708
23:27:43 sim19 id=19 event m16 fired dev_deadline=610636601102468 fire_mono=610636614599208
23:27:43 sim18 id=18 event m16 fired dev_deadline=610636576967510 fire_mono=610636614613666
23:27:43 sim40 id=40 event m16 fired dev_deadline=610636586669443 fire_mono=610636614629041
23:27:43 sim43 id=43 event m16 fired dev_deadline=610636613748662 fire_mono=610636614644583
23:27:43 sim45 id=45 event m16 fired dev_deadline=610636570773327 fire_mono=610636614659458
23:27:43 sim16 id=16 event m16 fired dev_deadline=610636579354361 fire_mono=610636614674083
23:27:43 sim20 id=20 event m16 fired dev_deadline=610636621147093 fire_mono=610636614690708
23:27:43 sim14 id=14 event m16 fired dev_deadline=610636573123707 fire_mono=610636614705125
23:27:43 sim23 id=23 event m16 fired dev_deadline=610636599267477 fire_mono=610636614720083
23:27:43 sim15 id=15 event m16 fired dev_deadline=610636638290696 fire_mono=610636614734208
23:27:43 sim1 id=1 event m16 fired dev_deadline=610636644601106 fire_mono=610636614748833
23:27:43 sim2 id=2 event m16 fired dev_deadline=610636589226914 fire_mono=610636614765375
23:27:43 sim46 id=46 event m16 fired dev_deadline=610636583243984 fire_mono=610636614782541
23:27:43 sim47 id=47 event m16 fired dev_deadline=610636594182927 fire_mono=610636614796875
23:27:43 sim48 id=48 event m16 fired dev_deadline=610636604352473 fire_mono=610636614811375
23:27:43 sim49 id=49 event m16 fired dev_deadline=610636593501478 fire_mono=610636614826208
23:27:43 sim50 id=50 event m16 fired dev_deadline=610636570136690 fire_mono=610636614840541
23:27:43 sim4 id=4 event m16 fired dev_deadline=610636639318780 fire_mono=610636614854541
23:27:43 sim3 id=3 event m16 fired dev_deadline=610636631635555 fire_mono=610636614870166
23:27:43 sim13 id=13 event m16 fired dev_deadline=610636625961911 fire_mono=610636614884750
23:27:43 sim8 id=8 event m16 fired dev_deadline=610636605241849 fire_mono=610636614899958
23:27:43 sim11 id=11 event m16 fired dev_deadline=610636593870329 fire_mono=610636614915333
23:27:43 sim5 id=5 event m16 fired dev_deadline=610636612658926 fire_mono=610636614929916
23:27:43 sim6 id=6 event m16 fired dev_deadline=610636585780364 fire_mono=610636614944000
23:27:43 sim10 id=10 event m16 fired dev_deadline=610636573008171 fire_mono=610636614960250
23:27:43 sim12 id=12 event m16 fired dev_deadline=610636575119324 fire_mono=610636614974583
23:27:43 sim9 id=9 event m16 fired dev_deadline=610636620111845 fire_mono=610636614989583
23:27:43 sim7 id=7 event m16 fired dev_deadline=610636572466439 fire_mono=610636615003958
23:27:43 sim35 id=35 event m17 fired dev_deadline=610636728124318 fire_mono=610636707140041
23:27:43 sim26 id=26 event m17 fired dev_deadline=610636689219830 fire_mono=610636707237000
23:27:43 sim28 id=28 event m17 fired dev_deadline=610636668241535 fire_mono=610636707278375
23:27:43 sim27 id=27 event m17 fired dev_deadline=610636734599246 fire_mono=610636707297500
23:27:43 sim42 id=42 event m17 fired dev_deadline=610636744093732 fire_mono=610636707318833
23:27:43 sim25 id=25 event m17 fired dev_deadline=610636743061715 fire_mono=610636707335041
23:27:43 sim29 id=29 event m17 fired dev_deadline=610636726880812 fire_mono=610636707349958
23:27:43 sim31 id=31 event m17 fired dev_deadline=610636705098315 fire_mono=610636707365041
23:27:43 sim33 id=33 event m17 fired dev_deadline=610636690466556 fire_mono=610636707380833
23:27:43 sim34 id=34 event m17 fired dev_deadline=610636731747248 fire_mono=610636707395708
23:27:43 sim32 id=32 event m17 fired dev_deadline=610636735453176 fire_mono=610636707411625
23:27:43 sim30 id=30 event m17 fired dev_deadline=610636679259469 fire_mono=610636707431333
23:27:43 sim36 id=36 event m17 fired dev_deadline=610636705247332 fire_mono=610636707446250
23:27:43 sim41 id=41 event m17 fired dev_deadline=610636679806961 fire_mono=610636707464208
23:27:43 sim24 id=24 event m17 fired dev_deadline=610636714192955 fire_mono=610636707477833
23:27:43 sim37 id=37 event m17 fired dev_deadline=610636694803579 fire_mono=610636707496166
23:27:43 sim22 id=22 event m17 fired dev_deadline=610636704675777 fire_mono=610636707510125
23:27:43 sim39 id=39 event m17 fired dev_deadline=610636701719950 fire_mono=610636707523625
23:27:43 sim38 id=38 event m17 fired dev_deadline=610636720294736 fire_mono=610636707542250
23:27:43 sim44 id=44 event m17 fired dev_deadline=610636670680214 fire_mono=610636707555875
23:27:43 sim21 id=21 event m17 fired dev_deadline=610636745891940 fire_mono=610636707569291
23:27:43 sim17 id=17 event m17 fired dev_deadline=610636694953740 fire_mono=610636707585833
23:27:43 sim19 id=19 event m17 fired dev_deadline=610636703201552 fire_mono=610636707599666
23:27:43 sim18 id=18 event m17 fired dev_deadline=610636679066594 fire_mono=610636707612958
23:27:43 sim40 id=40 event m17 fired dev_deadline=610636688768527 fire_mono=610636707627250
23:27:43 sim45 id=45 event m17 fired dev_deadline=610636672872411 fire_mono=610636707641166
23:27:43 sim43 id=43 event m17 fired dev_deadline=610636715847746 fire_mono=610636707658375
23:27:43 sim16 id=16 event m17 fired dev_deadline=610636681453445 fire_mono=610636707671416
23:27:43 sim20 id=20 event m17 fired dev_deadline=610636723246177 fire_mono=610636707684916
23:27:43 sim14 id=14 event m17 fired dev_deadline=610636675222791 fire_mono=610636707699125
23:27:43 sim23 id=23 event m17 fired dev_deadline=610636701366561 fire_mono=610636707712083
23:27:43 sim1 id=1 event m17 fired dev_deadline=610636746700190 fire_mono=610636707724916
23:27:43 sim15 id=15 event m17 fired dev_deadline=610636740389780 fire_mono=610636707738791
23:27:43 sim2 id=2 event m17 fired dev_deadline=610636691325998 fire_mono=610636707759541
23:27:43 sim46 id=46 event m17 fired dev_deadline=610636685343068 fire_mono=610636707792875
23:27:43 sim47 id=47 event m17 fired dev_deadline=610636696282011 fire_mono=610636707829083
23:27:43 sim48 id=48 event m17 fired dev_deadline=610636706451557 fire_mono=610636707862958
23:27:43 sim49 id=49 event m17 fired dev_deadline=610636695600562 fire_mono=610636707897166
23:27:43 sim50 id=50 event m17 fired dev_deadline=610636672235774 fire_mono=610636707930458
23:27:43 sim4 id=4 event m17 fired dev_deadline=610636741417864 fire_mono=610636707963833
23:27:43 sim3 id=3 event m17 fired dev_deadline=610636733734639 fire_mono=610636707997458
23:27:43 sim13 id=13 event m17 fired dev_deadline=610636728060995 fire_mono=610636708036208
23:27:43 sim8 id=8 event m17 fired dev_deadline=610636707340933 fire_mono=610636708070875
23:27:43 sim11 id=11 event m17 fired dev_deadline=610636695969413 fire_mono=610636708105333
23:27:43 sim6 id=6 event m17 fired dev_deadline=610636687879448 fire_mono=610636708139500
23:27:43 sim5 id=5 event m17 fired dev_deadline=610636714758010 fire_mono=610636708173208
23:27:43 sim10 id=10 event m17 fired dev_deadline=610636675107255 fire_mono=610636708206458
23:27:43 sim12 id=12 event m17 fired dev_deadline=610636677218408 fire_mono=610636708239750
23:27:43 sim9 id=9 event m17 fired dev_deadline=610636722210929 fire_mono=610636708273625
23:27:43 sim7 id=7 event m17 fired dev_deadline=610636674565523 fire_mono=610636708306625
23:27:43 sim35 id=35 event m18 fired dev_deadline=610636829623693 fire_mono=610636816908833
23:27:43 sim26 id=26 event m18 fired dev_deadline=610636790719205 fire_mono=610636816947458
23:27:43 sim28 id=28 event m18 fired dev_deadline=610636769740910 fire_mono=610636816962291
23:27:43 sim27 id=27 event m18 fired dev_deadline=610636836098621 fire_mono=610636816973958
23:27:43 sim29 id=29 event m18 fired dev_deadline=610636828380187 fire_mono=610636816985083
23:27:43 sim42 id=42 event m18 fired dev_deadline=610636845593107 fire_mono=610636816993375
23:27:43 sim25 id=25 event m18 fired dev_deadline=610636844561090 fire_mono=610636816999958
23:27:43 sim32 id=32 event m18 fired dev_deadline=610636836952551 fire_mono=610636817008416
23:27:43 sim31 id=31 event m18 fired dev_deadline=610636806597690 fire_mono=610636817014125
23:27:43 sim33 id=33 event m18 fired dev_deadline=610636791965931 fire_mono=610636817019875
23:27:43 sim34 id=34 event m18 fired dev_deadline=610636833246623 fire_mono=610636817026041
23:27:43 sim30 id=30 event m18 fired dev_deadline=610636780758844 fire_mono=610636817031916
23:27:43 sim36 id=36 event m18 fired dev_deadline=610636806746707 fire_mono=610636817038916
23:27:43 sim41 id=41 event m18 fired dev_deadline=610636781306336 fire_mono=610636817044583
23:27:43 sim24 id=24 event m18 fired dev_deadline=610636815692330 fire_mono=610636817049875
23:27:43 sim37 id=37 event m18 fired dev_deadline=610636796302954 fire_mono=610636817055791
23:27:43 sim22 id=22 event m18 fired dev_deadline=610636806175152 fire_mono=610636817061666
23:27:43 sim39 id=39 event m18 fired dev_deadline=610636803219325 fire_mono=610636817067125
23:27:43 sim38 id=38 event m18 fired dev_deadline=610636821794111 fire_mono=610636817073375
23:27:43 sim44 id=44 event m18 fired dev_deadline=610636772179589 fire_mono=610636817079541
23:27:43 sim21 id=21 event m18 fired dev_deadline=610636847391315 fire_mono=610636817086083
23:27:43 sim17 id=17 event m18 fired dev_deadline=610636796453115 fire_mono=610636817092500
23:27:43 sim19 id=19 event m18 fired dev_deadline=610636804700927 fire_mono=610636817099291
23:27:43 sim18 id=18 event m18 fired dev_deadline=610636780565969 fire_mono=610636817104833
23:27:43 sim40 id=40 event m18 fired dev_deadline=610636790267902 fire_mono=610636817110708
23:27:43 sim43 id=43 event m18 fired dev_deadline=610636817347121 fire_mono=610636817116208
23:27:43 sim45 id=45 event m18 fired dev_deadline=610636774371786 fire_mono=610636817121708
23:27:43 sim16 id=16 event m18 fired dev_deadline=610636782952820 fire_mono=610636817129875
23:27:43 sim20 id=20 event m18 fired dev_deadline=610636824745552 fire_mono=610636817138125
23:27:43 sim14 id=14 event m18 fired dev_deadline=610636776722166 fire_mono=610636817146083
23:27:43 sim23 id=23 event m18 fired dev_deadline=610636802865936 fire_mono=610636817157166
23:27:43 sim15 id=15 event m18 fired dev_deadline=610636841889155 fire_mono=610636817168916
23:27:43 sim1 id=1 event m18 fired dev_deadline=610636848199565 fire_mono=610636817181250
23:27:43 sim2 id=2 event m18 fired dev_deadline=610636792825373 fire_mono=610636817190083
23:27:43 sim46 id=46 event m18 fired dev_deadline=610636786842443 fire_mono=610636817199208
23:27:43 sim47 id=47 event m18 fired dev_deadline=610636797781386 fire_mono=610636817204500
23:27:43 sim48 id=48 event m18 fired dev_deadline=610636807950932 fire_mono=610636817210333
23:27:43 sim49 id=49 event m18 fired dev_deadline=610636797099937 fire_mono=610636817215583
23:27:43 sim50 id=50 event m18 fired dev_deadline=610636773735149 fire_mono=610636817223041
23:27:43 sim4 id=4 event m18 fired dev_deadline=610636842917239 fire_mono=610636817229291
23:27:43 sim3 id=3 event m18 fired dev_deadline=610636835234014 fire_mono=610636817235208
23:27:43 sim13 id=13 event m18 fired dev_deadline=610636829560370 fire_mono=610636817242541
23:27:43 sim8 id=8 event m18 fired dev_deadline=610636808840308 fire_mono=610636817247666
23:27:43 sim11 id=11 event m18 fired dev_deadline=610636797468788 fire_mono=610636817253583
23:27:43 sim5 id=5 event m18 fired dev_deadline=610636816257385 fire_mono=610636817259083
23:27:43 sim6 id=6 event m18 fired dev_deadline=610636789378823 fire_mono=610636817264500
23:27:43 sim10 id=10 event m18 fired dev_deadline=610636776606630 fire_mono=610636817270333
23:27:43 sim12 id=12 event m18 fired dev_deadline=610636778717783 fire_mono=610636817275666
23:27:43 sim9 id=9 event m18 fired dev_deadline=610636823710304 fire_mono=610636817281416
23:27:43 sim7 id=7 event m18 fired dev_deadline=610636776064898 fire_mono=610636817287166
23:27:43 sim35 id=35 event m19 fired dev_deadline=610636930347609 fire_mono=610636912510666
23:27:43 sim26 id=26 event m19 fired dev_deadline=610636891443121 fire_mono=610636912553291
23:27:43 sim28 id=28 event m19 fired dev_deadline=610636870464826 fire_mono=610636912566250
23:27:43 sim27 id=27 event m19 fired dev_deadline=610636936822537 fire_mono=610636912574291
23:27:43 sim25 id=25 event m19 fired dev_deadline=610636945285006 fire_mono=610636912581791
23:27:43 sim29 id=29 event m19 fired dev_deadline=610636929104103 fire_mono=610636912624541
23:27:43 sim42 id=42 event m19 fired dev_deadline=610636946317023 fire_mono=610636912636416
23:27:43 sim32 id=32 event m19 fired dev_deadline=610636937676467 fire_mono=610636912643541
23:27:43 sim31 id=31 event m19 fired dev_deadline=610636907321606 fire_mono=610636912649291
23:27:43 sim33 id=33 event m19 fired dev_deadline=610636892689847 fire_mono=610636912655833
23:27:43 sim30 id=30 event m19 fired dev_deadline=610636881482760 fire_mono=610636912663000
23:27:43 sim34 id=34 event m19 fired dev_deadline=610636933970539 fire_mono=610636912669083
23:27:43 sim36 id=36 event m19 fired dev_deadline=610636907470623 fire_mono=610636912674250
23:27:43 sim41 id=41 event m19 fired dev_deadline=610636882030252 fire_mono=610636912681375
23:27:43 sim24 id=24 event m19 fired dev_deadline=610636916416246 fire_mono=610636912687166
23:27:43 sim37 id=37 event m19 fired dev_deadline=610636897026870 fire_mono=610636912692625
23:27:43 sim22 id=22 event m19 fired dev_deadline=610636906899068 fire_mono=610636912698000
23:27:43 sim39 id=39 event m19 fired dev_deadline=610636903943241 fire_mono=610636912703166
23:27:43 sim38 id=38 event m19 fired dev_deadline=610636922518027 fire_mono=610636912708625
23:27:43 sim44 id=44 event m19 fired dev_deadline=610636872903505 fire_mono=610636912714291
23:27:43 sim21 id=21 event m19 fired dev_deadline=610636948115231 fire_mono=610636912721541
23:27:43 sim17 id=17 event m19 fired dev_deadline=610636897177031 fire_mono=610636912727500
23:27:43 sim19 id=19 event m19 fired dev_deadline=610636905424843 fire_mono=610636912734833
23:27:43 sim18 id=18 event m19 fired dev_deadline=610636881289885 fire_mono=610636912739791
23:27:43 sim40 id=40 event m19 fired dev_deadline=610636890991818 fire_mono=610636912744750
23:27:43 sim43 id=43 event m19 fired dev_deadline=610636918071037 fire_mono=610636912749916
23:27:43 sim45 id=45 event m19 fired dev_deadline=610636875095702 fire_mono=610636912756500
23:27:43 sim16 id=16 event m19 fired dev_deadline=610636883676736 fire_mono=610636912762000
23:27:43 sim20 id=20 event m19 fired dev_deadline=610636925469468 fire_mono=610636912821166
23:27:43 sim14 id=14 event m19 fired dev_deadline=610636877446082 fire_mono=610636912834625
23:27:43 sim23 id=23 event m19 fired dev_deadline=610636903589852 fire_mono=610636912843083
23:27:43 sim15 id=15 event m19 fired dev_deadline=610636942613071 fire_mono=610636912851208
23:27:43 sim1 id=1 event m19 fired dev_deadline=610636948923481 fire_mono=610636912858333
23:27:43 sim2 id=2 event m19 fired dev_deadline=610636893549289 fire_mono=610636912864916
23:27:43 sim46 id=46 event m19 fired dev_deadline=610636887566359 fire_mono=610636912871625
23:27:43 sim48 id=48 event m19 fired dev_deadline=610636908674848 fire_mono=610636912878208
23:27:43 sim47 id=47 event m19 fired dev_deadline=610636898505302 fire_mono=610636912883916
23:27:43 sim49 id=49 event m19 fired dev_deadline=610636897823853 fire_mono=610636912889625
23:27:43 sim50 id=50 event m19 fired dev_deadline=610636874459065 fire_mono=610636912894958
23:27:43 sim4 id=4 event m19 fired dev_deadline=610636943641155 fire_mono=610636912900541
23:27:43 sim3 id=3 event m19 fired dev_deadline=610636935957930 fire_mono=610636912906958
23:27:43 sim13 id=13 event m19 fired dev_deadline=610636930284286 fire_mono=610636912912416
23:27:43 sim8 id=8 event m19 fired dev_deadline=610636909564224 fire_mono=610636912918416
23:27:43 sim11 id=11 event m19 fired dev_deadline=610636898192704 fire_mono=610636912923750
23:27:43 sim5 id=5 event m19 fired dev_deadline=610636916981301 fire_mono=610636912928833
23:27:43 sim6 id=6 event m19 fired dev_deadline=610636890102739 fire_mono=610636912934500
23:27:43 sim10 id=10 event m19 fired dev_deadline=610636877330546 fire_mono=610636912940125
23:27:43 sim12 id=12 event m19 fired dev_deadline=610636879441699 fire_mono=610636912945250
23:27:43 sim9 id=9 event m19 fired dev_deadline=610636924434220 fire_mono=610636912950875
23:27:43 sim7 id=7 event m19 fired dev_deadline=610636876788814 fire_mono=610636912955666
23:27:43 sim1 id=1 sync offset=39664367ns
23:27:43 sim2 id=2 sync offset=-15711367ns
23:27:43 sim3 id=3 sync offset=26699170ns
23:27:43 sim4 id=4 sync offset=34381978ns
23:27:43 sim5 id=5 sync offset=7720875ns
23:27:43 sim6 id=6 sync offset=-19158979ns
23:27:43 sim7 id=7 sync offset=-32470862ns
23:27:43 sim8 id=8 sync offset=304517ns
23:27:43 sim9 id=9 sync offset=15172367ns
23:27:43 sim10 id=10 sync offset=-31930860ns
23:27:43 sim11 id=11 sync offset=-11065671ns
23:27:43 sim12 id=12 sync offset=-29818935ns
23:27:43 sim13 id=13 sync offset=21018797ns
23:27:43 sim14 id=14 sync offset=-31821261ns
23:27:43 sim15 id=15 sync offset=33348707ns
23:27:43 sim16 id=16 sync offset=-25584024ns
23:27:43 sim17 id=17 sync offset=-12081646ns
23:27:43 sim18 id=18 sync offset=-27968521ns
23:27:43 sim19 id=19 sync offset=-3835365ns
23:27:43 sim20 id=20 sync offset=16206959ns
23:27:43 sim21 id=21 sync offset=38853441ns
23:27:43 sim22 id=22 sync offset=-2359098ns
23:27:43 sim23 id=23 sync offset=-5673418ns
23:27:43 sim24 id=24 sync offset=7152851ns
23:27:43 sim25 id=25 sync offset=36026840ns
23:27:43 sim26 id=26 sync offset=-17815045ns
23:27:43 sim27 id=27 sync offset=27561361ns
23:27:43 sim28 id=28 sync offset=-38793340ns
23:27:43 sim29 id=29 sync offset=19845937ns
23:27:43 sim30 id=30 sync offset=-27775406ns
23:27:43 sim31 id=31 sync offset=-1936560ns
23:27:43 sim32 id=32 sync offset=28418301ns
23:27:43 sim33 id=33 sync offset=-16568319ns
23:27:43 sim34 id=34 sync offset=24712373ns
23:27:43 sim35 id=35 sync offset=21089443ns
23:27:43 sim36 id=36 sync offset=-1787543ns
23:27:43 sim37 id=37 sync offset=-12231296ns
23:27:43 sim38 id=38 sync offset=13259861ns
23:27:43 sim39 id=39 sync offset=-5314925ns
23:27:43 sim40 id=40 sync offset=-18266348ns
23:27:43 sim41 id=41 sync offset=-27227914ns
23:27:43 sim42 id=42 sync offset=37058857ns
23:27:43 sim43 id=43 sync offset=8812871ns
23:27:43 sim44 id=44 sync offset=-36354661ns
23:27:43 sim45 id=45 sync offset=-34162464ns
23:27:43 sim46 id=46 sync offset=-21691807ns
23:27:43 sim47 id=47 sync offset=-10752864ns
23:27:43 sim48 id=48 sync offset=-583318ns
23:27:43 sim49 id=49 sync offset=-11434313ns
23:27:43 sim50 id=50 sync offset=-34799101ns
23:27:44 sim1 id=1 sync offset=39664367ns
23:27:44 sim2 id=2 sync offset=-15711367ns
23:27:44 sim3 id=3 sync offset=26699170ns
23:27:44 sim4 id=4 sync offset=34381978ns
23:27:44 sim5 id=5 sync offset=7718615ns
23:27:44 sim6 id=6 sync offset=-19162532ns
23:27:44 sim7 id=7 sync offset=-32472373ns
23:27:44 sim8 id=8 sync offset=303933ns
23:27:44 sim9 id=9 sync offset=15176054ns
23:27:44 sim10 id=10 sync offset=-31927620ns
23:27:44 sim11 id=11 sync offset=-11071900ns
23:27:44 sim12 id=12 sync offset=-29816467ns
23:27:44 sim13 id=13 sync offset=21011474ns
23:27:44 sim14 id=14 sync offset=-31831938ns
23:27:44 sim15 id=15 sync offset=33336384ns
23:27:44 sim16 id=16 sync offset=-25595472ns
23:27:44 sim17 id=17 sync offset=-12097688ns
23:27:44 sim18 id=18 sync offset=-27985729ns
23:27:44 sim19 id=19 sync offset=-3852458ns
23:27:44 sim20 id=20 sync offset=16189469ns
23:27:44 sim21 id=21 sync offset=38837826ns
23:27:44 sim22 id=22 sync offset=-2369285ns
23:27:44 sim23 id=23 sync offset=-5682647ns
23:27:44 sim24 id=24 sync offset=7149747ns
23:27:44 sim25 id=25 sync offset=36024590ns
23:27:44 sim26 id=26 sync offset=-17816868ns
23:27:44 sim27 id=27 sync offset=27559287ns
23:27:44 sim28 id=28 sync offset=-38805652ns
23:27:44 sim29 id=29 sync offset=19826781ns
23:27:44 sim30 id=30 sync offset=-27797207ns
23:27:44 sim31 id=31 sync offset=-1957506ns
23:27:44 sim32 id=32 sync offset=28403259ns
23:27:44 sim33 id=33 sync offset=-16571527ns
23:27:44 sim34 id=34 sync offset=24710289ns
23:27:44 sim35 id=35 sync offset=21095828ns
23:27:44 sim36 id=36 sync offset=-1765283ns
23:27:44 sim37 id=37 sync offset=-12210088ns
23:27:44 sim38 id=38 sync offset=13276133ns
23:27:44 sim39 id=39 sync offset=-5301529ns
23:27:44 sim40 id=40 sync offset=-18258327ns
23:27:44 sim41 id=41 sync offset=-27243726ns
23:27:44 sim42 id=42 sync offset=37074409ns
23:27:44 sim43 id=43 sync offset=8818017ns
23:27:44 sim44 id=44 sync offset=-36348577ns
23:27:44 sim45 id=45 sync offset=-34160975ns
23:27:44 sim46 id=46 sync offset=-21691047ns
23:27:44 sim47 id=47 sync offset=-10752166ns
23:27:44 sim48 id=48 sync offset=-582975ns
23:27:44 sim49 id=49 sync offset=-11431824ns
23:27:44 sim50 id=50 sync offset=-34796695ns
