23:26:52 sim1 id=1 sync_skew=22409563ns
23:26:52 sim2 id=2 sync_skew=-39374909ns
23:26:52 sim3 id=3 sync_skew=-28407495ns
23:26:52 sim4 id=4 sync_skew=30902568ns
23:26:52 sim5 id=5 sync_skew=-3952786ns
23:26:52 sim6 id=6 sync_skew=4909274ns
23:26:52 sim7 id=7 sync_skew=38792640ns
23:26:52 sim8 id=8 sync_skew=-17406158ns
23:26:52 sim9 id=9 sync_skew=34677825ns
23:26:52 sim10 id=10 sync_skew=25629459ns
23:26:52 sim11 id=11 sync_skew=23295031ns
23:26:52 sim12 id=12 sync_skew=37885222ns
23:26:52 sim13 id=13 sync_skew=36277252ns
23:26:52 sim14 id=14 sync_skew=-8230857ns
23:26:52 sim15 id=15 sync_skew=-32174593ns
23:26:52 sim16 id=16 sync_skew=-27044859ns
23:26:52 sim17 id=17 sync_skew=23949687ns
23:26:52 sim18 id=18 sync_skew=678333ns
23:26:52 sim19 id=19 sync_skew=20003015ns
23:26:52 sim20 id=20 sync_skew=8253948ns
23:26:52 sim21 id=21 sync_skew=9014110ns
23:26:52 sim22 id=22 sync_skew=26541107ns
23:26:52 sim23 id=23 sync_skew=-38804565ns
23:26:52 sim24 id=24 sync_skew=34946273ns
23:26:52 sim25 id=25 sync_skew=16195302ns
23:26:52 sim26 id=26 sync_skew=-7232373ns
23:26:52 sim27 id=27 sync_skew=19698175ns
23:26:52 sim28 id=28 sync_skew=21027731ns
23:26:52 sim29 id=29 sync_skew=-3921412ns
23:26:52 sim30 id=30 sync_skew=-3602294ns
23:26:52 sim31 id=31 sync_skew=-30766053ns
23:26:52 sim32 id=32 sync_skew=35464818ns
23:26:52 sim1 id=1 state=booting
23:26:52 sim2 id=2 state=booting
23:26:52 sim3 id=3 state=booting
23:26:52 sim4 id=4 state=booting
23:26:52 sim5 id=5 state=booting
23:26:52 sim6 id=6 state=booting
23:26:52 sim7 id=7 state=booting
23:26:52 sim8 id=8 state=booting
23:26:52 sim9 id=9 state=booting
23:26:52 sim10 id=10 state=booting
23:26:52 sim11 id=11 state=booting
23:26:52 sim12 id=12 state=booting
23:26:52 sim13 id=13 state=booting
23:26:52 sim14 id=14 state=booting
23:26:52 sim15 id=15 state=booting
23:26:52 sim16 id=16 state=booting
23:26:52 sim17 id=17 state=booting
23:26:52 sim18 id=18 state=booting
23:26:52 sim19 id=19 state=booting
23:26:52 sim20 id=20 state=booting
23:26:52 sim21 id=21 state=booting
23:26:52 sim22 id=22 state=booting
23:26:52 sim23 id=23 state=booting
23:26:52 sim24 id=24 state=booting
23:26:52 sim25 id=25 state=booting
23:26:52 sim26 id=26 state=booting
23:26:52 sim27 id=27 state=booting
23:26:52 sim28 id=28 state=booting
23:26:52 sim29 id=29 state=booting
23:26:52 sim30 id=30 state=booting
23:26:52 sim31 id=31 state=booting
23:26:52 sim32 id=32 state=booting
23:26:53 sim1 id=1 state=running
23:26:53 sim2 id=2 state=running
23:26:53 sim3 id=3 state=running
23:26:53 sim4 id=4 state=running
23:26:53 sim5 id=5 state=running
23:26:53 sim6 id=6 state=running
23:26:53 sim7 id=7 state=running
23:26:53 sim8 id=8 state=running
23:26:53 sim9 id=9 state=running
23:26:53 sim10 id=10 state=running
23:26:53 sim11 id=11 state=running
23:26:53 sim12 id=12 state=running
23:26:53 sim13 id=13 state=running
23:26:53 sim14 id=14 state=running
23:26:53 sim15 id=15 state=running
23:26:53 sim16 id=16 state=running
23:26:53 sim17 id=17 state=running
23:26:53 sim18 id=18 state=running
23:26:53 sim19 id=19 state=running
23:26:53 sim20 id=20 state=running
23:26:53 sim21 id=21 state=running
23:26:53 sim22 id=22 state=running
23:26:53 sim23 id=23 state=running
23:26:53 sim24 id=24 state=running
23:26:53 sim25 id=25 state=running
23:26:53 sim26 id=26 state=running
23:26:53 sim27 id=27 state=running
23:26:53 sim28 id=28 state=running
23:26:53 sim29 id=29 state=running
23:26:53 sim30 id=30 state=running
23:26:53 sim31 id=31 state=running
23:26:53 sim32 id=32 state=running
23:26:54 sim1 id=1 sync offset=22426855ns
23:26:54 sim2 id=2 sync offset=-39353409ns
23:26:54 sim3 id=3 sync offset=-28370391ns
23:26:54 sim4 id=4 sync offset=30974370ns
23:26:54 sim5 id=5 sync offset=-3874234ns
23:26:54 sim6 id=6 sync offset=4996316ns
23:26:54 sim7 id=7 sync offset=38876525ns
23:26:54 sim8 id=8 sync offset=-17315554ns
23:26:54 sim9 id=9 sync offset=34783950ns
23:26:54 sim10 id=10 sync offset=25743729ns
23:26:54 sim11 id=11 sync offset=23403385ns
23:26:54 sim12 id=12 sync offset=37992774ns
23:26:54 sim13 id=13 sync offset=36385419ns
23:26:54 sim14 id=14 sync offset=-8123086ns
23:26:54 sim15 id=15 sync offset=-32060613ns
23:26:54 sim16 id=16 sync offset=-26925275ns
23:26:54 sim17 id=17 sync offset=24068103ns
23:26:54 sim18 id=18 sync offset=799072ns
23:26:54 sim19 id=19 sync offset=20127984ns
23:26:54 sim20 id=20 sync offset=8387541ns
23:26:54 sim21 id=21 sync offset=9153089ns
23:26:54 sim22 id=22 sync offset=26685586ns
23:26:54 sim23 id=23 sync offset=-38655284ns
23:26:54 sim24 id=24 sync offset=35102096ns
23:26:54 sim25 id=25 sync offset=16356979ns
23:26:54 sim26 id=26 sync offset=-7058164ns
23:26:54 sim27 id=27 sync offset=19887550ns
23:26:54 sim28 id=28 sync offset=21226950ns
23:26:54 sim29 id=29 sync offset=-3715026ns
23:26:54 sim30 id=30 sync offset=-3379898ns
23:26:54 sim31 id=31 sync offset=-30536334ns
23:26:54 sim32 id=32 sync offset=35700745ns
23:26:54 sim1 id=1 sync offset=22431105ns
23:26:54 sim2 id=2 sync offset=-39339086ns
23:26:54 sim3 id=3 sync offset=-28363786ns
23:26:54 sim4 id=4 sync offset=30974370ns
23:26:54 sim5 id=5 sync offset=-3874234ns
23:26:54 sim6 id=6 sync offset=4996316ns
23:26:54 sim7 id=7 sync offset=38876525ns
23:26:54 sim8 id=8 sync offset=-17315554ns
23:26:54 sim9 id=9 sync offset=34783950ns
23:26:54 sim10 id=10 sync offset=25743729ns
23:26:54 sim11 id=11 sync offset=23403385ns
23:26:54 sim12 id=12 sync offset=37992774ns
23:26:54 sim13 id=13 sync offset=36385419ns
23:26:54 sim14 id=14 sync offset=-8123086ns
23:26:54 sim15 id=15 sync offset=-32060613ns
23:26:54 sim16 id=16 sync offset=-26925275ns
23:26:54 sim17 id=17 sync offset=24068103ns
23:26:54 sim18 id=18 sync offset=799072ns
23:26:54 sim19 id=19 sync offset=20127984ns
23:26:54 sim20 id=20 sync offset=8387541ns
23:26:54 sim21 id=21 sync offset=9153089ns
23:26:54 sim22 id=22 sync offset=26685586ns
23:26:54 sim23 id=23 sync offset=-38655284ns
23:26:54 sim24 id=24 sync offset=35102096ns
23:26:54 sim25 id=25 sync offset=16356979ns
23:26:54 sim26 id=26 sync offset=-7058164ns
23:26:54 sim27 id=27 sync offset=19887550ns
23:26:54 sim28 id=28 sync offset=21226950ns
23:26:54 sim29 id=29 sync offset=-3715026ns
23:26:54 sim30 id=30 sync offset=-3379898ns
23:26:54 sim31 id=31 sync offset=-30536334ns
23:26:54 sim32 id=32 sync offset=35700745ns
23:26:55 sim1 id=1 sync offset=22436438ns
23:26:55 sim2 id=2 sync offset=-39343971ns
23:26:55 sim3 id=3 sync offset=-28360266ns
23:26:55 sim4 id=4 sync offset=30952984ns
23:26:55 sim5 id=5 sync offset=-3904203ns
23:26:55 sim6 id=6 sync offset=4958941ns
23:26:55 sim7 id=7 sync offset=38845119ns
23:26:55 sim8 id=8 sync offset=-17352283ns
23:26:55 sim9 id=9 sync offset=34783950ns
23:26:55 sim10 id=10 sync offset=25743729ns
23:26:55 sim11 id=11 sync offset=23403385ns
23:26:55 sim12 id=12 sync offset=37992774ns
23:26:55 sim13 id=13 sync offset=36341294ns
23:26:55 sim14 id=14 sync offset=-8173190ns
23:26:55 sim15 id=15 sync offset=-32111072ns
23:26:55 sim16 id=16 sync offset=-26982234ns
23:26:55 sim17 id=17 sync offset=24022624ns
23:26:55 sim18 id=18 sync offset=756937ns
23:26:55 sim19 id=19 sync offset=20087932ns
23:26:55 sim20 id=20 sync offset=8345073ns
23:26:55 sim21 id=21 sync offset=9111277ns
23:26:55 sim22 id=22 sync offset=26643857ns
23:26:55 sim23 id=23 sync offset=-38655284ns
23:26:55 sim24 id=24 sync offset=35102096ns
23:26:55 sim25 id=25 sync offset=16356979ns
23:26:55 sim26 id=26 sync offset=-7058164ns
23:26:55 sim27 id=27 sync offset=19887550ns
23:26:55 sim28 id=28 sync offset=21226950ns
23:26:55 sim29 id=29 sync offset=-3715026ns
23:26:55 sim30 id=30 sync offset=-3379898ns
23:26:55 sim31 id=31 sync offset=-30536334ns
23:26:55 sim32 id=32 sync offset=35700745ns
23:26:55 sim1 id=1 sync offset=22436438ns
23:26:55 sim2 id=2 sync offset=-39343971ns
23:26:55 sim3 id=3 sync offset=-28360266ns
23:26:55 sim4 id=4 sync offset=30952984ns
23:26:55 sim5 id=5 sync offset=-3904203ns
23:26:55 sim6 id=6 sync offset=4958941ns
23:26:55 sim7 id=7 sync offset=38845119ns
23:26:55 sim8 id=8 sync offset=-17352283ns
23:26:55 sim9 id=9 sync offset=34783950ns
23:26:55 sim10 id=10 sync offset=25743729ns
23:26:55 sim11 id=11 sync offset=23403385ns
23:26:55 sim12 id=12 sync offset=37992774ns
23:26:55 sim13 id=13 sync offset=36341294ns
23:26:55 sim14 id=14 sync offset=-8173190ns
23:26:55 sim15 id=15 sync offset=-32111072ns
23:26:55 sim16 id=16 sync offset=-26982234ns
23:26:55 sim17 id=17 sync offset=24022624ns
23:26:55 sim18 id=18 sync offset=756937ns
23:26:55 sim19 id=19 sync offset=20087932ns
23:26:55 sim20 id=20 sync offset=8345073ns
23:26:55 sim21 id=21 sync offset=9111277ns
23:26:55 sim22 id=22 sync offset=26643857ns
23:26:55 sim23 id=23 sync offset=-38655284ns
23:26:55 sim24 id=24 sync offset=35102096ns
23:26:55 sim25 id=25 sync offset=16356979ns
23:26:55 sim26 id=26 sync offset=-7058164ns
23:26:55 sim27 id=27 sync offset=19887550ns
23:26:55 sim28 id=28 sync offset=21226950ns
23:26:55 sim29 id=29 sync offset=-3715026ns
23:26:55 sim30 id=30 sync offset=-3379898ns
23:26:55 sim31 id=31 sync offset=-30536334ns
23:26:55 sim32 id=32 sync offset=35700745ns
23:26:56 sim1 id=1 sync offset=22438979ns
23:26:56 sim2 id=2 sync offset=-39343658ns
23:26:56 sim3 id=3 sync offset=-28365328ns
23:26:56 sim4 id=4 sync offset=30942276ns
23:26:56 sim5 id=5 sync offset=-3913651ns
23:26:56 sim6 id=6 sync offset=4954649ns
23:26:56 sim7 id=7 sync offset=38861369ns
23:26:56 sim8 id=8 sync offset=-17344210ns
23:26:56 sim9 id=9 sync offset=34758388ns
23:26:56 sim10 id=10 sync offset=25724250ns
23:26:56 sim11 id=11 sync offset=23372843ns
23:26:56 sim12 id=12 sync offset=37964680ns
23:26:56 sim13 id=13 sync offset=36349075ns
23:26:56 sim14 id=14 sync offset=-8171253ns
23:26:56 sim15 id=15 sync offset=-32117541ns
23:26:56 sim16 id=16 sync offset=-26983703ns
23:26:56 sim17 id=17 sync offset=24016259ns
23:26:56 sim18 id=18 sync offset=746770ns
23:26:56 sim19 id=19 sync offset=20067254ns
23:26:56 sim20 id=20 sync offset=8320875ns
23:26:56 sim21 id=21 sync offset=9084068ns
23:26:56 sim22 id=22 sync offset=26614190ns
23:26:56 sim23 id=23 sync offset=-38697065ns
23:26:56 sim24 id=24 sync offset=35061669ns
23:26:56 sim25 id=25 sync offset=16316594ns
23:26:56 sim26 id=26 sync offset=-7105498ns
23:26:56 sim27 id=27 sync offset=19830758ns
23:26:56 sim28 id=28 sync offset=21169773ns
23:26:56 sim29 id=29 sync offset=-3715026ns
23:26:56 sim30 id=30 sync offset=-3379898ns
23:26:56 sim31 id=31 sync offset=-30536334ns
23:26:56 sim32 id=32 sync offset=35700745ns
23:26:56 sim1 id=1 sync offset=22437875ns
23:26:56 sim2 id=2 sync offset=-39343971ns
23:26:56 sim3 id=3 sync offset=-28370391ns
23:26:56 sim4 id=4 sync offset=30931568ns
23:26:56 sim5 id=5 sync offset=-3923099ns
23:26:56 sim6 id=6 sync offset=4950358ns
23:26:56 sim7 id=7 sync offset=38845119ns
23:26:56 sim8 id=8 sync offset=-17352283ns
23:26:56 sim9 id=9 sync offset=34754627ns
23:26:56 sim10 id=10 sync offset=25714552ns
23:26:56 sim11 id=11 sync offset=23372760ns
23:26:56 sim12 id=12 sync offset=37958034ns
23:26:56 sim13 id=13 sync offset=36341294ns
23:26:56 sim14 id=14 sync offset=-8173190ns
23:26:56 sim15 id=15 sync offset=-32124010ns
23:26:56 sim16 id=16 sync offset=-26985172ns
23:26:56 sim17 id=17 sync offset=24009895ns
23:26:56 sim18 id=18 sync offset=736603ns
23:26:56 sim19 id=19 sync offset=20046577ns
23:26:56 sim20 id=20 sync offset=8296677ns
23:26:56 sim21 id=21 sync offset=9056860ns
23:26:56 sim22 id=22 sync offset=26584524ns
23:26:56 sim23 id=23 sync offset=-38727680ns
23:26:56 sim24 id=24 sync offset=35027356ns
23:26:56 sim25 id=25 sync offset=16280666ns
23:26:56 sim26 id=26 sync offset=-7143258ns
23:26:56 sim27 id=27 sync offset=19790539ns
23:26:56 sim28 id=28 sync offset=21136054ns
23:26:56 sim29 id=29 sync offset=-3773725ns
23:26:56 sim30 id=30 sync offset=-3444753ns
23:26:56 sim31 id=31 sync offset=-30536334ns
23:26:56 sim32 id=32 sync offset=35700745ns
23:26:57 sim1 id=1 sync offset=22436771ns
23:26:57 sim2 id=2 sync offset=-39348690ns
23:26:57 sim3 id=3 sync offset=-28374099ns
23:26:57 sim4 id=4 sync offset=30931568ns
23:26:57 sim5 id=5 sync offset=-3923099ns
23:26:57 sim6 id=6 sync offset=4950358ns
23:26:57 sim7 id=7 sync offset=38845119ns
23:26:57 sim8 id=8 sync offset=-17352283ns
23:26:57 sim9 id=9 sync offset=34754627ns
23:26:57 sim10 id=10 sync offset=25714552ns
23:26:57 sim11 id=11 sync offset=23372760ns
23:26:57 sim12 id=12 sync offset=37958034ns
23:26:57 sim13 id=13 sync offset=36312002ns
23:26:57 sim14 id=14 sync offset=-8198773ns
23:26:57 sim15 id=15 sync offset=-32145604ns
23:26:57 sim16 id=16 sync offset=-27010890ns
23:26:57 sim17 id=17 sync offset=23984374ns
23:26:57 sim18 id=18 sync offset=712666ns
23:26:57 sim19 id=19 sync offset=20029160ns
23:26:57 sim20 id=20 sync offset=8282479ns
23:26:57 sim21 id=21 sync offset=9056860ns
23:26:57 sim22 id=22 sync offset=26584524ns
23:26:57 sim23 id=23 sync offset=-38727680ns
23:26:57 sim24 id=24 sync offset=35027356ns
23:26:57 sim25 id=25 sync offset=16280666ns
23:26:57 sim26 id=26 sync offset=-7143258ns
23:26:57 sim27 id=27 sync offset=19790539ns
23:26:57 sim28 id=28 sync offset=21136054ns
23:26:57 sim29 id=29 sync offset=-3773725ns
23:26:57 sim30 id=30 sync offset=-3444753ns
23:26:57 sim31 id=31 sync offset=-30536334ns
23:26:57 sim32 id=32 sync offset=35700745ns
23:26:57 sim1 id=1 sync offset=22435156ns
23:26:57 sim2 id=2 sync offset=-39353409ns
23:26:57 sim3 id=3 sync offset=-28377808ns
23:26:57 sim4 id=4 sync offset=30931568ns
23:26:57 sim5 id=5 sync offset=-3923099ns
23:26:57 sim6 id=6 sync offset=4950358ns
23:26:57 sim7 id=7 sync offset=38845119ns
23:26:57 sim8 id=8 sync offset=-17352283ns
23:26:57 sim9 id=9 sync offset=34754627ns
23:26:57 sim10 id=10 sync offset=25714552ns
23:26:57 sim11 id=11 sync offset=23372760ns
23:26:57 sim12 id=12 sync offset=37958034ns
23:26:57 sim13 id=13 sync offset=36312002ns
23:26:57 sim14 id=14 sync offset=-8198773ns
23:26:57 sim15 id=15 sync offset=-32145604ns
23:26:57 sim16 id=16 sync offset=-27010890ns
23:26:57 sim17 id=17 sync offset=23984374ns
23:26:57 sim18 id=18 sync offset=712666ns
23:26:57 sim19 id=19 sync offset=20029160ns
23:26:57 sim20 id=20 sync offset=8282479ns
23:26:57 sim21 id=21 sync offset=9056860ns
23:26:57 sim22 id=22 sync offset=26584524ns
23:26:57 sim23 id=23 sync offset=-38727680ns
23:26:57 sim24 id=24 sync offset=35027356ns
23:26:57 sim25 id=25 sync offset=16280666ns
23:26:57 sim26 id=26 sync offset=-7143258ns
23:26:57 sim27 id=27 sync offset=19790539ns
23:26:57 sim28 id=28 sync offset=21136054ns
23:26:57 sim29 id=29 sync offset=-3773725ns
23:26:57 sim30 id=30 sync offset=-3444753ns
23:26:57 sim31 id=31 sync offset=-30536334ns
23:26:57 sim32 id=32 sync offset=35700745ns
23:26:58 sim1 id=1 sync offset=22433542ns
23:26:58 sim2 id=2 sync offset=-39354097ns
23:26:58 sim3 id=3 sync offset=-28379329ns
23:26:58 sim4 id=4 sync offset=30929214ns
23:26:58 sim5 id=5 sync offset=-3923099ns
23:26:58 sim6 id=6 sync offset=4950358ns
23:26:58 sim7 id=7 sync offset=38845119ns
23:26:58 sim8 id=8 sync offset=-17352283ns
23:26:58 sim9 id=9 sync offset=34754627ns
23:26:58 sim10 id=10 sync offset=25714552ns
23:26:58 sim11 id=11 sync offset=23372760ns
23:26:58 sim12 id=12 sync offset=37958034ns
23:26:58 sim13 id=13 sync offset=36312002ns
23:26:58 sim14 id=14 sync offset=-8224357ns
23:26:58 sim15 id=15 sync offset=-32167198ns
23:26:58 sim16 id=16 sync offset=-27036609ns
23:26:58 sim17 id=17 sync offset=23958854ns
23:26:58 sim18 id=18 sync offset=688729ns
23:26:58 sim19 id=19 sync offset=20011744ns
23:26:58 sim20 id=20 sync offset=8268281ns
23:26:58 sim21 id=21 sync offset=9042641ns
23:26:58 sim22 id=22 sync offset=26584524ns
23:26:58 sim23 id=23 sync offset=-38727680ns
23:26:58 sim24 id=24 sync offset=35027356ns
23:26:58 sim25 id=25 sync offset=16280666ns
23:26:58 sim26 id=26 sync offset=-7143258ns
23:26:58 sim27 id=27 sync offset=19790539ns
23:26:58 sim28 id=28 sync offset=21136054ns
23:26:58 sim29 id=29 sync offset=-3773725ns
23:26:58 sim30 id=30 sync offset=-3444753ns
23:26:58 sim31 id=31 sync offset=-30536334ns
23:26:58 sim32 id=32 sync offset=35700745ns
23:26:58 sim1 id=1 sync offset=22432385ns
23:26:58 sim2 id=2 sync offset=-39354785ns
23:26:58 sim3 id=3 sync offset=-28380850ns
23:26:58 sim4 id=4 sync offset=30926860ns
23:26:58 sim5 id=5 sync offset=-3924797ns
23:26:58 sim6 id=6 sync offset=4948086ns
23:26:58 sim7 id=7 sync offset=38840567ns
23:26:58 sim8 id=8 sync offset=-17364616ns
23:26:58 sim9 id=9 sync offset=34750866ns
23:26:58 sim10 id=10 sync offset=25704855ns
23:26:58 sim11 id=11 sync offset=23372677ns
23:26:58 sim12 id=12 sync offset=37951389ns
23:26:58 sim13 id=13 sync offset=36282710ns
23:26:58 sim14 id=14 sync offset=-8224555ns
23:26:58 sim15 id=15 sync offset=-32167989ns
23:26:58 sim16 id=16 sync offset=-27037004ns
23:26:58 sim17 id=17 sync offset=23958791ns
23:26:58 sim18 id=18 sync offset=688208ns
23:26:58 sim19 id=19 sync offset=20008567ns
23:26:58 sim20 id=20 sync offset=8262843ns
23:26:58 sim21 id=21 sync offset=9028423ns
23:26:58 sim22 id=22 sync offset=26570097ns
23:26:58 sim23 id=23 sync offset=-38758295ns
23:26:58 sim24 id=24 sync offset=34993044ns
23:26:58 sim25 id=25 sync offset=16244739ns
23:26:58 sim26 id=26 sync offset=-7181019ns
23:26:58 sim27 id=27 sync offset=19750321ns
23:26:58 sim28 id=28 sync offset=21102335ns
23:26:58 sim29 id=29 sync offset=-3872547ns
23:26:58 sim30 id=30 sync offset=-3444753ns
23:26:58 sim31 id=31 sync offset=-30536334ns
23:26:58 sim32 id=32 sync offset=35700745ns
23:26:59 sim1 id=1 sync offset=22432385ns
23:26:59 sim2 id=2 sync offset=-39354785ns
23:26:59 sim3 id=3 sync offset=-28380850ns
23:26:59 sim4 id=4 sync offset=30926860ns
23:26:59 sim5 id=5 sync offset=-3924797ns
23:26:59 sim6 id=6 sync offset=4948086ns
23:26:59 sim7 id=7 sync offset=38840567ns
23:26:59 sim8 id=8 sync offset=-17364616ns
23:26:59 sim9 id=9 sync offset=34750866ns
23:26:59 sim10 id=10 sync offset=25704855ns
23:26:59 sim11 id=11 sync offset=23372677ns
23:26:59 sim12 id=12 sync offset=37951389ns
23:26:59 sim13 id=13 sync offset=36282710ns
23:26:59 sim14 id=14 sync offset=-8224555ns
23:26:59 sim15 id=15 sync offset=-32167989ns
23:26:59 sim16 id=16 sync offset=-27037004ns
23:26:59 sim17 id=17 sync offset=23958791ns
23:26:59 sim18 id=18 sync offset=688208ns
23:26:59 sim19 id=19 sync offset=20008567ns
23:26:59 sim20 id=20 sync offset=8262843ns
23:26:59 sim21 id=21 sync offset=9028423ns
23:26:59 sim22 id=22 sync offset=26570097ns
23:26:59 sim23 id=23 sync offset=-38758295ns
23:26:59 sim24 id=24 sync offset=34993044ns
23:26:59 sim25 id=25 sync offset=16244739ns
23:26:59 sim26 id=26 sync offset=-7181019ns
23:26:59 sim27 id=27 sync offset=19750321ns
23:26:59 sim28 id=28 sync offset=21102335ns
23:26:59 sim29 id=29 sync offset=-3872547ns
23:26:59 sim30 id=30 sync offset=-3444753ns
23:26:59 sim31 id=31 sync offset=-30536334ns
23:26:59 sim32 id=32 sync offset=35700745ns
23:26:59 sim1 id=1 sync offset=22432385ns
23:26:59 sim2 id=2 sync offset=-39354097ns
23:26:59 sim3 id=3 sync offset=-28379329ns
23:26:59 sim4 id=4 sync offset=30929214ns
23:26:59 sim5 id=5 sync offset=-3923099ns
23:26:59 sim6 id=6 sync offset=4947503ns
23:26:59 sim7 id=7 sync offset=38840567ns
23:26:59 sim8 id=8 sync offset=-17364616ns
23:26:59 sim9 id=9 sync offset=34750866ns
23:26:59 sim10 id=10 sync offset=25704855ns
23:26:59 sim11 id=11 sync offset=23356364ns
23:26:59 sim12 id=12 sync offset=37934607ns
23:26:59 sim13 id=13 sync offset=36282710ns
23:26:59 sim14 id=14 sync offset=-8224753ns
23:26:59 sim15 id=15 sync offset=-32167989ns
23:26:59 sim16 id=16 sync offset=-27037400ns
23:26:59 sim17 id=17 sync offset=23958728ns
23:26:59 sim18 id=18 sync offset=688729ns
23:26:59 sim19 id=19 sync offset=20008567ns
23:26:59 sim20 id=20 sync offset=8262843ns
23:26:59 sim21 id=21 sync offset=9028423ns
23:26:59 sim22 id=22 sync offset=26570097ns
23:26:59 sim23 id=23 sync offset=-38758295ns
23:26:59 sim24 id=24 sync offset=34993044ns
23:26:59 sim25 id=25 sync offset=16244739ns
23:26:59 sim26 id=26 sync offset=-7181019ns
23:26:59 sim27 id=27 sync offset=19750321ns
23:26:59 sim28 id=28 sync offset=21102335ns
23:26:59 sim29 id=29 sync offset=-3872547ns
23:26:59 sim30 id=30 sync offset=-3444753ns
23:26:59 sim31 id=31 sync offset=-30536334ns
23:26:59 sim32 id=32 sync offset=35700745ns
23:27:00 sim1 id=1 sync offset=22428000ns
23:27:00 sim2 id=2 sync offset=-39354035ns
23:27:00 sim3 id=3 sync offset=-28380850ns
23:27:00 sim4 id=4 sync offset=30926860ns
23:27:00 sim5 id=5 sync offset=-3924797ns
23:27:00 sim6 id=6 sync offset=4946659ns
23:27:00 sim7 id=7 sync offset=38836015ns
23:27:00 sim8 id=8 sync offset=-17376950ns
23:27:00 sim9 id=9 sync offset=34750866ns
23:27:00 sim10 id=10 sync offset=25704855ns
23:27:00 sim11 id=11 sync offset=23356364ns
23:27:00 sim12 id=12 sync offset=37917826ns
23:27:00 sim13 id=13 sync offset=36281200ns
23:27:00 sim14 id=14 sync offset=-8239503ns
23:27:00 sim15 id=15 sync offset=-32168781ns
23:27:00 sim16 id=16 sync offset=-27039234ns
23:27:00 sim17 id=17 sync offset=23958114ns
23:27:00 sim18 id=18 sync offset=688208ns
23:27:00 sim19 id=19 sync offset=20005390ns
23:27:00 sim20 id=20 sync offset=8257406ns
23:27:00 sim21 id=21 sync offset=9023047ns
23:27:00 sim22 id=22 sync offset=26570097ns
23:27:00 sim23 id=23 sync offset=-38758295ns
23:27:00 sim24 id=24 sync offset=34993044ns
23:27:00 sim25 id=25 sync offset=16244739ns
23:27:00 sim26 id=26 sync offset=-7181019ns
23:27:00 sim27 id=27 sync offset=19750321ns
23:27:00 sim28 id=28 sync offset=21102335ns
23:27:00 sim29 id=29 sync offset=-3872547ns
23:27:00 sim30 id=30 sync offset=-3444753ns
23:27:00 sim31 id=31 sync offset=-30536334ns
23:27:00 sim32 id=32 sync offset=35700745ns
23:27:00 sim1 id=1 sync offset=22428000ns
23:27:00 sim2 id=2 sync offset=-39354410ns
23:27:00 sim3 id=3 sync offset=-28381829ns
23:27:00 sim4 id=4 sync offset=30918859ns
23:27:00 sim5 id=5 sync offset=-3926495ns
23:27:00 sim6 id=6 sync offset=4947503ns
23:27:00 sim7 id=7 sync offset=38840567ns
23:27:00 sim8 id=8 sync offset=-17376950ns
23:27:00 sim9 id=9 sync offset=34750866ns
23:27:00 sim10 id=10 sync offset=25704855ns
23:27:00 sim11 id=11 sync offset=23356364ns
23:27:00 sim12 id=12 sync offset=37920325ns
23:27:00 sim13 id=13 sync offset=36282710ns
23:27:00 sim14 id=14 sync offset=-8224753ns
23:27:00 sim15 id=15 sync offset=-32167989ns
23:27:00 sim16 id=16 sync offset=-27037400ns
23:27:00 sim17 id=17 sync offset=23958728ns
23:27:00 sim18 id=18 sync offset=688729ns
23:27:00 sim19 id=19 sync offset=20008567ns
23:27:00 sim20 id=20 sync offset=8257406ns
23:27:00 sim21 id=21 sync offset=9023047ns
23:27:00 sim22 id=22 sync offset=26570097ns
23:27:00 sim23 id=23 sync offset=-38758295ns
23:27:00 sim24 id=24 sync offset=34993044ns
23:27:00 sim25 id=25 sync offset=16244739ns
23:27:00 sim26 id=26 sync offset=-7181019ns
23:27:00 sim27 id=27 sync offset=19750321ns
23:27:00 sim28 id=28 sync offset=21102335ns
23:27:00 sim29 id=29 sync offset=-3872547ns
23:27:00 sim30 id=30 sync offset=-3444753ns
23:27:00 sim31 id=31 sync offset=-30536334ns
23:27:00 sim32 id=32 sync offset=35700745ns
23:27:01 sim1 id=1 sync offset=22434917ns
23:27:01 sim2 id=2 sync offset=-39359847ns
23:27:01 sim3 id=3 sync offset=-28382808ns
23:27:01 sim4 id=4 sync offset=30909682ns
23:27:01 sim5 id=5 sync offset=-3948619ns
23:27:01 sim6 id=6 sync offset=4945815ns
23:27:01 sim7 id=7 sync offset=38820504ns
23:27:01 sim8 id=8 sync offset=-17393158ns
23:27:01 sim9 id=9 sync offset=34684096ns
23:27:01 sim10 id=10 sync offset=25636209ns
23:27:01 sim11 id=11 sync offset=23320645ns
23:27:01 sim12 id=12 sync offset=37903825ns
23:27:01 sim13 id=13 sync offset=36279690ns
23:27:01 sim14 id=14 sync offset=-8254253ns
23:27:01 sim15 id=15 sync offset=-32177478ns
23:27:01 sim16 id=16 sync offset=-27041068ns
23:27:01 sim17 id=17 sync offset=23957500ns
23:27:01 sim18 id=18 sync offset=687687ns
23:27:01 sim19 id=19 sync offset=19991181ns
23:27:01 sim20 id=20 sync offset=8224802ns
23:27:01 sim21 id=21 sync offset=9001505ns
23:27:01 sim22 id=22 sync offset=26550690ns
23:27:01 sim23 id=23 sync offset=-38799482ns
23:27:01 sim24 id=24 sync offset=34952210ns
23:27:01 sim25 id=25 sync offset=16191031ns
23:27:01 sim26 id=26 sync offset=-7225050ns
23:27:01 sim27 id=27 sync offset=19700185ns
23:27:01 sim28 id=28 sync offset=21040074ns
23:27:01 sim29 id=29 sync offset=-3971370ns
23:27:01 sim30 id=30 sync offset=-3550253ns
23:27:01 sim31 id=31 sync offset=-30602241ns
23:27:01 sim32 id=32 sync offset=35634839ns
23:27:01 sim1 id=1 sync offset=22432354ns
23:27:01 sim2 id=2 sync offset=-39354035ns
23:27:01 sim3 id=3 sync offset=-28377808ns
23:27:01 sim4 id=4 sync offset=30909682ns
23:27:01 sim5 id=5 sync offset=-3948619ns
23:27:01 sim6 id=6 sync offset=4945815ns
23:27:01 sim7 id=7 sync offset=38829931ns
23:27:01 sim8 id=8 sync offset=-17376950ns
23:27:01 sim9 id=9 sync offset=34687345ns
23:27:01 sim10 id=10 sync offset=25636209ns
23:27:01 sim11 id=11 sync offset=23288708ns
23:27:01 sim12 id=12 sync offset=37889825ns
23:27:01 sim13 id=13 sync offset=36269074ns
23:27:01 sim14 id=14 sync offset=-8224357ns
23:27:01 sim15 id=15 sync offset=-32176687ns
23:27:01 sim16 id=16 sync offset=-27046973ns
23:27:01 sim17 id=17 sync offset=23941353ns
23:27:01 sim18 id=18 sync offset=687687ns
23:27:01 sim19 id=19 sync offset=19991327ns
23:27:01 sim20 id=20 sync offset=8228281ns
23:27:01 sim21 id=21 sync offset=8985338ns
23:27:01 sim22 id=22 sync offset=26512211ns
23:27:01 sim23 id=23 sync offset=-38848836ns
23:27:01 sim24 id=24 sync offset=34923501ns
23:27:01 sim25 id=25 sync offset=16157739ns
23:27:01 sim26 id=26 sync offset=-7272852ns
23:27:01 sim27 id=27 sync offset=19649904ns
23:27:01 sim28 id=28 sync offset=20985783ns
23:27:01 sim29 id=29 sync offset=-3961621ns
23:27:01 sim30 id=30 sync offset=-3643399ns
23:27:01 sim31 id=31 sync offset=-30805886ns
23:27:01 sim32 id=32 sync offset=35424443ns
23:27:01 sim1 id=1 sync offset=22429792ns
23:27:01 sim2 id=2 sync offset=-39357857ns
23:27:01 sim3 id=3 sync offset=-28380308ns
23:27:01 sim4 id=4 sync offset=30914422ns
23:27:01 sim5 id=5 sync offset=-3945817ns
23:27:01 sim6 id=6 sync offset=4933075ns
23:27:01 sim7 id=7 sync offset=38817462ns
23:27:01 sim8 id=8 sync offset=-17385054ns
23:27:01 sim9 id=9 sync offset=34686574ns
23:27:01 sim10 id=10 sync offset=25637792ns
23:27:01 sim11 id=11 sync offset=23292698ns
23:27:01 sim12 id=12 sync offset=37880721ns
23:27:01 sim13 id=13 sync offset=36255439ns
23:27:01 sim14 id=14 sync offset=-8239461ns
23:27:01 sim15 id=15 sync offset=-32186176ns
23:27:01 sim16 id=16 sync offset=-27056547ns
23:27:01 sim17 id=17 sync offset=23923978ns
23:27:01 sim18 id=18 sync offset=669864ns
23:27:01 sim19 id=19 sync offset=19984150ns
23:27:01 sim20 id=20 sync offset=8226541ns
23:27:01 sim21 id=21 sync offset=8976411ns
23:27:01 sim22 id=22 sync offset=26506117ns
23:27:01 sim23 id=23 sync offset=-38848440ns
23:27:01 sim24 id=24 sync offset=34919199ns
23:27:01 sim25 id=25 sync offset=16165510ns
23:27:01 sim26 id=26 sync offset=-7269081ns
23:27:01 sim27 id=27 sync offset=19650050ns
23:27:01 sim28 id=28 sync offset=20992565ns
23:27:01 sim29 id=29 sync offset=-3961621ns
23:27:01 sim30 id=30 sync offset=-3643399ns
23:27:01 sim31 id=31 sync offset=-30805886ns
23:27:01 sim32 id=32 sync offset=35424443ns
23:27:02 sim1 id=1 sync offset=22432344ns
23:27:02 sim2 id=2 sync offset=-39354035ns
23:27:02 sim3 id=3 sync offset=-28382808ns
23:27:02 sim4 id=4 sync offset=30914963ns
23:27:02 sim5 id=5 sync offset=-3943015ns
23:27:02 sim6 id=6 sync offset=4935711ns
23:27:02 sim7 id=7 sync offset=38820098ns
23:27:02 sim8 id=8 sync offset=-17376950ns
23:27:02 sim9 id=9 sync offset=34687345ns
23:27:02 sim10 id=10 sync offset=25639376ns
23:27:02 sim11 id=11 sync offset=23291896ns
23:27:02 sim12 id=12 sync offset=37875097ns
23:27:02 sim13 id=13 sync offset=36260262ns
23:27:02 sim14 id=14 sync offset=-8237086ns
23:27:02 sim15 id=15 sync offset=-32183613ns
23:27:02 sim16 id=16 sync offset=-27053401ns
23:27:02 sim17 id=17 sync offset=23934301ns
23:27:02 sim18 id=18 sync offset=659812ns
23:27:02 sim19 id=19 sync offset=19983598ns
23:27:02 sim20 id=20 sync offset=8228281ns
23:27:02 sim21 id=21 sync offset=8985338ns
23:27:02 sim22 id=22 sync offset=26512211ns
23:27:02 sim23 id=23 sync offset=-38848045ns
23:27:02 sim24 id=24 sync offset=34923501ns
23:27:02 sim25 id=25 sync offset=16165656ns
23:27:02 sim26 id=26 sync offset=-7265310ns
23:27:02 sim27 id=27 sync offset=19649904ns
23:27:02 sim28 id=28 sync offset=20985783ns
23:27:02 sim29 id=29 sync offset=-3963016ns
23:27:02 sim30 id=30 sync offset=-3644003ns
23:27:02 sim31 id=31 sync offset=-30806917ns
23:27:02 sim32 id=32 sync offset=35423370ns
23:27:02 sim1 id=1 sync offset=22429792ns
23:27:02 sim2 id=2 sync offset=-39357857ns
23:27:02 sim3 id=3 sync offset=-28383328ns
23:27:02 sim4 id=4 sync offset=30914422ns
23:27:02 sim5 id=5 sync offset=-3945817ns
23:27:02 sim6 id=6 sync offset=4928023ns
23:27:02 sim7 id=7 sync offset=38812546ns
23:27:02 sim8 id=8 sync offset=-17383960ns
23:27:02 sim9 id=9 sync offset=34691752ns
23:27:02 sim10 id=10 sync offset=25639376ns
23:27:02 sim11 id=11 sync offset=23291896ns
23:27:02 sim12 id=12 sync offset=37875097ns
23:27:02 sim13 id=13 sync offset=36260262ns
23:27:02 sim14 id=14 sync offset=-8237086ns
23:27:02 sim15 id=15 sync offset=-32183613ns
23:27:02 sim16 id=16 sync offset=-27056547ns
23:27:02 sim17 id=17 sync offset=23923978ns
23:27:02 sim18 id=18 sync offset=652041ns
23:27:02 sim19 id=19 sync offset=19976973ns
23:27:02 sim20 id=20 sync offset=8226541ns
23:27:02 sim21 id=21 sync offset=8976411ns
23:27:02 sim22 id=22 sync offset=26506117ns
23:27:02 sim23 id=23 sync offset=-38848440ns
23:27:02 sim24 id=24 sync offset=34919199ns
23:27:02 sim25 id=25 sync offset=16165802ns
23:27:02 sim26 id=26 sync offset=-7269081ns
23:27:02 sim27 id=27 sync offset=19649758ns
23:27:02 sim28 id=28 sync offset=20979002ns
23:27:02 sim29 id=29 sync offset=-3967860ns
23:27:02 sim30 id=30 sync offset=-3644742ns
23:27:02 sim31 id=31 sync offset=-30806917ns
23:27:02 sim32 id=32 sync offset=35421891ns
23:27:03 sim1 id=1 sync offset=22429792ns
23:27:03 sim2 id=2 sync offset=-39357857ns
23:27:03 sim3 id=3 sync offset=-28383328ns
23:27:03 sim4 id=4 sync offset=30914422ns
23:27:03 sim5 id=5 sync offset=-3945817ns
23:27:03 sim6 id=6 sync offset=4928023ns
23:27:03 sim7 id=7 sync offset=38812546ns
23:27:03 sim8 id=8 sync offset=-17383960ns
23:27:03 sim9 id=9 sync offset=34691752ns
23:27:03 sim10 id=10 sync offset=25639376ns
23:27:03 sim11 id=11 sync offset=23291896ns
23:27:03 sim12 id=12 sync offset=37875097ns
23:27:03 sim13 id=13 sync offset=36260262ns
23:27:03 sim14 id=14 sync offset=-8237086ns
23:27:03 sim15 id=15 sync offset=-32183613ns
23:27:03 sim16 id=16 sync offset=-27056547ns
23:27:03 sim17 id=17 sync offset=23923978ns
23:27:03 sim18 id=18 sync offset=652041ns
23:27:03 sim19 id=19 sync offset=19980285ns
23:27:03 sim20 id=20 sync offset=8226541ns
23:27:03 sim21 id=21 sync offset=8976411ns
23:27:03 sim22 id=22 sync offset=26506117ns
23:27:03 sim23 id=23 sync offset=-38848440ns
23:27:03 sim24 id=24 sync offset=34919199ns
23:27:03 sim25 id=25 sync offset=16165802ns
23:27:03 sim26 id=26 sync offset=-7269081ns
23:27:03 sim27 id=27 sync offset=19649758ns
23:27:03 sim28 id=28 sync offset=20979002ns
23:27:03 sim29 id=29 sync offset=-3967860ns
23:27:03 sim30 id=30 sync offset=-3644878ns
23:27:03 sim31 id=31 sync offset=-30807949ns
23:27:03 sim32 id=32 sync offset=35419339ns
23:27:03 sim1 id=1 sync offset=22428896ns
23:27:03 sim2 id=2 sync offset=-39361680ns
23:27:03 sim3 id=3 sync offset=-28383849ns
23:27:03 sim4 id=4 sync offset=30912640ns
23:27:03 sim5 id=5 sync offset=-3948619ns
23:27:03 sim6 id=6 sync offset=4920336ns
23:27:03 sim7 id=7 sync offset=38804994ns
23:27:03 sim8 id=8 sync offset=-17393158ns
23:27:03 sim9 id=9 sync offset=34685804ns
23:27:03 sim10 id=10 sync offset=25637792ns
23:27:03 sim11 id=11 sync offset=23291094ns
23:27:03 sim12 id=12 sync offset=37873357ns
23:27:03 sim13 id=13 sync offset=36255439ns
23:27:03 sim14 id=14 sync offset=-8245826ns
23:27:03 sim15 id=15 sync offset=-32186176ns
23:27:03 sim16 id=16 sync offset=-27064422ns
23:27:03 sim17 id=17 sync offset=23921520ns
23:27:03 sim18 id=18 sync offset=644509ns
23:27:03 sim19 id=19 sync offset=19976973ns
23:27:03 sim20 id=20 sync offset=8224802ns
23:27:03 sim21 id=21 sync offset=8967485ns
23:27:03 sim22 id=22 sync offset=26500023ns
23:27:03 sim23 id=23 sync offset=-38848836ns
23:27:03 sim24 id=24 sync offset=34914898ns
23:27:03 sim25 id=25 sync offset=16157885ns
23:27:03 sim26 id=26 sync offset=-7272852ns
23:27:03 sim27 id=27 sync offset=19647903ns
23:27:03 sim28 id=28 sync offset=20978408ns
23:27:03 sim29 id=29 sync offset=-3971308ns
23:27:03 sim30 id=30 sync offset=-3644982ns
23:27:03 sim31 id=31 sync offset=-30808345ns
23:27:03 sim32 id=32 sync offset=35418651ns
23:27:04 sim1 id=1 sync offset=22428896ns
23:27:04 sim2 id=2 sync offset=-39363940ns
23:27:04 sim3 id=3 sync offset=-28391463ns
23:27:04 sim4 id=4 sync offset=30912640ns
23:27:04 sim5 id=5 sync offset=-3948619ns
23:27:04 sim6 id=6 sync offset=4920336ns
23:27:04 sim7 id=7 sync offset=38804994ns
23:27:04 sim8 id=8 sync offset=-17393158ns
23:27:04 sim9 id=9 sync offset=34685804ns
23:27:04 sim10 id=10 sync offset=25636282ns
23:27:04 sim11 id=11 sync offset=23291094ns
23:27:04 sim12 id=12 sync offset=37873357ns
23:27:04 sim13 id=13 sync offset=36255439ns
23:27:04 sim14 id=14 sync offset=-8245826ns
23:27:04 sim15 id=15 sync offset=-32186176ns
23:27:04 sim16 id=16 sync offset=-27064422ns
23:27:04 sim17 id=17 sync offset=23921520ns
23:27:04 sim18 id=18 sync offset=644509ns
23:27:04 sim19 id=19 sync offset=19976973ns
23:27:04 sim20 id=20 sync offset=8224802ns
23:27:04 sim21 id=21 sync offset=8967485ns
23:27:04 sim22 id=22 sync offset=26500023ns
23:27:04 sim23 id=23 sync offset=-38848836ns
23:27:04 sim24 id=24 sync offset=34914898ns
23:27:04 sim25 id=25 sync offset=16157885ns
23:27:04 sim26 id=26 sync offset=-7269081ns
23:27:04 sim27 id=27 sync offset=19647903ns
23:27:04 sim28 id=28 sync offset=20992824ns
23:27:04 sim29 id=29 sync offset=-3964412ns
23:27:04 sim30 id=30 sync offset=-3644607ns
23:27:04 sim31 id=31 sync offset=-30806917ns
23:27:04 sim32 id=32 sync offset=35421891ns
23:27:04 sim1 id=1 sync offset=22429792ns
23:27:04 sim2 id=2 sync offset=-39361284ns
23:27:04 sim3 id=3 sync offset=-28395204ns
23:27:04 sim4 id=4 sync offset=30914422ns
23:27:04 sim5 id=5 sync offset=-3945817ns
23:27:04 sim6 id=6 sync offset=4928023ns
23:27:04 sim7 id=7 sync offset=38812546ns
23:27:04 sim8 id=8 sync offset=-17393158ns
23:27:04 sim9 id=9 sync offset=34685804ns
23:27:04 sim10 id=10 sync offset=25636282ns
23:27:04 sim11 id=11 sync offset=23291094ns
23:27:04 sim12 id=12 sync offset=37873357ns
23:27:04 sim13 id=13 sync offset=36255439ns
23:27:04 sim14 id=14 sync offset=-8245826ns
23:27:04 sim15 id=15 sync offset=-32183613ns
23:27:04 sim16 id=16 sync offset=-27056547ns
23:27:04 sim17 id=17 sync offset=23923978ns
23:27:04 sim18 id=18 sync offset=652041ns
23:27:04 sim19 id=19 sync offset=19983598ns
23:27:04 sim20 id=20 sync offset=8228281ns
23:27:04 sim21 id=21 sync offset=8985338ns
23:27:04 sim22 id=22 sync offset=26512211ns
23:27:04 sim23 id=23 sync offset=-38848045ns
23:27:04 sim24 id=24 sync offset=34923501ns
23:27:04 sim25 id=25 sync offset=16175176ns
23:27:04 sim26 id=26 sync offset=-7258029ns
23:27:04 sim27 id=27 sync offset=19658831ns
23:27:04 sim28 id=28 sync offset=21012095ns
23:27:04 sim29 id=29 sync offset=-3942037ns
23:27:04 sim30 id=30 sync offset=-3621127ns
23:27:04 sim31 id=31 sync offset=-30792448ns
23:27:04 sim32 id=32 sync offset=35432307ns
23:27:05 sim1 id=1 sync offset=22432344ns
23:27:05 sim2 id=2 sync offset=-39361284ns
23:27:05 sim3 id=3 sync offset=-28397141ns
23:27:05 sim4 id=4 sync offset=30912640ns
23:27:05 sim5 id=5 sync offset=-3948619ns
23:27:05 sim6 id=6 sync offset=4920336ns
23:27:05 sim7 id=7 sync offset=38812546ns
23:27:05 sim8 id=8 sync offset=-17393158ns
23:27:05 sim9 id=9 sync offset=34685804ns
23:27:05 sim10 id=10 sync offset=25636282ns
23:27:05 sim11 id=11 sync offset=23283635ns
23:27:05 sim12 id=12 sync offset=37873357ns
23:27:05 sim13 id=13 sync offset=36255439ns
23:27:05 sim14 id=14 sync offset=-8245826ns
23:27:05 sim15 id=15 sync offset=-32183613ns
23:27:05 sim16 id=16 sync offset=-27056547ns
23:27:05 sim17 id=17 sync offset=23923978ns
23:27:05 sim18 id=18 sync offset=652041ns
23:27:05 sim19 id=19 sync offset=19980285ns
23:27:05 sim20 id=20 sync offset=8226541ns
23:27:05 sim21 id=21 sync offset=8976411ns
23:27:05 sim22 id=22 sync offset=26506117ns
23:27:05 sim23 id=23 sync offset=-38848440ns
23:27:05 sim24 id=24 sync offset=34919199ns
23:27:05 sim25 id=25 sync offset=16165802ns
23:27:05 sim26 id=26 sync offset=-7261539ns
23:27:05 sim27 id=27 sync offset=19649758ns
23:27:05 sim28 id=28 sync offset=21006647ns
23:27:05 sim29 id=29 sync offset=-3942037ns
23:27:05 sim30 id=30 sync offset=-3632867ns
23:27:05 sim31 id=31 sync offset=-30792448ns
23:27:05 sim32 id=32 sync offset=35432307ns
23:27:05 sim1 id=1 sync offset=22432344ns
23:27:05 sim2 id=2 sync offset=-39360888ns
23:27:05 sim3 id=3 sync offset=-28395204ns
23:27:05 sim4 id=4 sync offset=30914422ns
23:27:05 sim5 id=5 sync offset=-3945817ns
23:27:05 sim6 id=6 sync offset=4928023ns
23:27:05 sim7 id=7 sync offset=38820098ns
23:27:05 sim8 id=8 sync offset=-17384731ns
23:27:05 sim9 id=9 sync offset=34691752ns
23:27:05 sim10 id=10 sync offset=25641271ns
23:27:05 sim11 id=11 sync offset=23291896ns
23:27:05 sim12 id=12 sync offset=37875097ns
23:27:05 sim13 id=13 sync offset=36260262ns
23:27:05 sim14 id=14 sync offset=-8237086ns
23:27:05 sim15 id=15 sync offset=-32181051ns
23:27:05 sim16 id=16 sync offset=-27053401ns
23:27:05 sim17 id=17 sync offset=23934301ns
23:27:05 sim18 id=18 sync offset=659812ns
23:27:05 sim19 id=19 sync offset=19987462ns
23:27:05 sim20 id=20 sync offset=8230344ns
23:27:05 sim21 id=21 sync offset=8990671ns
23:27:05 sim22 id=22 sync offset=26515908ns
23:27:05 sim23 id=23 sync offset=-38837618ns
23:27:05 sim24 id=24 sync offset=34926022ns
23:27:05 sim25 id=25 sync offset=16178385ns
23:27:05 sim26 id=26 sync offset=-7254519ns
23:27:05 sim27 id=27 sync offset=19667904ns
23:27:05 sim28 id=28 sync offset=21012980ns
23:27:05 sim29 id=29 sync offset=-3936288ns
23:27:05 sim30 id=30 sync offset=-3622596ns
23:27:05 sim31 id=31 sync offset=-30789980ns
23:27:05 sim32 id=32 sync offset=35435171ns
23:27:06 sim1 id=1 sync offset=22434907ns
23:27:06 sim2 id=2 sync offset=-39360742ns
23:27:06 sim3 id=3 sync offset=-28395204ns
23:27:06 sim4 id=4 sync offset=30914422ns
23:27:06 sim5 id=5 sync offset=-3943067ns
23:27:06 sim6 id=6 sync offset=4929055ns
23:27:06 sim7 id=7 sync offset=38820098ns
23:27:06 sim8 id=8 sync offset=-17382710ns
23:27:06 sim9 id=9 sync offset=34695533ns
23:27:06 sim10 id=10 sync offset=25642261ns
23:27:06 sim11 id=11 sync offset=23295979ns
23:27:06 sim12 id=12 sync offset=37886868ns
23:27:06 sim13 id=13 sync offset=36271929ns
23:27:06 sim14 id=14 sync offset=-8229732ns
23:27:06 sim15 id=15 sync offset=-32173656ns
23:27:06 sim16 id=16 sync offset=-27046765ns
23:27:06 sim17 id=17 sync offset=23949613ns
23:27:06 sim18 id=18 sync offset=684103ns
23:27:06 sim19 id=19 sync offset=19995275ns
23:27:06 sim20 id=20 sync offset=8233458ns
23:27:06 sim21 id=21 sync offset=8999880ns
23:27:06 sim22 id=22 sync offset=26521575ns
23:27:06 sim23 id=23 sync offset=-38823430ns
23:27:06 sim24 id=24 sync offset=34933105ns
23:27:06 sim25 id=25 sync offset=16184551ns
23:27:06 sim26 id=26 sync offset=-7247103ns
23:27:06 sim27 id=27 sync offset=19683633ns
23:27:06 sim28 id=28 sync offset=21012980ns
23:27:06 sim29 id=29 sync offset=-3936288ns
23:27:06 sim30 id=30 sync offset=-3622596ns
23:27:06 sim31 id=31 sync offset=-30789980ns
23:27:06 sim32 id=32 sync offset=35435171ns
23:27:06 sim1 id=1 sync offset=22434897ns
23:27:06 sim2 id=2 sync offset=-39360815ns
23:27:06 sim3 id=3 sync offset=-28395349ns
23:27:06 sim4 id=4 sync offset=30913703ns
23:27:06 sim5 id=5 sync offset=-3943119ns
23:27:06 sim6 id=6 sync offset=4922399ns
23:27:06 sim7 id=7 sync offset=38812890ns
23:27:06 sim8 id=8 sync offset=-17389116ns
23:27:06 sim9 id=9 sync offset=34693367ns
23:27:06 sim10 id=10 sync offset=25641355ns
23:27:06 sim11 id=11 sync offset=23295260ns
23:27:06 sim12 id=12 sync offset=37887638ns
23:27:06 sim13 id=13 sync offset=36278773ns
23:27:06 sim14 id=14 sync offset=-8227617ns
23:27:06 sim15 id=15 sync offset=-32165812ns
23:27:06 sim16 id=16 sync offset=-27043276ns
23:27:06 sim17 id=17 sync offset=23954603ns
23:27:06 sim18 id=18 sync offset=686603ns
23:27:06 sim19 id=19 sync offset=19999223ns
23:27:06 sim20 id=20 sync offset=8234510ns
23:27:06 sim21 id=21 sync offset=9003756ns
23:27:06 sim22 id=22 sync offset=26523544ns
23:27:06 sim23 id=23 sync offset=-38819670ns
23:27:06 sim24 id=24 sync offset=34937668ns
23:27:06 sim25 id=25 sync offset=16187541ns
23:27:06 sim26 id=26 sync offset=-7245675ns
23:27:06 sim27 id=27 sync offset=19685258ns
23:27:06 sim28 id=28 sync offset=21015261ns
23:27:06 sim29 id=29 sync offset=-3930235ns
23:27:06 sim30 id=30 sync offset=-3621127ns
23:27:06 sim31 id=31 sync offset=-30779011ns
23:27:06 sim32 id=32 sync offset=35445276ns
23:27:07 sim1 id=1 sync offset=22434897ns
23:27:07 sim2 id=2 sync offset=-39360815ns
23:27:07 sim3 id=3 sync offset=-28395495ns
23:27:07 sim4 id=4 sync offset=30912985ns
23:27:07 sim5 id=5 sync offset=-3945869ns
23:27:07 sim6 id=6 sync offset=4921367ns
23:27:07 sim7 id=7 sync offset=38805682ns
23:27:07 sim8 id=8 sync offset=-17391137ns
23:27:07 sim9 id=9 sync offset=34689585ns
23:27:07 sim10 id=10 sync offset=25640365ns
23:27:07 sim11 id=11 sync offset=23293979ns
23:27:07 sim12 id=12 sync offset=37886868ns
23:27:07 sim13 id=13 sync offset=36278773ns
23:27:07 sim14 id=14 sync offset=-8227617ns
23:27:07 sim15 id=15 sync offset=-32165812ns
23:27:07 sim16 id=16 sync offset=-27043276ns
23:27:07 sim17 id=17 sync offset=23954603ns
23:27:07 sim18 id=18 sync offset=684103ns
23:27:07 sim19 id=19 sync offset=20003369ns
23:27:07 sim20 id=20 sync offset=8237615ns
23:27:07 sim21 id=21 sync offset=9003756ns
23:27:07 sim22 id=22 sync offset=26523544ns
23:27:07 sim23 id=23 sync offset=-38819670ns
23:27:07 sim24 id=24 sync offset=34937668ns
23:27:07 sim25 id=25 sync offset=16190531ns
23:27:07 sim26 id=26 sync offset=-7245675ns
23:27:07 sim27 id=27 sync offset=19686883ns
23:27:07 sim28 id=28 sync offset=21017543ns
23:27:07 sim29 id=29 sync offset=-3930235ns
23:27:07 sim30 id=30 sync offset=-3621127ns
23:27:07 sim31 id=31 sync offset=-30779011ns
23:27:07 sim32 id=32 sync offset=35445276ns
23:27:07 sim1 id=1 sync offset=22434907ns
23:27:07 sim2 id=2 sync offset=-39360815ns
23:27:07 sim3 id=3 sync offset=-28395495ns
23:27:07 sim4 id=4 sync offset=30914422ns
23:27:07 sim5 id=5 sync offset=-3943067ns
23:27:07 sim6 id=6 sync offset=4921367ns
23:27:07 sim7 id=7 sync offset=38805682ns
23:27:07 sim8 id=8 sync offset=-17391137ns
23:27:07 sim9 id=9 sync offset=34689585ns
23:27:07 sim10 id=10 sync offset=25640365ns
23:27:07 sim11 id=11 sync offset=23293979ns
23:27:07 sim12 id=12 sync offset=37886868ns
23:27:07 sim13 id=13 sync offset=36278773ns
23:27:07 sim14 id=14 sync offset=-8227617ns
23:27:07 sim15 id=15 sync offset=-32165812ns
23:27:07 sim16 id=16 sync offset=-27043276ns
23:27:07 sim17 id=17 sync offset=23954603ns
23:27:07 sim18 id=18 sync offset=684103ns
23:27:07 sim19 id=19 sync offset=20003369ns
23:27:07 sim20 id=20 sync offset=8237615ns
23:27:07 sim21 id=21 sync offset=9003756ns
23:27:07 sim22 id=22 sync offset=26523544ns
23:27:07 sim23 id=23 sync offset=-38819670ns
23:27:07 sim24 id=24 sync offset=34937668ns
23:27:07 sim25 id=25 sync offset=16184551ns
23:27:07 sim26 id=26 sync offset=-7250811ns
23:27:07 sim27 id=27 sync offset=19683633ns
23:27:07 sim28 id=28 sync offset=21012980ns
23:27:07 sim29 id=29 sync offset=-3939162ns
23:27:07 sim30 id=30 sync offset=-3624066ns
23:27:07 sim31 id=31 sync offset=-30800949ns
23:27:07 sim32 id=32 sync offset=35444047ns
23:27:08 sim1 id=1 sync offset=22434917ns
23:27:08 sim2 id=2 sync offset=-39360742ns
23:27:08 sim3 id=3 sync offset=-28395349ns
23:27:08 sim4 id=4 sync offset=30914422ns
23:27:08 sim5 id=5 sync offset=-3943015ns
23:27:08 sim6 id=6 sync offset=4920336ns
23:27:08 sim7 id=7 sync offset=38805338ns
23:27:08 sim8 id=8 sync offset=-17393158ns
23:27:08 sim9 id=9 sync offset=34685804ns
23:27:08 sim10 id=10 sync offset=25639376ns
23:27:08 sim11 id=11 sync offset=23293979ns
23:27:08 sim12 id=12 sync offset=37886868ns
23:27:08 sim13 id=13 sync offset=36278773ns
23:27:08 sim14 id=14 sync offset=-8229732ns
23:27:08 sim15 id=15 sync offset=-32173656ns
23:27:08 sim16 id=16 sync offset=-27043276ns
23:27:08 sim17 id=17 sync offset=23954603ns
23:27:08 sim18 id=18 sync offset=671957ns
23:27:08 sim19 id=19 sync offset=19999223ns
23:27:08 sim20 id=20 sync offset=8242823ns
23:27:08 sim21 id=21 sync offset=9003756ns
23:27:08 sim22 id=22 sync offset=26523544ns
23:27:08 sim23 id=23 sync offset=-38819670ns
23:27:08 sim24 id=24 sync offset=34937668ns
23:27:08 sim25 id=25 sync offset=16184551ns
23:27:08 sim26 id=26 sync offset=-7250811ns
23:27:08 sim27 id=27 sync offset=19683633ns
23:27:08 sim28 id=28 sync offset=21015261ns
23:27:08 sim29 id=29 sync offset=-3939162ns
23:27:08 sim30 id=30 sync offset=-3624066ns
23:27:08 sim31 id=31 sync offset=-30800949ns
23:27:08 sim32 id=32 sync offset=35444047ns
23:27:08 sim1 id=1 sync offset=22432542ns
23:27:08 sim2 id=2 sync offset=-39360003ns
23:27:08 sim3 id=3 sync offset=-28395349ns
23:27:08 sim4 id=4 sync offset=30914422ns
23:27:08 sim5 id=5 sync offset=-3943015ns
23:27:08 sim6 id=6 sync offset=4921367ns
23:27:08 sim7 id=7 sync offset=38805682ns
23:27:08 sim8 id=8 sync offset=-17398283ns
23:27:08 sim9 id=9 sync offset=34689585ns
23:27:08 sim10 id=10 sync offset=25639376ns
23:27:08 sim11 id=11 sync offset=23293979ns
23:27:08 sim12 id=12 sync offset=37886868ns
23:27:08 sim13 id=13 sync offset=36278773ns
23:27:08 sim14 id=14 sync offset=-8229732ns
23:27:08 sim15 id=15 sync offset=-32173656ns
23:27:08 sim16 id=16 sync offset=-27043276ns
23:27:08 sim17 id=17 sync offset=23954603ns
23:27:08 sim18 id=18 sync offset=671957ns
23:27:08 sim19 id=19 sync offset=19999223ns
23:27:08 sim20 id=20 sync offset=8242823ns
23:27:08 sim21 id=21 sync offset=9003756ns
23:27:08 sim22 id=22 sync offset=26523544ns
23:27:08 sim23 id=23 sync offset=-38819670ns
23:27:08 sim24 id=24 sync offset=34937668ns
23:27:08 sim25 id=25 sync offset=16184551ns
23:27:08 sim26 id=26 sync offset=-7250811ns
23:27:08 sim27 id=27 sync offset=19683633ns
23:27:08 sim28 id=28 sync offset=21015261ns
23:27:08 sim29 id=29 sync offset=-3947735ns
23:27:08 sim30 id=30 sync offset=-3636399ns
23:27:08 sim31 id=31 sync offset=-30800949ns
23:27:08 sim32 id=32 sync offset=35435797ns
23:27:09 sim1 id=1 sync offset=22434990ns
23:27:09 sim2 id=2 sync offset=-39360003ns
23:27:09 sim3 id=3 sync offset=-28395349ns
23:27:09 sim4 id=4 sync offset=30912985ns
23:27:09 sim5 id=5 sync offset=-3943119ns
23:27:09 sim6 id=6 sync offset=4918586ns
23:27:09 sim7 id=7 sync offset=38800181ns
23:27:09 sim8 id=8 sync offset=-17398846ns
23:27:09 sim9 id=9 sync offset=34684117ns
23:27:09 sim10 id=10 sync offset=25633188ns
23:27:09 sim11 id=11 sync offset=23296927ns
23:27:09 sim12 id=12 sync offset=37888409ns
23:27:09 sim13 id=13 sync offset=36279762ns
23:27:09 sim14 id=14 sync offset=-8230919ns
23:27:09 sim15 id=15 sync offset=-32176385ns
23:27:09 sim16 id=16 sync offset=-27050255ns
23:27:09 sim17 id=17 sync offset=23944624ns
23:27:09 sim18 id=18 sync offset=659812ns
23:27:09 sim19 id=19 sync offset=19983598ns
23:27:09 sim20 id=20 sync offset=8232407ns
23:27:09 sim21 id=21 sync offset=8975464ns
23:27:09 sim22 id=22 sync offset=26510325ns
23:27:09 sim23 id=23 sync offset=-38835920ns
23:27:09 sim24 id=24 sync offset=34928543ns
23:27:09 sim25 id=25 sync offset=16178385ns
23:27:09 sim26 id=26 sync offset=-7254519ns
23:27:09 sim27 id=27 sync offset=19659133ns
23:27:09 sim28 id=28 sync offset=20993355ns
23:27:09 sim29 id=29 sync offset=-3964225ns
23:27:09 sim30 id=30 sync offset=-3644044ns
23:27:09 sim31 id=31 sync offset=-30806449ns
23:27:09 sim32 id=32 sync offset=35425067ns
23:27:09 sim1 id=1 sync offset=22434897ns
23:27:09 sim2 id=2 sync offset=-39359264ns
23:27:09 sim3 id=3 sync offset=-28395204ns
23:27:09 sim4 id=4 sync offset=30912193ns
23:27:09 sim5 id=5 sync offset=-3945109ns
23:27:09 sim6 id=6 sync offset=4913732ns
23:27:09 sim7 id=7 sync offset=38798233ns
23:27:09 sim8 id=8 sync offset=-17395262ns
23:27:09 sim9 id=9 sync offset=34684012ns
23:27:09 sim10 id=10 sync offset=25633188ns
23:27:09 sim11 id=11 sync offset=23296927ns
23:27:09 sim12 id=12 sync offset=37887638ns
23:27:09 sim13 id=13 sync offset=36279762ns
23:27:09 sim14 id=14 sync offset=-8230919ns
23:27:09 sim15 id=15 sync offset=-32176385ns
23:27:09 sim16 id=16 sync offset=-27050255ns
23:27:09 sim17 id=17 sync offset=23944624ns
23:27:09 sim18 id=18 sync offset=672875ns
23:27:09 sim19 id=19 sync offset=19999223ns
23:27:09 sim20 id=20 sync offset=8242823ns
23:27:10 sim21 id=21 sync offset=8996005ns
23:27:10 sim22 id=22 sync offset=26510565ns
23:27:10 sim23 id=23 sync offset=-38835920ns
23:27:10 sim24 id=24 sync offset=34928543ns
23:27:10 sim25 id=25 sync offset=16178385ns
23:27:10 sim26 id=26 sync offset=-7254519ns
23:27:10 sim27 id=27 sync offset=19650122ns
23:27:10 sim28 id=28 sync offset=20984980ns
23:27:10 sim29 id=29 sync offset=-3964225ns
23:27:10 sim30 id=30 sync offset=-3644044ns
23:27:10 sim31 id=31 sync offset=-30806449ns
23:27:10 sim32 id=32 sync offset=35425067ns
23:27:10 sim1 id=1 sync offset=22430188ns
23:27:10 sim2 id=2 sync offset=-39360742ns
23:27:10 sim3 id=3 sync offset=-28398922ns
23:27:10 sim4 id=4 sync offset=30904859ns
23:27:10 sim5 id=5 sync offset=-3953463ns
23:27:10 sim6 id=6 sync offset=4908451ns
23:27:10 sim7 id=7 sync offset=38796160ns
23:27:10 sim8 id=8 sync offset=-17400366ns
23:27:10 sim9 id=9 sync offset=34680429ns
23:27:10 sim10 id=10 sync offset=25632875ns
23:27:10 sim11 id=11 sync offset=23296927ns
23:27:10 sim12 id=12 sync offset=37887638ns
23:27:10 sim13 id=13 sync offset=36279762ns
23:27:10 sim14 id=14 sync offset=-8230919ns
23:27:10 sim15 id=15 sync offset=-32176385ns
23:27:10 sim16 id=16 sync offset=-27050463ns
23:27:10 sim17 id=17 sync offset=23944375ns
23:27:10 sim18 id=18 sync offset=672875ns
23:27:10 sim19 id=19 sync offset=19999223ns
23:27:10 sim20 id=20 sync offset=8242823ns
23:27:10 sim21 id=21 sync offset=8975464ns
23:27:10 sim22 id=22 sync offset=26501284ns
23:27:10 sim23 id=23 sync offset=-38845523ns
23:27:10 sim24 id=24 sync offset=34905648ns
23:27:10 sim25 id=25 sync offset=16150885ns
23:27:10 sim26 id=26 sync offset=-7275727ns
23:27:10 sim27 id=27 sync offset=19650122ns
23:27:10 sim28 id=28 sync offset=20984980ns
23:27:10 sim29 id=29 sync offset=-3964225ns
23:27:10 sim30 id=30 sync offset=-3644044ns
23:27:10 sim31 id=31 sync offset=-30806449ns
23:27:10 sim32 id=32 sync offset=35425067ns
23:27:11 sim1 id=1 sync offset=22432636ns
23:27:11 sim2 id=2 sync offset=-39360003ns
23:27:11 sim3 id=3 sync offset=-28395349ns
23:27:11 sim4 id=4 sync offset=30912193ns
23:27:11 sim5 id=5 sync offset=-3943577ns
23:27:11 sim6 id=6 sync offset=4915899ns
23:27:11 sim7 id=7 sync offset=38800181ns
23:27:11 sim8 id=8 sync offset=-17392241ns
23:27:11 sim9 id=9 sync offset=34684064ns
23:27:11 sim10 id=10 sync offset=25633188ns
23:27:11 sim11 id=11 sync offset=23298093ns
23:27:11 sim12 id=12 sync offset=37888409ns
23:27:11 sim13 id=13 sync offset=36282314ns
23:27:11 sim14 id=14 sync offset=-8226138ns
23:27:11 sim15 id=15 sync offset=-32173656ns
23:27:11 sim16 id=16 sync offset=-27049234ns
23:27:11 sim17 id=17 sync offset=23944811ns
23:27:11 sim18 id=18 sync offset=674916ns
23:27:11 sim19 id=19 sync offset=19999973ns
23:27:11 sim20 id=20 sync offset=8251177ns
23:27:11 sim21 id=21 sync offset=8996005ns
23:27:11 sim22 id=22 sync offset=26501524ns
23:27:11 sim23 id=23 sync offset=-38844649ns
23:27:11 sim24 id=24 sync offset=34917095ns
23:27:11 sim25 id=25 sync offset=16164635ns
23:27:11 sim26 id=26 sync offset=-7261415ns
23:27:11 sim27 id=27 sync offset=19666997ns
23:27:11 sim28 id=28 sync offset=20998251ns
23:27:11 sim29 id=29 sync offset=-3960183ns
23:27:11 sim30 id=30 sync offset=-3636669ns
23:27:11 sim31 id=31 sync offset=-30800949ns
23:27:11 sim32 id=32 sync offset=35433006ns
23:27:11 sim1 id=1 sync offset=22432636ns
23:27:11 sim2 id=2 sync offset=-39360003ns
23:27:11 sim3 id=3 sync offset=-28395495ns
23:27:11 sim4 id=4 sync offset=30912193ns
23:27:11 sim5 id=5 sync offset=-3944036ns
23:27:11 sim6 id=6 sync offset=4914962ns
23:27:11 sim7 id=7 sync offset=38796285ns
23:27:11 sim8 id=8 sync offset=-17398283ns
23:27:11 sim9 id=9 sync offset=34682220ns
23:27:11 sim10 id=10 sync offset=25632875ns
23:27:11 sim11 id=11 sync offset=23296093ns
23:27:11 sim12 id=12 sync offset=37886868ns
23:27:11 sim13 id=13 sync offset=36280752ns
23:27:11 sim14 id=14 sync offset=-8226773ns
23:27:11 sim15 id=15 sync offset=-32175020ns
23:27:11 sim16 id=16 sync offset=-27049848ns
23:27:11 sim17 id=17 sync offset=23944593ns
23:27:11 sim18 id=18 sync offset=673895ns
23:27:11 sim19 id=19 sync offset=19999598ns
23:27:11 sim20 id=20 sync offset=8247000ns
23:27:11 sim21 id=21 sync offset=8996005ns
23:27:11 sim22 id=22 sync offset=26501524ns
23:27:11 sim23 id=23 sync offset=-38844649ns
23:27:11 sim24 id=24 sync offset=34917095ns
23:27:11 sim25 id=25 sync offset=16164635ns
23:27:11 sim26 id=26 sync offset=-7261415ns
23:27:11 sim27 id=27 sync offset=19650362ns
23:27:11 sim28 id=28 sync offset=20989876ns
23:27:11 sim29 id=29 sync offset=-3960183ns
23:27:11 sim30 id=30 sync offset=-3636669ns
23:27:11 sim31 id=31 sync offset=-30800949ns
23:27:11 sim32 id=32 sync offset=35433006ns
23:27:12 sim1 id=1 sync offset=22433188ns
23:27:12 sim2 id=2 sync offset=-39359264ns
23:27:12 sim3 id=3 sync offset=-28395349ns
23:27:12 sim4 id=4 sync offset=30915339ns
23:27:12 sim5 id=5 sync offset=-3943119ns
23:27:12 sim6 id=6 sync offset=4915899ns
23:27:12 sim7 id=7 sync offset=38798233ns
23:27:12 sim8 id=8 sync offset=-17395262ns
23:27:12 sim9 id=9 sync offset=34684012ns
23:27:12 sim10 id=10 sync offset=25633031ns
23:27:12 sim11 id=11 sync offset=23296927ns
23:27:12 sim12 id=12 sync offset=37887638ns
23:27:12 sim13 id=13 sync offset=36281533ns
23:27:12 sim14 id=14 sync offset=-8226138ns
23:27:12 sim15 id=15 sync offset=-32173656ns
23:27:12 sim16 id=16 sync offset=-27049234ns
23:27:12 sim17 id=17 sync offset=23944811ns
23:27:12 sim18 id=18 sync offset=674916ns
23:27:12 sim19 id=19 sync offset=19999973ns
23:27:12 sim20 id=20 sync offset=8251177ns
23:27:12 sim21 id=21 sync offset=9001703ns
23:27:12 sim22 id=22 sync offset=26510565ns
23:27:12 sim23 id=23 sync offset=-38835920ns
23:27:12 sim24 id=24 sync offset=34928543ns
23:27:12 sim25 id=25 sync offset=16178385ns
23:27:12 sim26 id=26 sync offset=-7247103ns
23:27:12 sim27 id=27 sync offset=19666997ns
23:27:12 sim28 id=28 sync offset=20998251ns
23:27:12 sim29 id=29 sync offset=-3959683ns
23:27:12 sim30 id=30 sync offset=-3636534ns
23:27:12 sim31 id=31 sync offset=-30800074ns
23:27:12 sim32 id=32 sync offset=35434401ns
23:27:12 sim1 id=1 sync offset=22434136ns
23:27:12 sim2 id=2 sync offset=-39359264ns
23:27:12 sim3 id=3 sync offset=-28395349ns
23:27:12 sim4 id=4 sync offset=30915339ns
23:27:12 sim5 id=5 sync offset=-3939317ns
23:27:12 sim6 id=6 sync offset=4916836ns
23:27:12 sim7 id=7 sync offset=38800181ns
23:27:12 sim8 id=8 sync offset=-17392241ns
23:27:12 sim9 id=9 sync offset=34684064ns
23:27:12 sim10 id=10 sync offset=25632875ns
23:27:12 sim11 id=11 sync offset=23296093ns
23:27:12 sim12 id=12 sync offset=37888409ns
23:27:12 sim13 id=13 sync offset=36282314ns
23:27:12 sim14 id=14 sync offset=-8225503ns
23:27:12 sim15 id=15 sync offset=-32173249ns
23:27:12 sim16 id=16 sync offset=-27049848ns
23:27:12 sim17 id=17 sync offset=23944593ns
23:27:12 sim18 id=18 sync offset=672875ns
23:27:12 sim19 id=19 sync offset=19999223ns
23:27:12 sim20 id=20 sync offset=8242823ns
23:27:12 sim21 id=21 sync offset=8996005ns
23:27:12 sim22 id=22 sync offset=26501524ns
23:27:12 sim23 id=23 sync offset=-38844649ns
23:27:12 sim24 id=24 sync offset=34917095ns
23:27:12 sim25 id=25 sync offset=16164635ns
23:27:12 sim26 id=26 sync offset=-7261415ns
23:27:12 sim27 id=27 sync offset=19650362ns
23:27:12 sim28 id=28 sync offset=20989876ns
23:27:12 sim29 id=29 sync offset=-3960183ns
23:27:12 sim30 id=30 sync offset=-3636669ns
23:27:12 sim31 id=31 sync offset=-30800949ns
23:27:12 sim32 id=32 sync offset=35433006ns
23:27:13 sim1 id=1 sync offset=22434136ns
23:27:13 sim2 id=2 sync offset=-39359264ns
23:27:13 sim3 id=3 sync offset=-28401151ns
23:27:13 sim4 id=4 sync offset=30912193ns
23:27:13 sim5 id=5 sync offset=-3943577ns
23:27:13 sim6 id=6 sync offset=4914962ns
23:27:13 sim7 id=7 sync offset=38796285ns
23:27:13 sim8 id=8 sync offset=-17392241ns
23:27:13 sim9 id=9 sync offset=34684064ns
23:27:13 sim10 id=10 sync offset=25632875ns
23:27:13 sim11 id=11 sync offset=23296093ns
23:27:13 sim12 id=12 sync offset=37888409ns
23:27:13 sim13 id=13 sync offset=36282314ns
23:27:13 sim14 id=14 sync offset=-8221045ns
23:27:13 sim15 id=15 sync offset=-32165218ns
23:27:13 sim16 id=16 sync offset=-27043536ns
23:27:13 sim17 id=17 sync offset=23955125ns
23:27:13 sim18 id=18 sync offset=672875ns
23:27:13 sim19 id=19 sync offset=19999973ns
23:27:13 sim20 id=20 sync offset=8251177ns
23:27:13 sim21 id=21 sync offset=9007401ns
23:27:13 sim22 id=22 sync offset=26501524ns
23:27:13 sim23 id=23 sync offset=-38844649ns
23:27:13 sim24 id=24 sync offset=34917095ns
23:27:13 sim25 id=25 sync offset=16164635ns
23:27:13 sim26 id=26 sync offset=-7261415ns
23:27:13 sim27 id=27 sync offset=19650362ns
23:27:13 sim28 id=28 sync offset=20989876ns
23:27:13 sim29 id=29 sync offset=-3960183ns
23:27:13 sim30 id=30 sync offset=-3636669ns
23:27:13 sim31 id=31 sync offset=-30800949ns
23:27:13 sim32 id=32 sync offset=35433006ns
23:27:13 sim1 id=1 sync offset=22433188ns
23:27:13 sim2 id=2 sync offset=-39358493ns
23:27:13 sim3 id=3 sync offset=-28395495ns
23:27:13 sim4 id=4 sync offset=30912985ns
23:27:13 sim5 id=5 sync offset=-3943119ns
23:27:13 sim6 id=6 sync offset=4915899ns
23:27:13 sim7 id=7 sync offset=38796285ns
23:27:13 sim8 id=8 sync offset=-17392241ns
23:27:13 sim9 id=9 sync offset=34688742ns
23:27:13 sim10 id=10 sync offset=25633417ns
23:27:13 sim11 id=11 sync offset=23298333ns
23:27:13 sim12 id=12 sync offset=37888701ns
23:27:13 sim13 id=13 sync offset=36286908ns
23:27:13 sim14 id=14 sync offset=-8216587ns
23:27:13 sim15 id=15 sync offset=-32159145ns
23:27:13 sim16 id=16 sync offset=-27032484ns
23:27:13 sim17 id=17 sync offset=23966885ns
23:27:13 sim18 id=18 sync offset=695958ns
23:27:13 sim19 id=19 sync offset=20010515ns
23:27:13 sim20 id=20 sync offset=8255614ns
23:27:13 sim21 id=21 sync offset=9016068ns
23:27:13 sim22 id=22 sync offset=26523544ns
23:27:13 sim23 id=23 sync offset=-38819670ns
23:27:13 sim24 id=24 sync offset=34943960ns
23:27:13 sim25 id=25 sync offset=16192708ns
23:27:13 sim26 id=26 sync offset=-7234707ns
23:27:13 sim27 id=27 sync offset=19683633ns
23:27:13 sim28 id=28 sync offset=21006626ns
23:27:13 sim29 id=29 sync offset=-3959183ns
23:27:13 sim30 id=30 sync offset=-3636399ns
23:27:13 sim31 id=31 sync offset=-30799199ns
23:27:13 sim32 id=32 sync offset=35435797ns
23:27:14 sim1 id=1 sync offset=22431313ns
23:27:14 sim2 id=2 sync offset=-39359264ns
23:27:14 sim3 id=3 sync offset=-28401151ns
23:27:14 sim4 id=4 sync offset=30912193ns
23:27:14 sim5 id=5 sync offset=-3943577ns
23:27:14 sim6 id=6 sync offset=4914962ns
23:27:14 sim7 id=7 sync offset=38796160ns
23:27:14 sim8 id=8 sync offset=-17392939ns
23:27:14 sim9 id=9 sync offset=34684117ns
23:27:14 sim10 id=10 sync offset=25633146ns
23:27:14 sim11 id=11 sync offset=23296927ns
23:27:14 sim12 id=12 sync offset=37888555ns
23:27:14 sim13 id=13 sync offset=36282314ns
23:27:14 sim14 id=14 sync offset=-8221045ns
23:27:14 sim15 id=15 sync offset=-32160323ns
23:27:14 sim16 id=16 sync offset=-27036610ns
23:27:14 sim17 id=17 sync offset=23965875ns
23:27:14 sim18 id=18 sync offset=684416ns
23:27:14 sim19 id=19 sync offset=20010619ns
23:27:14 sim20 id=20 sync offset=8264135ns
23:27:14 sim21 id=21 sync offset=9023506ns
23:27:14 sim22 id=22 sync offset=26530128ns
23:27:14 sim23 id=23 sync offset=-38815482ns
23:27:14 sim24 id=24 sync offset=34959377ns
23:27:14 sim25 id=25 sync offset=16207031ns
23:27:14 sim26 id=26 sync offset=-7222311ns
23:27:14 sim27 id=27 sync offset=19671039ns
23:27:14 sim28 id=28 sync offset=20998251ns
23:27:14 sim29 id=29 sync offset=-3959683ns
23:27:14 sim30 id=30 sync offset=-3636534ns
23:27:14 sim31 id=31 sync offset=-30797459ns
23:27:14 sim32 id=32 sync offset=35439922ns
23:27:14 sim1 id=1 sync offset=22429438ns
23:27:14 sim2 id=2 sync offset=-39358493ns
23:27:14 sim3 id=3 sync offset=-28398860ns
23:27:14 sim4 id=4 sync offset=30914547ns
23:27:14 sim5 id=5 sync offset=-3944036ns
23:27:14 sim6 id=6 sync offset=4913732ns
23:27:14 sim7 id=7 sync offset=38796036ns
23:27:14 sim8 id=8 sync offset=-17393638ns
23:27:14 sim9 id=9 sync offset=34684064ns
23:27:14 sim10 id=10 sync offset=25632875ns
23:27:14 sim11 id=11 sync offset=23296093ns
23:27:14 sim12 id=12 sync offset=37881419ns
23:27:14 sim13 id=13 sync offset=36280752ns
23:27:14 sim14 id=14 sync offset=-8226138ns
23:27:14 sim15 id=15 sync offset=-32170114ns
23:27:14 sim16 id=16 sync offset=-27050463ns
23:27:14 sim17 id=17 sync offset=23944375ns
23:27:14 sim18 id=18 sync offset=658916ns
23:27:14 sim19 id=19 sync offset=19984431ns
23:27:14 sim20 id=20 sync offset=8239885ns
23:27:14 sim21 id=21 sync offset=8975464ns
23:27:14 sim22 id=22 sync offset=26501284ns
23:27:14 sim23 id=23 sync offset=-38845232ns
23:27:14 sim24 id=24 sync offset=34905106ns
23:27:14 sim25 id=25 sync offset=16158114ns
23:27:14 sim26 id=26 sync offset=-7263613ns
23:27:14 sim27 id=27 sync offset=19668154ns
23:27:14 sim28 id=28 sync offset=21003397ns
23:27:14 sim29 id=29 sync offset=-3946881ns
23:27:14 sim30 id=30 sync offset=-3620221ns
23:27:14 sim31 id=31 sync offset=-30787126ns
23:27:14 sim32 id=32 sync offset=35449526ns
23:27:15 sim1 id=1 sync offset=22431302ns
23:27:15 sim2 id=2 sync offset=-39357284ns
23:27:15 sim3 id=3 sync offset=-28389860ns
23:27:15 sim4 id=4 sync offset=30919234ns
23:27:15 sim5 id=5 sync offset=-3935516ns
23:27:15 sim6 id=6 sync offset=4915899ns
23:27:15 sim7 id=7 sync offset=38796285ns
23:27:15 sim8 id=8 sync offset=-17392241ns
23:27:15 sim9 id=9 sync offset=34695075ns
23:27:15 sim10 id=10 sync offset=25633417ns
23:27:15 sim11 id=11 sync offset=23298333ns
23:27:15 sim12 id=12 sync offset=37881565ns
23:27:15 sim13 id=13 sync offset=36280752ns
23:27:15 sim14 id=14 sync offset=-8220044ns
23:27:15 sim15 id=15 sync offset=-32170114ns
23:27:15 sim16 id=16 sync offset=-27050463ns
23:27:15 sim17 id=17 sync offset=23944375ns
23:27:15 sim18 id=18 sync offset=658916ns
23:27:15 sim19 id=19 sync offset=19984431ns
23:27:15 sim20 id=20 sync offset=8239885ns
23:27:15 sim21 id=21 sync offset=8975464ns
23:27:15 sim22 id=22 sync offset=26501284ns
23:27:15 sim23 id=23 sync offset=-38845232ns
23:27:15 sim24 id=24 sync offset=34905106ns
23:27:15 sim25 id=25 sync offset=16158114ns
23:27:15 sim26 id=26 sync offset=-7263613ns
23:27:15 sim27 id=27 sync offset=19668154ns
23:27:15 sim28 id=28 sync offset=21003397ns
23:27:15 sim29 id=29 sync offset=-3946881ns
23:27:15 sim30 id=30 sync offset=-3616107ns
23:27:15 sim31 id=31 sync offset=-30787126ns
23:27:15 sim32 id=32 sync offset=35449526ns
23:27:15 sim24 id=24 event m0 fired dev_deadline=610608991600897 fire_mono=610608959715750
23:27:15 sim23 id=23 event m0 fired dev_deadline=610608917850559 fire_mono=610608959788083
23:27:15 sim22 id=22 event m0 fired dev_deadline=610608983197075 fire_mono=610608959810583
23:27:15 sim21 id=21 event m0 fired dev_deadline=610608965671255 fire_mono=610608959825333
23:27:15 sim25 id=25 event m0 fired dev_deadline=610608972853905 fire_mono=610608959834250
23:27:15 sim26 id=26 event m0 fired dev_deadline=610608949432178 fire_mono=610608959840208
23:27:15 sim27 id=27 event m0 fired dev_deadline=610608976363945 fire_mono=610608959845875
23:27:15 sim29 id=29 event m0 fired dev_deadline=610608952748910 fire_mono=610608959851125
23:27:15 sim28 id=28 event m0 fired dev_deadline=610608977699188 fire_mono=610608959855958
23:27:15 sim31 id=31 event m0 fired dev_deadline=610608925908665 fire_mono=610608959861000
23:27:15 sim18 id=18 event m0 fired dev_deadline=610608957354707 fire_mono=610608959866250
23:27:15 sim19 id=19 event m0 fired dev_deadline=610608976680222 fire_mono=610608959871000
23:27:15 sim30 id=30 event m0 fired dev_deadline=610608953075570 fire_mono=610608959876250
23:27:15 sim32 id=32 event m0 fired dev_deadline=610608992145317 fire_mono=610608959880666
23:27:15 sim20 id=20 event m0 fired dev_deadline=610608964935676 fire_mono=610608959884875
23:27:15 sim16 id=16 event m0 fired dev_deadline=610608929645328 fire_mono=610608959889541
23:27:15 sim17 id=17 event m0 fired dev_deadline=610608980640166 fire_mono=610608959894625
23:27:15 sim12 id=12 event m0 fired dev_deadline=610608994577210 fire_mono=610608959899916
23:27:15 sim11 id=11 event m0 fired dev_deadline=610608979991884 fire_mono=610608959905916
23:27:15 sim10 id=10 event m0 fired dev_deadline=610608982328666 fire_mono=610608959911583
23:27:15 sim7 id=7 event m0 fired dev_deadline=610608995491827 fire_mono=610608959917250
23:27:15 sim13 id=13 event m0 fired dev_deadline=610608992976543 fire_mono=610608959923750
23:27:15 sim6 id=6 event m0 fired dev_deadline=610608961609523 fire_mono=610608959929125
23:27:15 sim15 id=15 event m0 fired dev_deadline=610608924525677 fire_mono=610608959934708
23:27:15 sim14 id=14 event m0 fired dev_deadline=610608948469653 fire_mono=610608959952250
23:27:15 sim9 id=9 event m0 fired dev_deadline=610608991379855 fire_mono=610608959957583
23:27:15 sim3 id=3 event m0 fired dev_deadline=610608928296931 fire_mono=610608959962833
23:27:15 sim5 id=5 event m0 fired dev_deadline=610608952751755 fire_mono=610608959968625
23:27:15 sim4 id=4 event m0 fired dev_deadline=610608987610338 fire_mono=610608959974541
23:27:15 sim8 id=8 event m0 fired dev_deadline=610608939302153 fire_mono=610608959978958
23:27:15 sim2 id=2 event m0 fired dev_deadline=610608917337298 fire_mono=610608959983791
23:27:15 sim1 id=1 event m0 fired dev_deadline=610608979125229 fire_mono=610608959988375
23:27:15 sim24 id=24 event m1 fired dev_deadline=610609092585481 fire_mono=610609065910833
23:27:15 sim23 id=23 event m1 fired dev_deadline=610609018835143 fire_mono=610609065947291
23:27:15 sim22 id=22 event m1 fired dev_deadline=610609084181659 fire_mono=610609065956791
23:27:15 sim21 id=21 event m1 fired dev_deadline=610609066655839 fire_mono=610609065962916
23:27:15 sim25 id=25 event m1 fired dev_deadline=610609073838489 fire_mono=610609065968041
23:27:15 sim26 id=26 event m1 fired dev_deadline=610609050416762 fire_mono=610609065973500
23:27:15 sim27 id=27 event m1 fired dev_deadline=610609077348529 fire_mono=610609065978541
23:27:15 sim29 id=29 event m1 fired dev_deadline=610609053733494 fire_mono=610609065983208
23:27:15 sim28 id=28 event m1 fired dev_deadline=610609078683772 fire_mono=610609065988041
23:27:15 sim31 id=31 event m1 fired dev_deadline=610609026893249 fire_mono=610609065992500
23:27:15 sim18 id=18 event m1 fired dev_deadline=610609058339291 fire_mono=610609065996750
23:27:15 sim19 id=19 event m1 fired dev_deadline=610609077664806 fire_mono=610609066001250
23:27:15 sim30 id=30 event m1 fired dev_deadline=610609054060154 fire_mono=610609066007708
23:27:15 sim32 id=32 event m1 fired dev_deadline=610609093129901 fire_mono=610609066012208
23:27:15 sim20 id=20 event m1 fired dev_deadline=610609065920260 fire_mono=610609066016916
23:27:15 sim16 id=16 event m1 fired dev_deadline=610609030629912 fire_mono=610609066021708
23:27:15 sim17 id=17 event m1 fired dev_deadline=610609081624750 fire_mono=610609066026375
23:27:15 sim12 id=12 event m1 fired dev_deadline=610609095561794 fire_mono=610609066034125
23:27:15 sim11 id=11 event m1 fired dev_deadline=610609080976468 fire_mono=610609066038791
23:27:15 sim10 id=10 event m1 fired dev_deadline=610609083313250 fire_mono=610609066043375
23:27:15 sim7 id=7 event m1 fired dev_deadline=610609096476411 fire_mono=610609066049125
23:27:15 sim13 id=13 event m1 fired dev_deadline=610609093961127 fire_mono=610609066065083
23:27:15 sim15 id=15 event m1 fired dev_deadline=610609025510261 fire_mono=610609066081708
23:27:15 sim6 id=6 event m1 fired dev_deadline=610609062594107 fire_mono=610609066091916
23:27:15 sim14 id=14 event m1 fired dev_deadline=610609049454237 fire_mono=610609066099125
23:27:15 sim9 id=9 event m1 fired dev_deadline=610609092364439 fire_mono=610609066104375
23:27:15 sim5 id=5 event m1 fired dev_deadline=610609053736339 fire_mono=610609066109541
23:27:15 sim4 id=4 event m1 fired dev_deadline=610609088594922 fire_mono=610609066114666
23:27:15 sim3 id=3 event m1 fired dev_deadline=610609029281515 fire_mono=610609066120125
23:27:15 sim8 id=8 event m1 fired dev_deadline=610609040286737 fire_mono=610609066124750
23:27:15 sim2 id=2 event m1 fired dev_deadline=610609018321882 fire_mono=610609066129916
23:27:15 sim1 id=1 event m1 fired dev_deadline=610609080109813 fire_mono=610609066135083
23:27:15 sim24 id=24 event m2 fired dev_deadline=610609193128856 fire_mono=610609167857583
23:27:15 sim23 id=23 event m2 fired dev_deadline=610609119378518 fire_mono=610609167902875
23:27:15 sim22 id=22 event m2 fired dev_deadline=610609184725034 fire_mono=610609167914083
23:27:15 sim21 id=21 event m2 fired dev_deadline=610609167199214 fire_mono=610609167920708
23:27:15 sim25 id=25 event m2 fired dev_deadline=610609174381864 fire_mono=610609167925958
23:27:15 sim26 id=26 event m2 fired dev_deadline=610609150960137 fire_mono=610609167930875
23:27:15 sim27 id=27 event m2 fired dev_deadline=610609177891904 fire_mono=610609167948333
23:27:15 sim29 id=29 event m2 fired dev_deadline=610609154276869 fire_mono=610609167956083
23:27:15 sim28 id=28 event m2 fired dev_deadline=610609179227147 fire_mono=610609167961083
23:27:15 sim31 id=31 event m2 fired dev_deadline=610609127436624 fire_mono=610609167966208
23:27:15 sim18 id=18 event m2 fired dev_deadline=610609158882666 fire_mono=610609167970750
23:27:15 sim19 id=19 event m2 fired dev_deadline=610609178208181 fire_mono=610609167975583
23:27:15 sim32 id=32 event m2 fired dev_deadline=610609193673276 fire_mono=610609167980250
23:27:15 sim20 id=20 event m2 fired dev_deadline=610609166463635 fire_mono=610609167986416
23:27:15 sim30 id=30 event m2 fired dev_deadline=610609154607643 fire_mono=610609167991083
23:27:15 sim16 id=16 event m2 fired dev_deadline=610609131173287 fire_mono=610609167995958
23:27:15 sim17 id=17 event m2 fired dev_deadline=610609182168125 fire_mono=610609168000458
23:27:15 sim12 id=12 event m2 fired dev_deadline=610609196105315 fire_mono=610609168004958
23:27:15 sim11 id=11 event m2 fired dev_deadline=610609181522083 fire_mono=610609168009583
23:27:15 sim13 id=13 event m2 fired dev_deadline=610609194504502 fire_mono=610609168014958
23:27:15 sim7 id=7 event m2 fired dev_deadline=610609197020035 fire_mono=610609168021208
23:27:15 sim10 id=10 event m2 fired dev_deadline=610609183857167 fire_mono=610609168025916
23:27:15 sim15 id=15 event m2 fired dev_deadline=610609126053636 fire_mono=610609168030875
23:27:15 sim6 id=6 event m2 fired dev_deadline=610609163139649 fire_mono=610609168035375
23:27:15 sim14 id=14 event m2 fired dev_deadline=610609150003706 fire_mono=610609168039875
23:27:15 sim8 id=8 event m2 fired dev_deadline=610609140831509 fire_mono=610609168044791
23:27:15 sim4 id=4 event m2 fired dev_deadline=610609189142984 fire_mono=610609168049666
23:27:15 sim5 id=5 event m2 fired dev_deadline=610609154288234 fire_mono=610609168054000
23:27:15 sim9 id=9 event m2 fired dev_deadline=610609192918825 fire_mono=610609168058583
23:27:15 sim3 id=3 event m2 fired dev_deadline=610609129833890 fire_mono=610609168062875
23:27:15 sim2 id=2 event m2 fired dev_deadline=610609118866466 fire_mono=610609168067250
23:27:15 sim1 id=1 event m2 fired dev_deadline=610609180655052 fire_mono=610609168071958
23:27:15 sim1 id=1 sync offset=22429417ns
23:27:15 sim2 id=2 sync offset=-39357284ns
23:27:15 sim3 id=3 sync offset=-28389860ns
23:27:15 sim4 id=4 sync offset=30917693ns
23:27:15 sim5 id=5 sync offset=-3939776ns
23:27:15 sim6 id=6 sync offset=4914962ns
23:27:15 sim7 id=7 sync offset=38796160ns
23:27:15 sim8 id=8 sync offset=-17392939ns
23:27:15 sim9 id=9 sync offset=34695075ns
23:27:15 sim10 id=10 sync offset=25632875ns
23:27:15 sim11 id=11 sync offset=23291198ns
23:27:15 sim12 id=12 sync offset=37874430ns
23:27:15 sim13 id=13 sync offset=36273314ns
23:27:15 sim14 id=14 sync offset=-8226773ns
23:27:15 sim15 id=15 sync offset=-32175770ns
23:27:15 sim16 id=16 sync offset=-27055786ns
23:27:15 sim17 id=17 sync offset=23932864ns
23:27:15 sim18 id=18 sync offset=644958ns
23:27:15 sim19 id=19 sync offset=19984431ns
23:27:15 sim20 id=20 sync offset=8239885ns
23:27:15 sim21 id=21 sync offset=8975464ns
23:27:15 sim22 id=22 sync offset=26501284ns
23:27:15 sim23 id=23 sync offset=-38845232ns
23:27:15 sim24 id=24 sync offset=34924262ns
23:27:15 sim25 id=25 sync offset=16180458ns
23:27:15 sim26 id=26 sync offset=-7238769ns
23:27:15 sim27 id=27 sync offset=19689706ns
23:27:15 sim28 id=28 sync offset=21018137ns
23:27:15 sim29 id=29 sync offset=-3930006ns
23:27:15 sim30 id=30 sync offset=-3609169ns
23:27:15 sim31 id=31 sync offset=-30782772ns
23:27:15 sim32 id=32 sync offset=35450005ns
23:27:15 sim24 id=24 event m3 fired dev_deadline=610609295242981 fire_mono=610609261478333
23:27:15 sim23 id=23 event m3 fired dev_deadline=610609221492643 fire_mono=610609261524625
23:27:15 sim22 id=22 event m3 fired dev_deadline=610609286839159 fire_mono=610609261536083
23:27:15 sim21 id=21 event m3 fired dev_deadline=610609269313339 fire_mono=610609261542500
23:27:15 sim25 id=25 event m3 fired dev_deadline=610609276495989 fire_mono=610609261547916
23:27:15 sim26 id=26 event m3 fired dev_deadline=610609253074262 fire_mono=610609261553291
23:27:15 sim27 id=27 event m3 fired dev_deadline=610609280006029 fire_mono=610609261558833
23:27:15 sim29 id=29 event m3 fired dev_deadline=610609256390994 fire_mono=610609261564708
23:27:15 sim28 id=28 event m3 fired dev_deadline=610609281341272 fire_mono=610609261570125
23:27:15 sim31 id=31 event m3 fired dev_deadline=610609229550749 fire_mono=610609261574958
23:27:15 sim18 id=18 event m3 fired dev_deadline=610609260996791 fire_mono=610609261580291
23:27:15 sim19 id=19 event m3 fired dev_deadline=610609280322306 fire_mono=610609261586833
23:27:15 sim32 id=32 event m3 fired dev_deadline=610609295787401 fire_mono=610609261591416
23:27:15 sim20 id=20 event m3 fired dev_deadline=610609268577760 fire_mono=610609261597166
23:27:15 sim30 id=30 event m3 fired dev_deadline=610609256721768 fire_mono=610609261603916
23:27:15 sim16 id=16 event m3 fired dev_deadline=610609233287412 fire_mono=610609261609250
23:27:15 sim17 id=17 event m3 fired dev_deadline=610609284282250 fire_mono=610609261614125
23:27:15 sim12 id=12 event m3 fired dev_deadline=610609298219440 fire_mono=610609261619416
23:27:15 sim11 id=11 event m3 fired dev_deadline=610609283636208 fire_mono=610609261624708
23:27:15 sim13 id=13 event m3 fired dev_deadline=610609296618627 fire_mono=610609261632750
23:27:15 sim7 id=7 event m3 fired dev_deadline=610609299134160 fire_mono=610609261637250
23:27:15 sim10 id=10 event m3 fired dev_deadline=610609285971292 fire_mono=610609261643750
23:27:15 sim15 id=15 event m3 fired dev_deadline=610609228167761 fire_mono=610609261648500
23:27:15 sim6 id=6 event m3 fired dev_deadline=610609265253774 fire_mono=610609261653750
23:27:15 sim14 id=14 event m3 fired dev_deadline=610609252117831 fire_mono=610609261658333
23:27:15 sim8 id=8 event m3 fired dev_deadline=610609242945634 fire_mono=610609261662833
23:27:15 sim4 id=4 event m3 fired dev_deadline=610609291257109 fire_mono=610609261667583
23:27:15 sim9 id=9 event m3 fired dev_deadline=610609295032950 fire_mono=610609261672833
23:27:15 sim5 id=5 event m3 fired dev_deadline=610609256402359 fire_mono=610609261677750
23:27:15 sim2 id=2 event m3 fired dev_deadline=610609220980591 fire_mono=610609261682416
23:27:15 sim3 id=3 event m3 fired dev_deadline=610609231948015 fire_mono=610609261687458
23:27:15 sim1 id=1 event m3 fired dev_deadline=610609282769177 fire_mono=610609261692500
23:27:15 sim24 id=24 event m4 fired dev_deadline=610609396580772 fire_mono=610609369430583
23:27:15 sim23 id=23 event m4 fired dev_deadline=610609322830434 fire_mono=610609369481000
23:27:15 sim22 id=22 event m4 fired dev_deadline=610609388176950 fire_mono=610609369491458
23:27:15 sim21 id=21 event m4 fired dev_deadline=610609370651130 fire_mono=610609369498083
23:27:15 sim25 id=25 event m4 fired dev_deadline=610609377833780 fire_mono=610609369506041
23:27:15 sim26 id=26 event m4 fired dev_deadline=610609354412053 fire_mono=610609369512291
23:27:15 sim27 id=27 event m4 fired dev_deadline=610609381343820 fire_mono=610609369517750
23:27:15 sim29 id=29 event m4 fired dev_deadline=610609357728785 fire_mono=610609369523166
23:27:15 sim28 id=28 event m4 fired dev_deadline=610609382679063 fire_mono=610609369528500
23:27:15 sim31 id=31 event m4 fired dev_deadline=610609330888540 fire_mono=610609369534666
23:27:15 sim18 id=18 event m4 fired dev_deadline=610609362334582 fire_mono=610609369540125
23:27:15 sim19 id=19 event m4 fired dev_deadline=610609381660097 fire_mono=610609369545083
23:27:15 sim32 id=32 event m4 fired dev_deadline=610609397125192 fire_mono=610609369550083
23:27:15 sim20 id=20 event m4 fired dev_deadline=610609369915551 fire_mono=610609369555458
23:27:15 sim30 id=30 event m4 fired dev_deadline=610609358059559 fire_mono=610609369560333
23:27:15 sim16 id=16 event m4 fired dev_deadline=610609334625203 fire_mono=610609369565000
23:27:15 sim17 id=17 event m4 fired dev_deadline=610609385620041 fire_mono=610609369569916
23:27:15 sim12 id=12 event m4 fired dev_deadline=610609399557231 fire_mono=610609369574958
23:27:15 sim11 id=11 event m4 fired dev_deadline=610609384973999 fire_mono=610609369580250
23:27:15 sim13 id=13 event m4 fired dev_deadline=610609397956418 fire_mono=610609369585833
23:27:15 sim7 id=7 event m4 fired dev_deadline=610609400471951 fire_mono=610609369590875
23:27:15 sim10 id=10 event m4 fired dev_deadline=610609387309083 fire_mono=610609369596250
23:27:15 sim15 id=15 event m4 fired dev_deadline=610609329505552 fire_mono=610609369603958
23:27:15 sim6 id=6 event m4 fired dev_deadline=610609366591565 fire_mono=610609369609708
23:27:15 sim14 id=14 event m4 fired dev_deadline=610609353455622 fire_mono=610609369614875
23:27:15 sim8 id=8 event m4 fired dev_deadline=610609344283425 fire_mono=610609369620500
23:27:15 sim4 id=4 event m4 fired dev_deadline=610609392594900 fire_mono=610609369627791
23:27:15 sim9 id=9 event m4 fired dev_deadline=610609396370741 fire_mono=610609369633083
23:27:15 sim5 id=5 event m4 fired dev_deadline=610609357740150 fire_mono=610609369638416
23:27:15 sim3 id=3 event m4 fired dev_deadline=610609333285806 fire_mono=610609369643125
23:27:15 sim2 id=2 event m4 fired dev_deadline=610609322318382 fire_mono=610609369648625
23:27:15 sim1 id=1 event m4 fired dev_deadline=610609384106968 fire_mono=610609369655416
23:27:16 sim24 id=24 event m5 fired dev_deadline=610609498413606 fire_mono=610609464744708
23:27:16 sim23 id=23 event m5 fired dev_deadline=610609424663268 fire_mono=610609464814375
23:27:16 sim22 id=22 event m5 fired dev_deadline=610609490009784 fire_mono=610609464826833
23:27:16 sim21 id=21 event m5 fired dev_deadline=610609472483964 fire_mono=610609464833041
23:27:16 sim25 id=25 event m5 fired dev_deadline=610609479666614 fire_mono=610609464838583
23:27:16 sim26 id=26 event m5 fired dev_deadline=610609456244887 fire_mono=610609464844000
23:27:16 sim27 id=27 event m5 fired dev_deadline=610609483176654 fire_mono=610609464849208
23:27:16 sim29 id=29 event m5 fired dev_deadline=610609459561619 fire_mono=610609464854541
23:27:16 sim28 id=28 event m5 fired dev_deadline=610609484511897 fire_mono=610609464859583
23:27:16 sim31 id=31 event m5 fired dev_deadline=610609432721374 fire_mono=610609464864500
23:27:16 sim18 id=18 event m5 fired dev_deadline=610609464167416 fire_mono=610609464869791
23:27:16 sim19 id=19 event m5 fired dev_deadline=610609483492931 fire_mono=610609464874625
23:27:16 sim32 id=32 event m5 fired dev_deadline=610609498958026 fire_mono=610609464880958
23:27:16 sim20 id=20 event m5 fired dev_deadline=610609471748385 fire_mono=610609464886875
23:27:16 sim30 id=30 event m5 fired dev_deadline=610609459892393 fire_mono=610609464891625
23:27:16 sim16 id=16 event m5 fired dev_deadline=610609436458037 fire_mono=610609464898083
23:27:16 sim17 id=17 event m5 fired dev_deadline=610609487452875 fire_mono=610609464903000
23:27:16 sim12 id=12 event m5 fired dev_deadline=610609501390065 fire_mono=610609464910041
23:27:16 sim11 id=11 event m5 fired dev_deadline=610609486806833 fire_mono=610609464917125
23:27:16 sim13 id=13 event m5 fired dev_deadline=610609499789252 fire_mono=610609464923041
23:27:16 sim7 id=7 event m5 fired dev_deadline=610609502304785 fire_mono=610609464928416
23:27:16 sim10 id=10 event m5 fired dev_deadline=610609489141917 fire_mono=610609464934791
23:27:16 sim15 id=15 event m5 fired dev_deadline=610609431338386 fire_mono=610609464942041
23:27:16 sim6 id=6 event m5 fired dev_deadline=610609468424399 fire_mono=610609464947291
23:27:16 sim14 id=14 event m5 fired dev_deadline=610609455288456 fire_mono=610609464952250
23:27:16 sim8 id=8 event m5 fired dev_deadline=610609446116259 fire_mono=610609464956625
23:27:16 sim4 id=4 event m5 fired dev_deadline=610609494427734 fire_mono=610609464961166
23:27:16 sim5 id=5 event m5 fired dev_deadline=610609459572984 fire_mono=610609464967083
23:27:16 sim9 id=9 event m5 fired dev_deadline=610609498203575 fire_mono=610609464973750
23:27:16 sim3 id=3 event m5 fired dev_deadline=610609435118640 fire_mono=610609464978000
23:27:16 sim2 id=2 event m5 fired dev_deadline=610609424151216 fire_mono=610609464986583
23:27:16 sim1 id=1 event m5 fired dev_deadline=610609485939802 fire_mono=610609464991625
23:27:16 sim24 id=24 event m6 fired dev_deadline=610609600606522 fire_mono=610609567754375
23:27:16 sim23 id=23 event m6 fired dev_deadline=610609526856184 fire_mono=610609567799791
23:27:16 sim22 id=22 event m6 fired dev_deadline=610609592202700 fire_mono=610609567810416
23:27:16 sim21 id=21 event m6 fired dev_deadline=610609574676880 fire_mono=610609567817083
23:27:16 sim25 id=25 event m6 fired dev_deadline=610609581859530 fire_mono=610609567823416
23:27:16 sim26 id=26 event m6 fired dev_deadline=610609558437803 fire_mono=610609567828708
23:27:16 sim27 id=27 event m6 fired dev_deadline=610609585369570 fire_mono=610609567834333
23:27:16 sim29 id=29 event m6 fired dev_deadline=610609561754535 fire_mono=610609567839750
23:27:16 sim28 id=28 event m6 fired dev_deadline=610609586704813 fire_mono=610609567844416
23:27:16 sim31 id=31 event m6 fired dev_deadline=610609534914290 fire_mono=610609567848958
23:27:16 sim18 id=18 event m6 fired dev_deadline=610609566360332 fire_mono=610609567854083
23:27:16 sim19 id=19 event m6 fired dev_deadline=610609585685847 fire_mono=610609567859416
23:27:16 sim32 id=32 event m6 fired dev_deadline=610609601150942 fire_mono=610609567864041
23:27:16 sim20 id=20 event m6 fired dev_deadline=610609573941301 fire_mono=610609567868375
23:27:16 sim30 id=30 event m6 fired dev_deadline=610609562085309 fire_mono=610609567873458
23:27:16 sim16 id=16 event m6 fired dev_deadline=610609538650953 fire_mono=610609567879000
23:27:16 sim17 id=17 event m6 fired dev_deadline=610609589645791 fire_mono=610609567883916
23:27:16 sim12 id=12 event m6 fired dev_deadline=610609603582981 fire_mono=610609567888541
23:27:16 sim11 id=11 event m6 fired dev_deadline=610609588999749 fire_mono=610609567897250
23:27:16 sim13 id=13 event m6 fired dev_deadline=610609601982168 fire_mono=610609567904125
23:27:16 sim7 id=7 event m6 fired dev_deadline=610609604497701 fire_mono=610609567909125
23:27:16 sim10 id=10 event m6 fired dev_deadline=610609591334833 fire_mono=610609567913666
23:27:16 sim15 id=15 event m6 fired dev_deadline=610609533531302 fire_mono=610609567917958
23:27:16 sim6 id=6 event m6 fired dev_deadline=610609570617315 fire_mono=610609567922458
23:27:16 sim14 id=14 event m6 fired dev_deadline=610609557481372 fire_mono=610609567926666
23:27:16 sim8 id=8 event m6 fired dev_deadline=610609548309175 fire_mono=610609567930958
23:27:16 sim4 id=4 event m6 fired dev_deadline=610609596620650 fire_mono=610609567935041
23:27:16 sim9 id=9 event m6 fired dev_deadline=610609600396491 fire_mono=610609567939833
23:27:16 sim5 id=5 event m6 fired dev_deadline=610609561765900 fire_mono=610609567944833
23:27:16 sim3 id=3 event m6 fired dev_deadline=610609537311556 fire_mono=610609567949333
23:27:16 sim2 id=2 event m6 fired dev_deadline=610609526344132 fire_mono=610609567953875
23:27:16 sim1 id=1 event m6 fired dev_deadline=610609588132718 fire_mono=610609567959500
23:27:16 sim24 id=24 event m7 fired dev_deadline=610609702795772 fire_mono=610609672971125
23:27:16 sim23 id=23 event m7 fired dev_deadline=610609629045434 fire_mono=610609673011916
23:27:16 sim22 id=22 event m7 fired dev_deadline=610609694391950 fire_mono=610609673051000
23:27:16 sim21 id=21 event m7 fired dev_deadline=610609676866130 fire_mono=610609673067458
23:27:16 sim25 id=25 event m7 fired dev_deadline=610609684048780 fire_mono=610609673075375
23:27:16 sim26 id=26 event m7 fired dev_deadline=610609660627053 fire_mono=610609673096125
23:27:16 sim27 id=27 event m7 fired dev_deadline=610609687558820 fire_mono=610609673105416
23:27:16 sim29 id=29 event m7 fired dev_deadline=610609663943785 fire_mono=610609673111208
23:27:16 sim28 id=28 event m7 fired dev_deadline=610609688894063 fire_mono=610609673117791
23:27:16 sim31 id=31 event m7 fired dev_deadline=610609637103540 fire_mono=610609673122791
23:27:16 sim18 id=18 event m7 fired dev_deadline=610609668549582 fire_mono=610609673127416
23:27:16 sim19 id=19 event m7 fired dev_deadline=610609687875097 fire_mono=610609673133083
23:27:16 sim32 id=32 event m7 fired dev_deadline=610609703340192 fire_mono=610609673138291
23:27:16 sim20 id=20 event m7 fired dev_deadline=610609676130551 fire_mono=610609673146083
23:27:16 sim30 id=30 event m7 fired dev_deadline=610609664274559 fire_mono=610609673150791
23:27:16 sim16 id=16 event m7 fired dev_deadline=610609640840203 fire_mono=610609673155333
23:27:16 sim17 id=17 event m7 fired dev_deadline=610609691835041 fire_mono=610609673159833
23:27:16 sim12 id=12 event m7 fired dev_deadline=610609705772231 fire_mono=610609673164791
23:27:16 sim11 id=11 event m7 fired dev_deadline=610609691188999 fire_mono=610609673169541
23:27:16 sim13 id=13 event m7 fired dev_deadline=610609704171418 fire_mono=610609673173875
23:27:16 sim7 id=7 event m7 fired dev_deadline=610609706686951 fire_mono=610609673178416
23:27:16 sim10 id=10 event m7 fired dev_deadline=610609693524083 fire_mono=610609673182875
23:27:16 sim15 id=15 event m7 fired dev_deadline=610609635720552 fire_mono=610609673187125
23:27:16 sim6 id=6 event m7 fired dev_deadline=610609672806565 fire_mono=610609673191375
23:27:16 sim14 id=14 event m7 fired dev_deadline=610609659670622 fire_mono=610609673195666
23:27:16 sim8 id=8 event m7 fired dev_deadline=610609650498425 fire_mono=610609673199833
23:27:16 sim4 id=4 event m7 fired dev_deadline=610609698809900 fire_mono=610609673206791
23:27:16 sim5 id=5 event m7 fired dev_deadline=610609663955150 fire_mono=610609673211166
23:27:16 sim9 id=9 event m7 fired dev_deadline=610609702585741 fire_mono=610609673215500
23:27:16 sim3 id=3 event m7 fired dev_deadline=610609639500806 fire_mono=610609673230875
23:27:16 sim2 id=2 event m7 fired dev_deadline=610609628533382 fire_mono=610609673238958
23:27:16 sim1 id=1 event m7 fired dev_deadline=610609690321968 fire_mono=610609673247000
23:27:16 sim1 id=1 sync offset=22428959ns
23:27:16 sim2 id=2 sync offset=-39357284ns
23:27:16 sim3 id=3 sync offset=-28397735ns
23:27:16 sim4 id=4 sync offset=30911402ns
23:27:16 sim5 id=5 sync offset=-3943453ns
23:27:16 sim6 id=6 sync offset=4914962ns
23:27:16 sim7 id=7 sync offset=38796160ns
23:27:16 sim8 id=8 sync offset=-17390981ns
23:27:16 sim9 id=9 sync offset=34701377ns
23:27:16 sim10 id=10 sync offset=25647771ns
23:27:16 sim11 id=11 sync offset=23313135ns
23:27:16 sim12 id=12 sync offset=37888701ns
23:27:16 sim13 id=13 sync offset=36291262ns
23:27:16 sim14 id=14 sync offset=-8213316ns
23:27:16 sim15 id=15 sync offset=-32160323ns
23:27:16 sim16 id=16 sync offset=-27036610ns
23:27:16 sim17 id=17 sync offset=23964291ns
23:27:16 sim18 id=18 sync offset=672875ns
23:27:16 sim19 id=19 sync offset=19999973ns
23:27:16 sim20 id=20 sync offset=8255614ns
23:27:16 sim21 id=21 sync offset=9031599ns
23:27:16 sim22 id=22 sync offset=26536013ns
23:27:16 sim23 id=23 sync offset=-38809971ns
23:27:16 sim24 id=24 sync offset=34960898ns
23:27:16 sim25 id=25 sync offset=16211791ns
23:27:16 sim26 id=26 sync offset=-7212747ns
23:27:16 sim27 id=27 sync offset=19700102ns
23:27:16 sim28 id=28 sync offset=21027189ns
23:27:16 sim29 id=29 sync offset=-3920443ns
23:27:16 sim30 id=30 sync offset=-3595242ns
23:27:16 sim31 id=31 sync offset=-30768970ns
23:27:16 sim32 id=32 sync offset=35473484ns
23:27:16 sim23 id=23 event m8 fired dev_deadline=610609729716601 fire_mono=610609773193000
23:27:16 sim22 id=22 event m8 fired dev_deadline=610609795063117 fire_mono=610609773238875
23:27:16 sim21 id=21 event m8 fired dev_deadline=610609777537297 fire_mono=610609773248541
23:27:16 sim18 id=18 event m8 fired dev_deadline=610609769206791 fire_mono=610609773256166
23:27:16 sim24 id=24 event m8 fired dev_deadline=610609803486095 fire_mono=610609773261833
23:27:16 sim19 id=19 event m8 fired dev_deadline=610609788546264 fire_mono=610609773266833
23:27:16 sim17 id=17 event m8 fired dev_deadline=610609792494697 fire_mono=610609773272000
23:27:16 sim31 id=31 event m8 fired dev_deadline=610609737779061 fire_mono=610609773276416
23:27:16 sim25 id=25 event m8 fired dev_deadline=610609784742291 fire_mono=610609773281916
23:27:16 sim32 id=32 event m8 fired dev_deadline=610609804011838 fire_mono=610609773286250
23:27:16 sim20 id=20 event m8 fired dev_deadline=610609776801718 fire_mono=610609773290750
23:27:16 sim16 id=16 event m8 fired dev_deadline=610609741506047 fire_mono=610609773295208
23:27:16 sim12 id=12 event m8 fired dev_deadline=610609806436263 fire_mono=610609773302791
23:27:16 sim28 id=28 event m8 fired dev_deadline=610609789579970 fire_mono=610609773308666
23:27:16 sim29 id=29 event m8 fired dev_deadline=610609764631827 fire_mono=610609773313291
23:27:16 sim27 id=27 event m8 fired dev_deadline=610609788251539 fire_mono=610609773317500
23:27:16 sim30 id=30 event m8 fired dev_deadline=610609764952664 fire_mono=610609773322625
23:27:16 sim26 id=26 event m8 fired dev_deadline=610609761323064 fire_mono=610609773327208
23:27:16 sim13 id=13 event m8 fired dev_deadline=610609804835147 fire_mono=610609773332541
23:27:16 sim11 id=11 event m8 fired dev_deadline=610609791853031 fire_mono=610609773336875
23:27:16 sim15 id=15 event m8 fired dev_deadline=610609736386063 fire_mono=610609773341333
23:27:16 sim10 id=10 event m8 fired dev_deadline=610609794194708 fire_mono=610609773345666
23:27:16 sim7 id=7 event m8 fired dev_deadline=610609807357993 fire_mono=610609773349791
23:27:16 sim14 id=14 event m8 fired dev_deadline=610609760335060 fire_mono=610609773354208
23:27:16 sim6 id=6 event m8 fired dev_deadline=610609773476795 fire_mono=610609773358458
23:27:16 sim5 id=5 event m8 fired dev_deadline=610609764622057 fire_mono=610609773362583
23:27:16 sim8 id=8 event m8 fired dev_deadline=610609751168894 fire_mono=610609773366791
23:27:16 sim4 id=4 event m8 fired dev_deadline=610609799479526 fire_mono=610609773371083
23:27:16 sim9 id=9 event m8 fired dev_deadline=610609803256908 fire_mono=610609773375291
23:27:16 sim3 id=3 event m8 fired dev_deadline=610609740171973 fire_mono=610609773379875
23:27:16 sim2 id=2 event m8 fired dev_deadline=610609729204549 fire_mono=610609773384375
23:27:16 sim1 id=1 event m8 fired dev_deadline=610609790991250 fire_mono=610609773388625
23:27:16 sim23 id=23 event m9 fired dev_deadline=610609830627018 fire_mono=610609870084625
23:27:16 sim22 id=22 event m9 fired dev_deadline=610609895973534 fire_mono=610609870132708
23:27:16 sim21 id=21 event m9 fired dev_deadline=610609878447714 fire_mono=610609870143375
23:27:16 sim18 id=18 event m9 fired dev_deadline=610609870117208 fire_mono=610609870150208
23:27:16 sim24 id=24 event m9 fired dev_deadline=610609904396512 fire_mono=610609870157416
23:27:16 sim19 id=19 event m9 fired dev_deadline=610609889456681 fire_mono=610609870162875
23:27:16 sim17 id=17 event m9 fired dev_deadline=610609893405114 fire_mono=610609870169375
23:27:16 sim31 id=31 event m9 fired dev_deadline=610609838689478 fire_mono=610609870176208
23:27:16 sim25 id=25 event m9 fired dev_deadline=610609885652708 fire_mono=610609870182500
23:27:16 sim32 id=32 event m9 fired dev_deadline=610609904922255 fire_mono=610609870187125
23:27:16 sim20 id=20 event m9 fired dev_deadline=610609877712135 fire_mono=610609870193250
23:27:16 sim16 id=16 event m9 fired dev_deadline=610609842416464 fire_mono=610609870197750
23:27:16 sim12 id=12 event m9 fired dev_deadline=610609907346680 fire_mono=610609870203833
23:27:16 sim28 id=28 event m9 fired dev_deadline=610609890490387 fire_mono=610609870208833
23:27:16 sim29 id=29 event m9 fired dev_deadline=610609865542244 fire_mono=610609870214416
23:27:16 sim27 id=27 event m9 fired dev_deadline=610609889161956 fire_mono=610609870219375
23:27:16 sim30 id=30 event m9 fired dev_deadline=610609865863081 fire_mono=610609870223916
23:27:16 sim26 id=26 event m9 fired dev_deadline=610609862233481 fire_mono=610609870229250
23:27:16 sim13 id=13 event m9 fired dev_deadline=610609905745564 fire_mono=610609870233916
23:27:16 sim11 id=11 event m9 fired dev_deadline=610609892763448 fire_mono=610609870239083
23:27:16 sim15 id=15 event m9 fired dev_deadline=610609837296480 fire_mono=610609870243750
23:27:16 sim10 id=10 event m9 fired dev_deadline=610609895105125 fire_mono=610609870248708
23:27:16 sim7 id=7 event m9 fired dev_deadline=610609908268410 fire_mono=610609870253291
23:27:16 sim14 id=14 event m9 fired dev_deadline=610609861245477 fire_mono=610609870257875
23:27:16 sim6 id=6 event m9 fired dev_deadline=610609874387212 fire_mono=610609870262333
23:27:16 sim5 id=5 event m9 fired dev_deadline=610609865532474 fire_mono=610609870268041
23:27:16 sim8 id=8 event m9 fired dev_deadline=610609852079311 fire_mono=610609870272458
23:27:16 sim4 id=4 event m9 fired dev_deadline=610609900389943 fire_mono=610609870276750
23:27:16 sim9 id=9 event m9 fired dev_deadline=610609904167325 fire_mono=610609870281166
23:27:16 sim3 id=3 event m9 fired dev_deadline=610609841082390 fire_mono=610609870285541
23:27:16 sim2 id=2 event m9 fired dev_deadline=610609830114966 fire_mono=610609870289916
23:27:16 sim1 id=1 event m9 fired dev_deadline=610609891901667 fire_mono=610609870294333
23:27:16 sim23 id=23 event m10 fired dev_deadline=610609931674434 fire_mono=610609976285250
23:27:16 sim22 id=22 event m10 fired dev_deadline=610609997020950 fire_mono=610609976323250
23:27:16 sim21 id=21 event m10 fired dev_deadline=610609979495130 fire_mono=610609976335625
23:27:16 sim18 id=18 event m10 fired dev_deadline=610609971164624 fire_mono=610609976342666
23:27:16 sim24 id=24 event m10 fired dev_deadline=610610005443928 fire_mono=610609976348583
23:27:16 sim19 id=19 event m10 fired dev_deadline=610609990504097 fire_mono=610609976355166
23:27:16 sim17 id=17 event m10 fired dev_deadline=610609994452530 fire_mono=610609976360416
23:27:16 sim31 id=31 event m10 fired dev_deadline=610609939736894 fire_mono=610609976364916
23:27:16 sim25 id=25 event m10 fired dev_deadline=610609986700124 fire_mono=610609976370916
23:27:16 sim32 id=32 event m10 fired dev_deadline=610610005969671 fire_mono=610609976375958
23:27:16 sim20 id=20 event m10 fired dev_deadline=610609978759551 fire_mono=610609976381166
23:27:16 sim16 id=16 event m10 fired dev_deadline=610609943463880 fire_mono=610609976386375
23:27:16 sim12 id=12 event m10 fired dev_deadline=610610008394096 fire_mono=610609976392208
23:27:16 sim28 id=28 event m10 fired dev_deadline=610609991537803 fire_mono=610609976398833
23:27:16 sim29 id=29 event m10 fired dev_deadline=610609966589660 fire_mono=610609976403958
23:27:16 sim27 id=27 event m10 fired dev_deadline=610609990209372 fire_mono=610609976409583
23:27:16 sim30 id=30 event m10 fired dev_deadline=610609966910497 fire_mono=610609976414625
23:27:16 sim26 id=26 event m10 fired dev_deadline=610609963280897 fire_mono=610609976419166
23:27:16 sim13 id=13 event m10 fired dev_deadline=610610006792980 fire_mono=610609976424041
23:27:16 sim11 id=11 event m10 fired dev_deadline=610609993810864 fire_mono=610609976429041
23:27:16 sim15 id=15 event m10 fired dev_deadline=610609938343896 fire_mono=610609976433625
23:27:16 sim10 id=10 event m10 fired dev_deadline=610609996152541 fire_mono=610609976438750
23:27:16 sim7 id=7 event m10 fired dev_deadline=610610009315826 fire_mono=610609976444208
23:27:16 sim14 id=14 event m10 fired dev_deadline=610609962292893 fire_mono=610609976449625
23:27:16 sim6 id=6 event m10 fired dev_deadline=610609975434628 fire_mono=610609976454666
23:27:16 sim5 id=5 event m10 fired dev_deadline=610609966579890 fire_mono=610609976459583
23:27:16 sim8 id=8 event m10 fired dev_deadline=610609953126727 fire_mono=610609976465541
23:27:16 sim4 id=4 event m10 fired dev_deadline=610610001437359 fire_mono=610609976470666
23:27:16 sim9 id=9 event m10 fired dev_deadline=610610005214741 fire_mono=610609976475541
23:27:16 sim3 id=3 event m10 fired dev_deadline=610609942129806 fire_mono=610609976482458
23:27:16 sim2 id=2 event m10 fired dev_deadline=610609931162382 fire_mono=610609976487375
23:27:16 sim1 id=1 event m10 fired dev_deadline=610609992949083 fire_mono=610609976492041
23:27:16 sim23 id=23 event m11 fired dev_deadline=610610033461184 fire_mono=610610076250291
23:27:16 sim22 id=22 event m11 fired dev_deadline=610610098807700 fire_mono=610610076315625
23:27:16 sim21 id=21 event m11 fired dev_deadline=610610081281880 fire_mono=610610076357875
23:27:16 sim18 id=18 event m11 fired dev_deadline=610610072951374 fire_mono=610610076378666
23:27:16 sim24 id=24 event m11 fired dev_deadline=610610107230678 fire_mono=610610076387500
23:27:16 sim19 id=19 event m11 fired dev_deadline=610610092290847 fire_mono=610610076393625
23:27:16 sim17 id=17 event m11 fired dev_deadline=610610096239280 fire_mono=610610076401791
23:27:16 sim31 id=31 event m11 fired dev_deadline=610610041523644 fire_mono=610610076409041
23:27:16 sim32 id=32 event m11 fired dev_deadline=610610107756421 fire_mono=610610076415166
23:27:16 sim25 id=25 event m11 fired dev_deadline=610610088486874 fire_mono=610610076421041
23:27:16 sim20 id=20 event m11 fired dev_deadline=610610080546301 fire_mono=610610076426708
23:27:16 sim16 id=16 event m11 fired dev_deadline=610610045250630 fire_mono=610610076431958
23:27:16 sim12 id=12 event m11 fired dev_deadline=610610110180846 fire_mono=610610076436875
23:27:16 sim28 id=28 event m11 fired dev_deadline=610610093324553 fire_mono=610610076443041
23:27:16 sim29 id=29 event m11 fired dev_deadline=610610068376410 fire_mono=610610076448208
23:27:16 sim27 id=27 event m11 fired dev_deadline=610610091996122 fire_mono=610610076453291
23:27:16 sim30 id=30 event m11 fired dev_deadline=610610068697247 fire_mono=610610076457958
23:27:16 sim26 id=26 event m11 fired dev_deadline=610610065067647 fire_mono=610610076462916
23:27:16 sim13 id=13 event m11 fired dev_deadline=610610108579730 fire_mono=610610076468375
23:27:16 sim11 id=11 event m11 fired dev_deadline=610610095597614 fire_mono=610610076518000
23:27:16 sim15 id=15 event m11 fired dev_deadline=610610040130646 fire_mono=610610076532458
23:27:16 sim10 id=10 event m11 fired dev_deadline=610610097939291 fire_mono=610610076540916
23:27:16 sim7 id=7 event m11 fired dev_deadline=610610111102576 fire_mono=610610076547583
23:27:16 sim14 id=14 event m11 fired dev_deadline=610610064079643 fire_mono=610610076553291
23:27:16 sim6 id=6 event m11 fired dev_deadline=610610077221378 fire_mono=610610076558458
23:27:16 sim5 id=5 event m11 fired dev_deadline=610610068366640 fire_mono=610610076564083
23:27:16 sim8 id=8 event m11 fired dev_deadline=610610054913477 fire_mono=610610076569000
23:27:16 sim4 id=4 event m11 fired dev_deadline=610610103224109 fire_mono=610610076574041
23:27:16 sim9 id=9 event m11 fired dev_deadline=610610107001491 fire_mono=610610076578750
23:27:16 sim3 id=3 event m11 fired dev_deadline=610610043916556 fire_mono=610610076583583
23:27:16 sim2 id=2 event m11 fired dev_deadline=610610032949132 fire_mono=610610076588125
23:27:16 sim1 id=1 event m11 fired dev_deadline=610610094735833 fire_mono=610610076592541
23:27:16 sim23 id=23 event m12 fired dev_deadline=610610133907976 fire_mono=610610177983708
23:27:16 sim22 id=22 event m12 fired dev_deadline=610610199254492 fire_mono=610610178028250
23:27:16 sim21 id=21 event m12 fired dev_deadline=610610181728672 fire_mono=610610178039083
23:27:16 sim18 id=18 event m12 fired dev_deadline=610610173398166 fire_mono=610610178045833
23:27:16 sim24 id=24 event m12 fired dev_deadline=610610207677470 fire_mono=610610178052041
23:27:16 sim19 id=19 event m12 fired dev_deadline=610610192737639 fire_mono=610610178057333
23:27:16 sim17 id=17 event m12 fired dev_deadline=610610196686072 fire_mono=610610178062208
23:27:16 sim31 id=31 event m12 fired dev_deadline=610610141970436 fire_mono=610610178067375
23:27:16 sim25 id=25 event m12 fired dev_deadline=610610188933666 fire_mono=610610178072000
23:27:16 sim32 id=32 event m12 fired dev_deadline=610610208203213 fire_mono=610610178076416
23:27:16 sim20 id=20 event m12 fired dev_deadline=610610180993093 fire_mono=610610178080791
23:27:16 sim16 id=16 event m12 fired dev_deadline=610610145697422 fire_mono=610610178085125
23:27:16 sim12 id=12 event m12 fired dev_deadline=610610210627638 fire_mono=610610178090375
23:27:16 sim28 id=28 event m12 fired dev_deadline=610610193771345 fire_mono=610610178094958
23:27:16 sim29 id=29 event m12 fired dev_deadline=610610168823202 fire_mono=610610178099250
23:27:16 sim27 id=27 event m12 fired dev_deadline=610610192442914 fire_mono=610610178103458
23:27:16 sim30 id=30 event m12 fired dev_deadline=610610169144039 fire_mono=610610178107750
23:27:16 sim26 id=26 event m12 fired dev_deadline=610610165514439 fire_mono=610610178111916
23:27:16 sim13 id=13 event m12 fired dev_deadline=610610209026522 fire_mono=610610178116166
23:27:16 sim11 id=11 event m12 fired dev_deadline=610610196044406 fire_mono=610610178120583
23:27:16 sim15 id=15 event m12 fired dev_deadline=610610140577438 fire_mono=610610178125958
23:27:16 sim10 id=10 event m12 fired dev_deadline=610610198386083 fire_mono=610610178130791
23:27:16 sim7 id=7 event m12 fired dev_deadline=610610211549368 fire_mono=610610178136041
23:27:16 sim14 id=14 event m12 fired dev_deadline=610610164526435 fire_mono=610610178140833
23:27:16 sim6 id=6 event m12 fired dev_deadline=610610177668170 fire_mono=610610178145166
23:27:16 sim5 id=5 event m12 fired dev_deadline=610610168813432 fire_mono=610610178150000
23:27:16 sim8 id=8 event m12 fired dev_deadline=610610155360269 fire_mono=610610178154291
23:27:16 sim4 id=4 event m12 fired dev_deadline=610610203670901 fire_mono=610610178158791
23:27:16 sim9 id=9 event m12 fired dev_deadline=610610207448283 fire_mono=610610178163125
23:27:16 sim3 id=3 event m12 fired dev_deadline=610610144363348 fire_mono=610610178167750
23:27:16 sim2 id=2 event m12 fired dev_deadline=610610133395924 fire_mono=610610178172000
23:27:16 sim1 id=1 event m12 fired dev_deadline=610610195182625 fire_mono=610610178176333
23:27:16 sim18 id=18 event m13 fired dev_deadline=610610273640625 fire_mono=610610277892458
23:27:16 sim23 id=23 event m13 fired dev_deadline=610610234157779 fire_mono=610610277934375
23:27:16 sim22 id=22 event m13 fired dev_deadline=610610299503763 fire_mono=610610277943875
23:27:16 sim19 id=19 event m13 fired dev_deadline=610610292967723 fire_mono=610610277950500
23:27:16 sim31 id=31 event m13 fired dev_deadline=610610242198780 fire_mono=610610277956833
23:27:16 sim28 id=28 event m13 fired dev_deadline=610610293994939 fire_mono=610610277962041
23:27:16 sim29 id=29 event m13 fired dev_deadline=610610269047307 fire_mono=610610277968875
23:27:16 sim20 id=20 event m13 fired dev_deadline=610610281223364 fire_mono=610610277973916
23:27:16 sim27 id=27 event m13 fired dev_deadline=610610292667852 fire_mono=610610277978625
23:27:16 sim7 id=7 event m13 fired dev_deadline=610610311763910 fire_mono=610610277983291
23:27:16 sim12 id=12 event m13 fired dev_deadline=610610310856451 fire_mono=610610277988291
23:27:16 sim6 id=6 event m13 fired dev_deadline=610610277882712 fire_mono=610610277994708
23:27:16 sim30 id=30 event m13 fired dev_deadline=610610269372508 fire_mono=610610277999583
23:27:16 sim16 id=16 event m13 fired dev_deadline=610610245931140 fire_mono=610610278004125
23:27:16 sim32 id=32 event m13 fired dev_deadline=610610308441234 fire_mono=610610278008708
23:27:16 sim4 id=4 event m13 fired dev_deadline=610610303879152 fire_mono=610610278014166
23:27:16 sim5 id=5 event m13 fired dev_deadline=610610269024297 fire_mono=610610278021125
23:27:16 sim3 id=3 event m13 fired dev_deadline=610610244570015 fire_mono=610610278026125
23:27:16 sim13 id=13 event m13 fired dev_deadline=610610309259012 fire_mono=610610278030625
23:27:16 sim15 id=15 event m13 fired dev_deadline=610610240807427 fire_mono=610610278036083
23:27:16 sim17 id=17 event m13 fired dev_deadline=610610296932041 fire_mono=610610278041583
23:27:16 sim24 id=24 event m13 fired dev_deadline=610610307928648 fire_mono=610610278047500
23:27:16 sim8 id=8 event m13 fired dev_deadline=610610255576769 fire_mono=610610278052458
23:27:16 sim25 id=25 event m13 fired dev_deadline=610610289179541 fire_mono=610610278056791
23:27:16 sim14 id=14 event m13 fired dev_deadline=610610264754434 fire_mono=610610278061041
23:27:16 sim21 id=21 event m13 fired dev_deadline=610610281999349 fire_mono=610610278065333
23:27:16 sim2 id=2 event m13 fired dev_deadline=610610233610466 fire_mono=610610278069500
23:27:16 sim11 id=11 event m13 fired dev_deadline=610610296280885 fire_mono=610610278073791
23:27:16 sim10 id=10 event m13 fired dev_deadline=610610298615521 fire_mono=610610278078083
23:27:16 sim26 id=26 event m13 fired dev_deadline=610610265755003 fire_mono=610610278082291
23:27:16 sim1 id=1 event m13 fired dev_deadline=610610295396709 fire_mono=610610278086583
23:27:16 sim9 id=9 event m13 fired dev_deadline=610610307669127 fire_mono=610610278090791
23:27:16 sim1 id=1 sync offset=22428438ns
23:27:16 sim2 id=2 sync offset=-39362253ns
23:27:16 sim3 id=3 sync offset=-28404703ns
23:27:16 sim4 id=4 sync offset=30910588ns
23:27:16 sim5 id=5 sync offset=-3943453ns
23:27:16 sim6 id=6 sync offset=4914962ns
23:27:16 sim7 id=7 sync offset=38796160ns
23:27:16 sim8 id=8 sync offset=-17390981ns
23:27:16 sim9 id=9 sync offset=34701377ns
23:27:16 sim10 id=10 sync offset=25653208ns
23:27:16 sim11 id=11 sync offset=23329343ns
23:27:16 sim12 id=12 sync offset=37904242ns
23:27:16 sim13 id=13 sync offset=36301773ns
23:27:16 sim14 id=14 sync offset=-8213316ns
23:27:16 sim15 id=15 sync offset=-32157312ns
23:27:16 sim16 id=16 sync offset=-27021568ns
23:27:16 sim17 id=17 sync offset=23984207ns
23:27:16 sim18 id=18 sync offset=695791ns
23:27:16 sim19 id=19 sync offset=19999973ns
23:27:16 sim20 id=20 sync offset=8255614ns
23:27:16 sim21 id=21 sync offset=9031599ns
23:27:16 sim22 id=22 sync offset=26536013ns
23:27:16 sim23 id=23 sync offset=-38809971ns
23:27:16 sim24 id=24 sync offset=34960898ns
23:27:16 sim25 id=25 sync offset=16211791ns
23:27:16 sim26 id=26 sync offset=-7212747ns
23:27:16 sim27 id=27 sync offset=19700102ns
23:27:16 sim28 id=28 sync offset=21027189ns
23:27:16 sim29 id=29 sync offset=-3920443ns
23:27:16 sim30 id=30 sync offset=-3595242ns
23:27:16 sim31 id=31 sync offset=-30768970ns
23:27:16 sim32 id=32 sync offset=35473484ns
23:27:16 sim18 id=18 event m14 fired dev_deadline=610610374555750 fire_mono=610610378334875
23:27:16 sim23 id=23 event m14 fired dev_deadline=610610335072904 fire_mono=610610378382500
23:27:16 sim22 id=22 event m14 fired dev_deadline=610610400418888 fire_mono=610610378392958
23:27:16 sim19 id=19 event m14 fired dev_deadline=610610393882848 fire_mono=610610378399958
23:27:16 sim31 id=31 event m14 fired dev_deadline=610610343113905 fire_mono=610610378407625
23:27:16 sim28 id=28 event m14 fired dev_deadline=610610394910064 fire_mono=610610378413083
23:27:16 sim29 id=29 event m14 fired dev_deadline=610610369962432 fire_mono=610610378418458
23:27:16 sim20 id=20 event m14 fired dev_deadline=610610382138489 fire_mono=610610378423041
23:27:16 sim27 id=27 event m14 fired dev_deadline=610610393582977 fire_mono=610610378427916
23:27:16 sim7 id=7 event m14 fired dev_deadline=610610412679035 fire_mono=610610378433500
23:27:16 sim12 id=12 event m14 fired dev_deadline=610610411771576 fire_mono=610610378440000
23:27:16 sim6 id=6 event m14 fired dev_deadline=610610378797837 fire_mono=610610378445041
23:27:16 sim30 id=30 event m14 fired dev_deadline=610610370287633 fire_mono=610610378450208
23:27:16 sim16 id=16 event m14 fired dev_deadline=610610346846265 fire_mono=610610378456000
23:27:16 sim32 id=32 event m14 fired dev_deadline=610610409356359 fire_mono=610610378460500
23:27:16 sim4 id=4 event m14 fired dev_deadline=610610404794277 fire_mono=610610378464875
23:27:16 sim5 id=5 event m14 fired dev_deadline=610610369939422 fire_mono=610610378470083
23:27:16 sim3 id=3 event m14 fired dev_deadline=610610345485140 fire_mono=610610378477458
23:27:16 sim13 id=13 event m14 fired dev_deadline=610610410174137 fire_mono=610610378483208
23:27:16 sim15 id=15 event m14 fired dev_deadline=610610341722552 fire_mono=610610378489416
23:27:16 sim17 id=17 event m14 fired dev_deadline=610610397847166 fire_mono=610610378495041
23:27:16 sim24 id=24 event m14 fired dev_deadline=610610408843773 fire_mono=610610378502125
23:27:16 sim8 id=8 event m14 fired dev_deadline=610610356491894 fire_mono=610610378507916
23:27:16 sim25 id=25 event m14 fired dev_deadline=610610390094666 fire_mono=610610378513291
23:27:16 sim21 id=21 event m14 fired dev_deadline=610610382914474 fire_mono=610610378517708
23:27:16 sim14 id=14 event m14 fired dev_deadline=610610365669559 fire_mono=610610378521791
23:27:16 sim2 id=2 event m14 fired dev_deadline=610610334525591 fire_mono=610610378526708
23:27:16 sim11 id=11 event m14 fired dev_deadline=610610397196010 fire_mono=610610378531916
23:27:16 sim10 id=10 event m14 fired dev_deadline=610610399530646 fire_mono=610610378537375
23:27:16 sim26 id=26 event m14 fired dev_deadline=610610366670128 fire_mono=610610378542708
23:27:16 sim1 id=1 event m14 fired dev_deadline=610610396311834 fire_mono=610610378547333
23:27:16 sim9 id=9 event m14 fired dev_deadline=610610408584252 fire_mono=610610378553166
23:27:17 sim18 id=18 event m15 fired dev_deadline=610610476782458 fire_mono=610610476180083
23:27:17 sim22 id=22 event m15 fired dev_deadline=610610502645596 fire_mono=610610476246375
23:27:17 sim23 id=23 event m15 fired dev_deadline=610610437299612 fire_mono=610610476259541
23:27:17 sim19 id=19 event m15 fired dev_deadline=610610496109556 fire_mono=610610476267500
23:27:17 sim31 id=31 event m15 fired dev_deadline=610610445340613 fire_mono=610610476273666
23:27:17 sim28 id=28 event m15 fired dev_deadline=610610497136772 fire_mono=610610476279291
23:27:17 sim29 id=29 event m15 fired dev_deadline=610610472189140 fire_mono=610610476285958
23:27:17 sim20 id=20 event m15 fired dev_deadline=610610484365197 fire_mono=610610476291750
23:27:17 sim27 id=27 event m15 fired dev_deadline=610610495809685 fire_mono=610610476296875
23:27:17 sim12 id=12 event m15 fired dev_deadline=610610513998284 fire_mono=610610476301833
23:27:17 sim7 id=7 event m15 fired dev_deadline=610610514905743 fire_mono=610610476306500
23:27:17 sim6 id=6 event m15 fired dev_deadline=610610481024545 fire_mono=610610476312625
23:27:17 sim30 id=30 event m15 fired dev_deadline=610610472514341 fire_mono=610610476318458
23:27:17 sim16 id=16 event m15 fired dev_deadline=610610449072973 fire_mono=610610476322833
23:27:17 sim32 id=32 event m15 fired dev_deadline=610610511583067 fire_mono=610610476327791
23:27:17 sim4 id=4 event m15 fired dev_deadline=610610507020985 fire_mono=610610476333166
23:27:17 sim5 id=5 event m15 fired dev_deadline=610610472166130 fire_mono=610610476337958
23:27:17 sim3 id=3 event m15 fired dev_deadline=610610447711848 fire_mono=610610476342500
23:27:17 sim13 id=13 event m15 fired dev_deadline=610610512400845 fire_mono=610610476347208
23:27:17 sim15 id=15 event m15 fired dev_deadline=610610443949260 fire_mono=610610476352083
23:27:17 sim17 id=17 event m15 fired dev_deadline=610610500073874 fire_mono=610610476357208
23:27:17 sim24 id=24 event m15 fired dev_deadline=610610511070481 fire_mono=610610476363416
23:27:17 sim8 id=8 event m15 fired dev_deadline=610610458718602 fire_mono=610610476369458
23:27:17 sim25 id=25 event m15 fired dev_deadline=610610492321374 fire_mono=610610476375875
23:27:17 sim21 id=21 event m15 fired dev_deadline=610610485141182 fire_mono=610610476382208
23:27:17 sim14 id=14 event m15 fired dev_deadline=610610467896267 fire_mono=610610476389125
23:27:17 sim2 id=2 event m15 fired dev_deadline=610610436752299 fire_mono=610610476395250
23:27:17 sim11 id=11 event m15 fired dev_deadline=610610499422718 fire_mono=610610476400958
23:27:17 sim10 id=10 event m15 fired dev_deadline=610610501757354 fire_mono=610610476406083
23:27:17 sim26 id=26 event m15 fired dev_deadline=610610468896836 fire_mono=610610476411125
23:27:17 sim1 id=1 event m15 fired dev_deadline=610610498538542 fire_mono=610610476416875
23:27:17 sim9 id=9 event m15 fired dev_deadline=610610510810960 fire_mono=610610476422041
23:27:17 sim18 id=18 event m16 fired dev_deadline=610610577094250 fire_mono=610610582979666
23:27:17 sim23 id=23 event m16 fired dev_deadline=610610537611404 fire_mono=610610583025125
23:27:17 sim22 id=22 event m16 fired dev_deadline=610610602957388 fire_mono=610610583037875
23:27:17 sim19 id=19 event m16 fired dev_deadline=610610596421348 fire_mono=610610583047125
23:27:17 sim31 id=31 event m16 fired dev_deadline=610610545652405 fire_mono=610610583055458
23:27:17 sim28 id=28 event m16 fired dev_deadline=610610597448564 fire_mono=610610583062166
23:27:17 sim29 id=29 event m16 fired dev_deadline=610610572500932 fire_mono=610610583068375
23:27:17 sim20 id=20 event m16 fired dev_deadline=610610584676989 fire_mono=610610583078916
23:27:17 sim27 id=27 event m16 fired dev_deadline=610610596121477 fire_mono=610610583086416
23:27:17 sim12 id=12 event m16 fired dev_deadline=610610614310076 fire_mono=610610583092708
23:27:17 sim7 id=7 event m16 fired dev_deadline=610610615217535 fire_mono=610610583099625
23:27:17 sim6 id=6 event m16 fired dev_deadline=610610581336337 fire_mono=610610583108500
23:27:17 sim30 id=30 event m16 fired dev_deadline=610610572826133 fire_mono=610610583114875
23:27:17 sim16 id=16 event m16 fired dev_deadline=610610549384765 fire_mono=610610583119791
23:27:17 sim32 id=32 event m16 fired dev_deadline=610610611894859 fire_mono=610610583124500
23:27:17 sim4 id=4 event m16 fired dev_deadline=610610607332777 fire_mono=610610583129125
23:27:17 sim5 id=5 event m16 fired dev_deadline=610610572477922 fire_mono=610610583134500
23:27:17 sim3 id=3 event m16 fired dev_deadline=610610548023640 fire_mono=610610583139458
23:27:17 sim13 id=13 event m16 fired dev_deadline=610610612712637 fire_mono=610610583143958
23:27:17 sim15 id=15 event m16 fired dev_deadline=610610544261052 fire_mono=610610583149916
23:27:17 sim17 id=17 event m16 fired dev_deadline=610610600385666 fire_mono=610610583154541
23:27:17 sim24 id=24 event m16 fired dev_deadline=610610611382273 fire_mono=610610583160083
23:27:17 sim8 id=8 event m16 fired dev_deadline=610610559030394 fire_mono=610610583164458
23:27:17 sim25 id=25 event m16 fired dev_deadline=610610592633166 fire_mono=610610583169125
23:27:17 sim21 id=21 event m16 fired dev_deadline=610610585452974 fire_mono=610610583173375
23:27:17 sim14 id=14 event m16 fired dev_deadline=610610568208059 fire_mono=610610583177666
23:27:17 sim2 id=2 event m16 fired dev_deadline=610610537064091 fire_mono=610610583182333
23:27:17 sim11 id=11 event m16 fired dev_deadline=610610599734510 fire_mono=610610583186958
23:27:17 sim10 id=10 event m16 fired dev_deadline=610610602069146 fire_mono=610610583192083
23:27:17 sim26 id=26 event m16 fired dev_deadline=610610569208628 fire_mono=610610583198083
23:27:17 sim1 id=1 event m16 fired dev_deadline=610610598850334 fire_mono=610610583204500
23:27:17 sim9 id=9 event m16 fired dev_deadline=610610611122752 fire_mono=610610583210083
23:27:17 sim18 id=18 event m17 fired dev_deadline=610610678698791 fire_mono=610610680180333
23:27:17 sim23 id=23 event m17 fired dev_deadline=610610639215945 fire_mono=610610680262125
23:27:17 sim22 id=22 event m17 fired dev_deadline=610610704561929 fire_mono=610610680289375
23:27:17 sim19 id=19 event m17 fired dev_deadline=610610698025889 fire_mono=610610680307875
23:27:17 sim31 id=31 event m17 fired dev_deadline=610610647256946 fire_mono=610610680324333
23:27:17 sim28 id=28 event m17 fired dev_deadline=610610699053105 fire_mono=610610680339291
23:27:17 sim29 id=29 event m17 fired dev_deadline=610610674105473 fire_mono=610610680354291
23:27:17 sim20 id=20 event m17 fired dev_deadline=610610686281530 fire_mono=610610680368083
23:27:17 sim27 id=27 event m17 fired dev_deadline=610610697726018 fire_mono=610610680381250
23:27:17 sim7 id=7 event m17 fired dev_deadline=610610716822076 fire_mono=610610680394458
23:27:17 sim12 id=12 event m17 fired dev_deadline=610610715914617 fire_mono=610610680409291
23:27:17 sim6 id=6 event m17 fired dev_deadline=610610682940878 fire_mono=610610680422291
23:27:17 sim30 id=30 event m17 fired dev_deadline=610610674430674 fire_mono=610610680435041
23:27:17 sim16 id=16 event m17 fired dev_deadline=610610650989306 fire_mono=610610680447583
23:27:17 sim32 id=32 event m17 fired dev_deadline=610610713499400 fire_mono=610610680462875
23:27:17 sim4 id=4 event m17 fired dev_deadline=610610708937318 fire_mono=610610680475375
23:27:17 sim5 id=5 event m17 fired dev_deadline=610610674082463 fire_mono=610610680487791
23:27:17 sim3 id=3 event m17 fired dev_deadline=610610649628181 fire_mono=610610680500500
23:27:17 sim13 id=13 event m17 fired dev_deadline=610610714317178 fire_mono=610610680513166
23:27:17 sim15 id=15 event m17 fired dev_deadline=610610645865593 fire_mono=610610680525708
23:27:17 sim17 id=17 event m17 fired dev_deadline=610610701990207 fire_mono=610610680538375
23:27:17 sim24 id=24 event m17 fired dev_deadline=610610712986814 fire_mono=610610680551750
23:27:17 sim8 id=8 event m17 fired dev_deadline=610610660634935 fire_mono=610610680563833
23:27:17 sim25 id=25 event m17 fired dev_deadline=610610694237707 fire_mono=610610680576125
23:27:17 sim14 id=14 event m17 fired dev_deadline=610610669812600 fire_mono=610610680588583
23:27:17 sim21 id=21 event m17 fired dev_deadline=610610687057515 fire_mono=610610680601291
23:27:17 sim2 id=2 event m17 fired dev_deadline=610610638668632 fire_mono=610610680613458
23:27:17 sim11 id=11 event m17 fired dev_deadline=610610701339051 fire_mono=610610680626916
23:27:17 sim10 id=10 event m17 fired dev_deadline=610610703673687 fire_mono=610610680638875
23:27:17 sim26 id=26 event m17 fired dev_deadline=610610670813169 fire_mono=610610680651333
23:27:17 sim1 id=1 event m17 fired dev_deadline=610610700454875 fire_mono=610610680663291
23:27:17 sim9 id=9 event m17 fired dev_deadline=610610712727293 fire_mono=610610680675333
23:27:17 sim18 id=18 event m18 fired dev_deadline=610610779236791 fire_mono=610610778872291
23:27:17 sim23 id=23 event m18 fired dev_deadline=610610739753945 fire_mono=610610778920166
23:27:17 sim22 id=22 event m18 fired dev_deadline=610610805099929 fire_mono=610610778932875
23:27:17 sim19 id=19 event m18 fired dev_deadline=610610798563889 fire_mono=610610778941541
23:27:17 sim31 id=31 event m18 fired dev_deadline=610610747794946 fire_mono=610610778949833
23:27:17 sim28 id=28 event m18 fired dev_deadline=610610799591105 fire_mono=610610778956791
23:27:17 sim29 id=29 event m18 fired dev_deadline=610610774643473 fire_mono=610610778963375
23:27:17 sim20 id=20 event m18 fired dev_deadline=610610786819530 fire_mono=610610778969041
23:27:17 sim27 id=27 event m18 fired dev_deadline=610610798264018 fire_mono=610610778975166
23:27:17 sim12 id=12 event m18 fired dev_deadline=610610816452617 fire_mono=610610778980666
23:27:17 sim7 id=7 event m18 fired dev_deadline=610610817360076 fire_mono=610610778986166
23:27:17 sim6 id=6 event m18 fired dev_deadline=610610783478878 fire_mono=610610778991791
23:27:17 sim30 id=30 event m18 fired dev_deadline=610610774968674 fire_mono=610610778996916
23:27:17 sim16 id=16 event m18 fired dev_deadline=610610751527306 fire_mono=610610779002750
23:27:17 sim32 id=32 event m18 fired dev_deadline=610610814037400 fire_mono=610610779008500
23:27:17 sim4 id=4 event m18 fired dev_deadline=610610809475318 fire_mono=610610779013333
23:27:17 sim5 id=5 event m18 fired dev_deadline=610610774620463 fire_mono=610610779018666
23:27:17 sim3 id=3 event m18 fired dev_deadline=610610750166181 fire_mono=610610779023125
23:27:17 sim13 id=13 event m18 fired dev_deadline=610610814855178 fire_mono=610610779028083
23:27:17 sim17 id=17 event m18 fired dev_deadline=610610802528207 fire_mono=610610779033166
23:27:17 sim24 id=24 event m18 fired dev_deadline=610610813524814 fire_mono=610610779038541
23:27:17 sim8 id=8 event m18 fired dev_deadline=610610761172935 fire_mono=610610779043375
23:27:17 sim15 id=15 event m18 fired dev_deadline=610610746403593 fire_mono=610610779048750
23:27:17 sim25 id=25 event m18 fired dev_deadline=610610794775707 fire_mono=610610779053416
23:27:17 sim14 id=14 event m18 fired dev_deadline=610610770350600 fire_mono=610610779058208
23:27:17 sim21 id=21 event m18 fired dev_deadline=610610787595515 fire_mono=610610779062541
23:27:17 sim2 id=2 event m18 fired dev_deadline=610610739206632 fire_mono=610610779067416
23:27:17 sim11 id=11 event m18 fired dev_deadline=610610801877051 fire_mono=610610779072958
23:27:17 sim10 id=10 event m18 fired dev_deadline=610610804211687 fire_mono=610610779081833
23:27:17 sim26 id=26 event m18 fired dev_deadline=610610771351169 fire_mono=610610779086916
23:27:17 sim1 id=1 event m18 fired dev_deadline=610610800992875 fire_mono=610610779091333
23:27:17 sim9 id=9 event m18 fired dev_deadline=610610813265293 fire_mono=610610779097166
23:27:17 sim1 id=1 sync offset=22428312ns
23:27:17 sim2 id=2 sync offset=-39361815ns
23:27:17 sim3 id=3 sync offset=-28397735ns
23:27:17 sim4 id=4 sync offset=30917693ns
23:27:17 sim5 id=5 sync offset=-3933474ns
23:27:17 sim6 id=6 sync offset=4917273ns
23:27:17 sim7 id=7 sync offset=38796285ns
23:27:17 sim8 id=8 sync offset=-17390981ns
23:27:17 sim9 id=9 sync offset=34701377ns
23:27:17 sim10 id=10 sync offset=25653208ns
23:27:17 sim11 id=11 sync offset=23329343ns
23:27:17 sim12 id=12 sync offset=37904242ns
23:27:17 sim13 id=13 sync offset=36301773ns
23:27:17 sim14 id=14 sync offset=-8213316ns
23:27:17 sim15 id=15 sync offset=-32157312ns
23:27:17 sim16 id=16 sync offset=-27021568ns
23:27:17 sim17 id=17 sync offset=23984207ns
23:27:17 sim18 id=18 sync offset=695791ns
23:27:17 sim19 id=19 sync offset=19999973ns
23:27:17 sim20 id=20 sync offset=8255614ns
23:27:17 sim21 id=21 sync offset=9031599ns
23:27:17 sim22 id=22 sync offset=26547492ns
23:27:17 sim23 id=23 sync offset=-38796325ns
23:27:17 sim24 id=24 sync offset=34960898ns
23:27:17 sim25 id=25 sync offset=16219697ns
23:27:17 sim26 id=26 sync offset=-7205362ns
23:27:17 sim27 id=27 sync offset=19713153ns
23:27:17 sim28 id=28 sync offset=21035407ns
23:27:17 sim29 id=29 sync offset=-3914016ns
23:27:17 sim30 id=30 sync offset=-3582826ns
23:27:17 sim31 id=31 sync offset=-30746585ns
23:27:17 sim32 id=32 sync offset=35495099ns
23:27:17 sim23 id=23 event m19 fired dev_deadline=610610839922487 fire_mono=610610881181416
23:27:17 sim22 id=22 event m19 fired dev_deadline=610610905268471 fire_mono=610610881200541
23:27:17 sim19 id=19 event m19 fired dev_deadline=610610898732431 fire_mono=610610881212708
23:27:17 sim31 id=31 event m19 fired dev_deadline=610610847963488 fire_mono=610610881218208
23:27:17 sim28 id=28 event m19 fired dev_deadline=610610899759647 fire_mono=610610881223375
23:27:17 sim29 id=29 event m19 fired dev_deadline=610610874812015 fire_mono=610610881229041
23:27:17 sim20 id=20 event m19 fired dev_deadline=610610886988072 fire_mono=610610881234500
23:27:17 sim27 id=27 event m19 fired dev_deadline=610610898432560 fire_mono=610610881239583
23:27:17 sim3 id=3 event m19 fired dev_deadline=610610850327755 fire_mono=610610881244916
23:27:17 sim7 id=7 event m19 fired dev_deadline=610610917528618 fire_mono=610610881249416
23:27:17 sim6 id=6 event m19 fired dev_deadline=610610883647420 fire_mono=610610881254333
23:27:17 sim30 id=30 event m19 fired dev_deadline=610610875137216 fire_mono=610610881258958
23:27:17 sim4 id=4 event m19 fired dev_deadline=610610909643046 fire_mono=610610881264000
23:27:17 sim32 id=32 event m19 fired dev_deadline=610610914205942 fire_mono=610610881270916
23:27:17 sim5 id=5 event m19 fired dev_deadline=610610874789005 fire_mono=610610881275375
23:27:17 sim2 id=2 event m19 fired dev_deadline=610610839370205 fire_mono=610610881279458
23:27:17 sim24 id=24 event m19 fired dev_deadline=610610913693356 fire_mono=610610881285291
23:27:17 sim8 id=8 event m19 fired dev_deadline=610610861341477 fire_mono=610610881291458
23:27:17 sim25 id=25 event m19 fired dev_deadline=610610894944249 fire_mono=610610881297041
23:27:17 sim15 id=15 event m19 fired dev_deadline=610610846575146 fire_mono=610610881322083
23:27:17 sim18 id=18 event m19 fired dev_deadline=610610879428249 fire_mono=610610881333500
23:27:17 sim21 id=21 event m19 fired dev_deadline=610610887764057 fire_mono=610610881341416
23:27:17 sim14 id=14 event m19 fired dev_deadline=610610870519142 fire_mono=610610881347666
23:27:17 sim12 id=12 event m19 fired dev_deadline=610610916636700 fire_mono=610610881353375
23:27:17 sim26 id=26 event m19 fired dev_deadline=610610871519711 fire_mono=610610881360416
23:27:17 sim1 id=1 event m19 fired dev_deadline=610610901160896 fire_mono=610610881365916
23:27:17 sim16 id=16 event m19 fired dev_deadline=610610851710890 fire_mono=610610881371208
23:27:17 sim9 id=9 event m19 fired dev_deadline=610610913433835 fire_mono=610610881376791
23:27:17 sim10 id=10 event m19 fired dev_deadline=610610904385666 fire_mono=610610881381750
23:27:17 sim13 id=13 event m19 fired dev_deadline=610610915034231 fire_mono=610610881387208
23:27:17 sim11 id=11 event m19 fired dev_deadline=610610902061801 fire_mono=610610881393000
23:27:17 sim17 id=17 event m19 fired dev_deadline=610610902716665 fire_mono=610610881397916
23:27:17 sim1 id=1 sync offset=22427896ns
23:27:17 sim2 id=2 sync offset=-39365867ns
23:27:17 sim3 id=3 sync offset=-28401547ns
23:27:17 sim4 id=4 sync offset=30917693ns
23:27:17 sim5 id=5 sync offset=-3933474ns
23:27:17 sim6 id=6 sync offset=4920065ns
23:27:17 sim7 id=7 sync offset=38802806ns
23:27:17 sim8 id=8 sync offset=-17388898ns
23:27:17 sim9 id=9 sync offset=34701377ns
23:27:17 sim10 id=10 sync offset=25653208ns
23:27:17 sim11 id=11 sync offset=23329343ns
23:27:17 sim12 id=12 sync offset=37903825ns
23:27:17 sim13 id=13 sync offset=36301773ns
23:27:17 sim14 id=14 sync offset=-8213316ns
23:27:17 sim15 id=15 sync offset=-32157312ns
23:27:17 sim16 id=16 sync offset=-27021568ns
23:27:17 sim17 id=17 sync offset=23984207ns
23:27:17 sim18 id=18 sync offset=702405ns
23:27:17 sim19 id=19 sync offset=20001327ns
23:27:17 sim20 id=20 sync offset=8255614ns
23:27:17 sim21 id=21 sync offset=9031599ns
23:27:17 sim22 id=22 sync offset=26564033ns
23:27:17 sim23 id=23 sync offset=-38781054ns
23:27:17 sim24 id=24 sync offset=34979929ns
23:27:17 sim25 id=25 sync offset=16228322ns
23:27:17 sim26 id=26 sync offset=-7198529ns
23:27:17 sim27 id=27 sync offset=19720455ns
23:27:17 sim28 id=28 sync offset=21045751ns
23:27:17 sim29 id=29 sync offset=-3902819ns
23:27:17 sim30 id=30 sync offset=-3560211ns
23:27:17 sim31 id=31 sync offset=-30718762ns
23:27:17 sim32 id=32 sync offset=35510287ns
