00:10:15 sim1 id=1 sync_skew=-6789623ns
00:10:15 sim2 id=2 sync_skew=36548288ns
00:10:15 sim3 id=3 sync_skew=23564649ns
00:10:15 sim4 id=4 sync_skew=-3657123ns
00:10:15 sim5 id=5 sync_skew=-16149817ns
00:10:15 sim6 id=6 sync_skew=-11374976ns
00:10:15 sim7 id=7 sync_skew=37379720ns
00:10:15 sim8 id=8 sync_skew=10689930ns
00:10:15 sim9 id=9 sync_skew=666051ns
00:10:15 sim10 id=10 sync_skew=-22691701ns
00:10:15 sim11 id=11 sync_skew=31554240ns
00:10:15 sim12 id=12 sync_skew=-4771677ns
00:10:15 sim13 id=13 sync_skew=-6921922ns
00:10:15 sim14 id=14 sync_skew=-37611173ns
00:10:15 sim15 id=15 sync_skew=9480476ns
00:10:15 sim16 id=16 sync_skew=-34960051ns
00:10:15 sim17 id=17 sync_skew=-17917813ns
00:10:15 sim18 id=18 sync_skew=15383706ns
00:10:15 sim19 id=19 sync_skew=21360965ns
00:10:15 sim20 id=20 sync_skew=-22999859ns
00:10:15 sim21 id=21 sync_skew=-30124620ns
00:10:15 sim22 id=22 sync_skew=-30397833ns
00:10:15 sim23 id=23 sync_skew=-4872017ns
00:10:15 sim24 id=24 sync_skew=-269191ns
00:10:15 sim25 id=25 sync_skew=-11896405ns
00:10:15 sim26 id=26 sync_skew=-39681627ns
00:10:15 sim27 id=27 sync_skew=16243171ns
00:10:15 sim28 id=28 sync_skew=27387681ns
00:10:15 sim29 id=29 sync_skew=-31446859ns
00:10:15 sim30 id=30 sync_skew=35242270ns
00:10:15 sim31 id=31 sync_skew=16691803ns
00:10:15 sim32 id=32 sync_skew=-7932228ns
00:10:15 sim33 id=33 sync_skew=-30382459ns
00:10:15 sim34 id=34 sync_skew=-38043610ns
00:10:15 sim35 id=35 sync_skew=-34104092ns
00:10:15 sim36 id=36 sync_skew=-33026977ns
00:10:15 sim37 id=37 sync_skew=-9380443ns
00:10:15 sim38 id=38 sync_skew=26378029ns
00:10:15 sim39 id=39 sync_skew=-35428317ns
00:10:15 sim40 id=40 sync_skew=-26500717ns
00:10:15 sim41 id=41 sync_skew=-8551510ns
00:10:15 sim42 id=42 sync_skew=37984443ns
00:10:15 sim43 id=43 sync_skew=-25559978ns
00:10:15 sim44 id=44 sync_skew=-28551321ns
00:10:15 sim45 id=45 sync_skew=2810235ns
00:10:15 sim46 id=46 sync_skew=15122666ns
00:10:15 sim47 id=47 sync_skew=5330932ns
00:10:15 sim48 id=48 sync_skew=-36432722ns
00:10:15 sim49 id=49 sync_skew=-31286397ns
00:10:15 sim50 id=50 sync_skew=-4622410ns
00:10:15 sim1 id=1 state=booting
00:10:15 sim2 id=2 state=booting
00:10:15 sim3 id=3 state=booting
00:10:15 sim4 id=4 state=booting
00:10:15 sim5 id=5 state=booting
00:10:15 sim6 id=6 state=booting
00:10:15 sim7 id=7 state=booting
00:10:15 sim8 id=8 state=booting
00:10:15 sim9 id=9 state=booting
00:10:15 sim10 id=10 state=booting
00:10:15 sim11 id=11 state=booting
00:10:15 sim12 id=12 state=booting
00:10:15 sim13 id=13 state=booting
00:10:15 sim14 id=14 state=booting
00:10:15 sim15 id=15 state=booting
00:10:15 sim16 id=16 state=booting
00:10:15 sim17 id=17 state=booting
00:10:15 sim18 id=18 state=booting
00:10:15 sim19 id=19 state=booting
00:10:15 sim20 id=20 state=booting
00:10:15 sim21 id=21 state=booting
00:10:15 sim22 id=22 state=booting
00:10:15 sim23 id=23 state=booting
00:10:15 sim24 id=24 state=booting
00:10:15 sim25 id=25 state=booting
00:10:15 sim26 id=26 state=booting
00:10:15 sim27 id=27 state=booting
00:10:15 sim28 id=28 state=booting
00:10:15 sim29 id=29 state=booting
00:10:15 sim30 id=30 state=booting
00:10:15 sim31 id=31 state=booting
00:10:15 sim32 id=32 state=booting
00:10:15 sim33 id=33 state=booting
00:10:15 sim34 id=34 state=booting
00:10:15 sim35 id=35 state=booting
00:10:15 sim36 id=36 state=booting
00:10:15 sim37 id=37 state=booting
00:10:15 sim38 id=38 state=booting
00:10:15 sim39 id=39 state=booting
00:10:15 sim40 id=40 state=booting
00:10:15 sim41 id=41 state=booting
00:10:15 sim42 id=42 state=booting
00:10:15 sim43 id=43 state=booting
00:10:15 sim44 id=44 state=booting
00:10:15 sim45 id=45 state=booting
00:10:15 sim46 id=46 state=booting
00:10:15 sim47 id=47 state=booting
00:10:15 sim48 id=48 state=booting
00:10:15 sim49 id=49 state=booting
00:10:15 sim50 id=50 state=booting
00:10:16 sim1 id=1 state=running
00:10:16 sim2 id=2 state=running
00:10:16 sim3 id=3 state=running
00:10:16 sim4 id=4 state=running
00:10:16 sim5 id=5 state=running
00:10:16 sim6 id=6 state=running
00:10:16 sim7 id=7 state=running
00:10:16 sim8 id=8 state=running
00:10:16 sim9 id=9 state=running
00:10:16 sim10 id=10 state=running
00:10:16 sim11 id=11 state=running
00:10:16 sim12 id=12 state=running
00:10:16 sim13 id=13 state=running
00:10:16 sim14 id=14 state=running
00:10:16 sim15 id=15 state=running
00:10:16 sim16 id=16 state=running
00:10:16 sim17 id=17 state=running
00:10:16 sim18 id=18 state=running
00:10:16 sim19 id=19 state=running
00:10:16 sim20 id=20 state=running
00:10:16 sim21 id=21 state=running
00:10:16 sim22 id=22 state=running
00:10:16 sim23 id=23 state=running
00:10:16 sim24 id=24 state=running
00:10:16 sim25 id=25 state=running
00:10:16 sim26 id=26 state=running
00:10:16 sim27 id=27 state=running
00:10:16 sim28 id=28 state=running
00:10:16 sim29 id=29 state=running
00:10:16 sim30 id=30 state=running
00:10:16 sim31 id=31 state=running
00:10:16 sim32 id=32 state=running
00:10:16 sim33 id=33 state=running
00:10:16 sim34 id=34 state=running
00:10:16 sim35 id=35 state=running
00:10:16 sim36 id=36 state=running
00:10:16 sim37 id=37 state=running
00:10:16 sim38 id=38 state=running
00:10:16 sim39 id=39 state=running
00:10:16 sim40 id=40 state=running
00:10:16 sim41 id=41 state=running
00:10:16 sim42 id=42 state=running
00:10:16 sim43 id=43 state=running
00:10:16 sim44 id=44 state=running
00:10:16 sim45 id=45 state=running
00:10:16 sim46 id=46 state=running
00:10:16 sim47 id=47 state=running
00:10:16 sim48 id=48 state=running
00:10:16 sim49 id=49 state=running
00:10:16 sim50 id=50 state=running
00:10:17 sim1 id=1 sync offset=-6749978ns
00:10:17 sim2 id=2 sync offset=36579142ns
00:10:17 sim3 id=3 sync offset=23604253ns
00:10:17 sim4 id=4 sync offset=-3616415ns
00:10:17 sim5 id=5 sync offset=-16112004ns
00:10:17 sim6 id=6 sync offset=-11337018ns
00:10:17 sim7 id=7 sync offset=37428522ns
00:10:17 sim8 id=8 sync offset=10740804ns
00:10:17 sim9 id=9 sync offset=713124ns
00:10:17 sim10 id=10 sync offset=-22652201ns
00:10:17 sim11 id=11 sync offset=31582844ns
00:10:17 sim12 id=12 sync offset=-4742635ns
00:10:17 sim13 id=13 sync offset=-6891693ns
00:10:17 sim14 id=14 sync offset=-37577413ns
00:10:17 sim15 id=15 sync offset=9514299ns
00:10:17 sim16 id=16 sync offset=-34923384ns
00:10:17 sim17 id=17 sync offset=-17880303ns
00:10:17 sim18 id=18 sync offset=15422987ns
00:10:17 sim19 id=19 sync offset=21398183ns
00:10:17 sim20 id=20 sync offset=-22957796ns
00:10:17 sim21 id=21 sync offset=-30068725ns
00:10:17 sim22 id=22 sync offset=-30342812ns
00:10:17 sim23 id=23 sync offset=-4814006ns
00:10:17 sim24 id=24 sync offset=-205628ns
00:10:17 sim25 id=25 sync offset=-11829113ns
00:10:17 sim26 id=26 sync offset=-39610742ns
00:10:17 sim27 id=27 sync offset=16324942ns
00:10:17 sim28 id=28 sync offset=27472556ns
00:10:17 sim29 id=29 sync offset=-31440839ns
00:10:17 sim30 id=30 sync offset=35241780ns
00:10:17 sim31 id=31 sync offset=16688813ns
00:10:17 sim32 id=32 sync offset=-7934874ns
00:10:17 sim33 id=33 sync offset=-30391272ns
00:10:17 sim34 id=34 sync offset=-38061037ns
00:10:17 sim35 id=35 sync offset=-34122759ns
00:10:17 sim36 id=36 sync offset=-33047185ns
00:10:17 sim37 id=37 sync offset=-9392860ns
00:10:17 sim38 id=38 sync offset=26373852ns
00:10:17 sim39 id=39 sync offset=-35431817ns
00:10:17 sim40 id=40 sync offset=-26424134ns
00:10:17 sim41 id=41 sync offset=-8450176ns
00:10:17 sim42 id=42 sync offset=38114214ns
00:10:17 sim43 id=43 sync offset=-25389134ns
00:10:17 sim44 id=44 sync offset=-28376853ns
00:10:17 sim45 id=45 sync offset=2989703ns
00:10:17 sim46 id=46 sync offset=15307041ns
00:10:17 sim47 id=47 sync offset=5519130ns
00:10:17 sim48 id=48 sync offset=-36238628ns
00:10:17 sim49 id=49 sync offset=-31086355ns
00:10:17 sim50 id=50 sync offset=-4425191ns
00:10:18 sim1 id=1 sync offset=-6753551ns
00:10:18 sim2 id=2 sync offset=36567444ns
00:10:18 sim3 id=3 sync offset=23600858ns
00:10:18 sim4 id=4 sync offset=-3656457ns
00:10:18 sim5 id=5 sync offset=-16155285ns
00:10:18 sim6 id=6 sync offset=-11382924ns
00:10:18 sim7 id=7 sync offset=37420428ns
00:10:18 sim8 id=8 sync offset=10740804ns
00:10:18 sim9 id=9 sync offset=697613ns
00:10:18 sim10 id=10 sync offset=-22682535ns
00:10:18 sim11 id=11 sync offset=31582844ns
00:10:18 sim12 id=12 sync offset=-4742635ns
00:10:18 sim13 id=13 sync offset=-6891693ns
00:10:18 sim14 id=14 sync offset=-37577413ns
00:10:18 sim15 id=15 sync offset=9514299ns
00:10:18 sim16 id=16 sync offset=-34923384ns
00:10:18 sim17 id=17 sync offset=-17880303ns
00:10:18 sim18 id=18 sync offset=15422987ns
00:10:18 sim19 id=19 sync offset=21398183ns
00:10:18 sim20 id=20 sync offset=-22957796ns
00:10:18 sim21 id=21 sync offset=-30068725ns
00:10:18 sim22 id=22 sync offset=-30342812ns
00:10:18 sim23 id=23 sync offset=-4814006ns
00:10:18 sim24 id=24 sync offset=-205628ns
00:10:18 sim25 id=25 sync offset=-11829113ns
00:10:18 sim26 id=26 sync offset=-39610742ns
00:10:18 sim27 id=27 sync offset=16324942ns
00:10:18 sim28 id=28 sync offset=27472556ns
00:10:18 sim29 id=29 sync offset=-31440839ns
00:10:18 sim30 id=30 sync offset=35300957ns
00:10:18 sim31 id=31 sync offset=16746907ns
00:10:18 sim32 id=32 sync offset=-7872312ns
00:10:18 sim33 id=33 sync offset=-30391272ns
00:10:18 sim34 id=34 sync offset=-38061037ns
00:10:18 sim35 id=35 sync offset=-34122759ns
00:10:18 sim36 id=36 sync offset=-33047185ns
00:10:18 sim37 id=37 sync offset=-9392860ns
00:10:18 sim38 id=38 sync offset=26373852ns
00:10:18 sim39 id=39 sync offset=-35431817ns
00:10:18 sim40 id=40 sync offset=-26424134ns
00:10:18 sim41 id=41 sync offset=-8450176ns
00:10:18 sim42 id=42 sync offset=38114214ns
00:10:18 sim43 id=43 sync offset=-25389134ns
00:10:18 sim44 id=44 sync offset=-28376853ns
00:10:18 sim45 id=45 sync offset=2989703ns
00:10:18 sim46 id=46 sync offset=15307041ns
00:10:18 sim47 id=47 sync offset=5519130ns
00:10:18 sim48 id=48 sync offset=-36238628ns
00:10:18 sim49 id=49 sync offset=-31086355ns
00:10:18 sim50 id=50 sync offset=-4425191ns
00:10:18 sim1 id=1 sync offset=-6757124ns
00:10:18 sim2 id=2 sync offset=36560350ns
00:10:18 sim3 id=3 sync offset=23580222ns
00:10:18 sim4 id=4 sync offset=-3678936ns
00:10:18 sim5 id=5 sync offset=-16177275ns
00:10:18 sim6 id=6 sync offset=-11407122ns
00:10:18 sim7 id=7 sync offset=37389084ns
00:10:18 sim8 id=8 sync offset=10733138ns
00:10:18 sim9 id=9 sync offset=655176ns
00:10:18 sim10 id=10 sync offset=-22716857ns
00:10:18 sim11 id=11 sync offset=31537198ns
00:10:18 sim12 id=12 sync offset=-4790531ns
00:10:18 sim13 id=13 sync offset=-6939443ns
00:10:18 sim14 id=14 sync offset=-37622986ns
00:10:18 sim15 id=15 sync offset=9514299ns
00:10:18 sim16 id=16 sync offset=-34923384ns
00:10:18 sim17 id=17 sync offset=-17880303ns
00:10:18 sim18 id=18 sync offset=15422987ns
00:10:18 sim19 id=19 sync offset=21398183ns
00:10:18 sim20 id=20 sync offset=-22957796ns
00:10:18 sim21 id=21 sync offset=-30068725ns
00:10:18 sim22 id=22 sync offset=-30342812ns
00:10:18 sim23 id=23 sync offset=-4832121ns
00:10:18 sim24 id=24 sync offset=-223649ns
00:10:18 sim25 id=25 sync offset=-11847155ns
00:10:18 sim26 id=26 sync offset=-39628773ns
00:10:18 sim27 id=27 sync offset=16249744ns
00:10:18 sim28 id=28 sync offset=27394962ns
00:10:18 sim29 id=29 sync offset=-31520110ns
00:10:18 sim30 id=30 sync offset=35234134ns
00:10:18 sim31 id=31 sync offset=16680136ns
00:10:18 sim32 id=32 sync offset=-7943280ns
00:10:18 sim33 id=33 sync offset=-30477856ns
00:10:18 sim34 id=34 sync offset=-38158361ns
00:10:18 sim35 id=35 sync offset=-34223239ns
00:10:18 sim36 id=36 sync offset=-33151186ns
00:10:18 sim37 id=37 sync offset=-9517964ns
00:10:18 sim38 id=38 sync offset=26253758ns
00:10:18 sim39 id=39 sync offset=-35553797ns
00:10:18 sim40 id=40 sync offset=-26513738ns
00:10:18 sim41 id=41 sync offset=-8555280ns
00:10:18 sim42 id=42 sync offset=37990828ns
00:10:18 sim43 id=43 sync offset=-25424124ns
00:10:18 sim44 id=44 sync offset=-28413947ns
00:10:18 sim45 id=45 sync offset=2950735ns
00:10:18 sim46 id=46 sync offset=15269270ns
00:10:18 sim47 id=47 sync offset=5481307ns
00:10:18 sim48 id=48 sync offset=-36238628ns
00:10:18 sim49 id=49 sync offset=-31086355ns
00:10:18 sim50 id=50 sync offset=-4425191ns
00:10:19 sim1 id=1 sync offset=-6764185ns
00:10:19 sim2 id=2 sync offset=36558048ns
00:10:19 sim3 id=3 sync offset=23559586ns
00:10:19 sim4 id=4 sync offset=-3687717ns
00:10:19 sim5 id=5 sync offset=-16187921ns
00:10:19 sim6 id=6 sync offset=-11407122ns
00:10:19 sim7 id=7 sync offset=37389084ns
00:10:19 sim8 id=8 sync offset=10733138ns
00:10:19 sim9 id=9 sync offset=612739ns
00:10:19 sim10 id=10 sync offset=-22751180ns
00:10:19 sim11 id=11 sync offset=31516938ns
00:10:19 sim12 id=12 sync offset=-4826875ns
00:10:19 sim13 id=13 sync offset=-6939443ns
00:10:19 sim14 id=14 sync offset=-37622986ns
00:10:19 sim15 id=15 sync offset=9514299ns
00:10:19 sim16 id=16 sync offset=-34923384ns
00:10:19 sim17 id=17 sync offset=-17880303ns
00:10:19 sim18 id=18 sync offset=15422987ns
00:10:19 sim19 id=19 sync offset=21398183ns
00:10:19 sim20 id=20 sync offset=-22957796ns
00:10:19 sim21 id=21 sync offset=-30068725ns
00:10:19 sim22 id=22 sync offset=-30342812ns
00:10:19 sim23 id=23 sync offset=-4832121ns
00:10:19 sim24 id=24 sync offset=-223649ns
00:10:19 sim25 id=25 sync offset=-11847155ns
00:10:19 sim26 id=26 sync offset=-39628773ns
00:10:19 sim27 id=27 sync offset=16249744ns
00:10:19 sim28 id=28 sync offset=27317368ns
00:10:19 sim29 id=29 sync offset=-31539672ns
00:10:19 sim30 id=30 sync offset=35167311ns
00:10:19 sim31 id=31 sync offset=16613365ns
00:10:19 sim32 id=32 sync offset=-8014249ns
00:10:19 sim33 id=33 sync offset=-30497397ns
00:10:19 sim34 id=34 sync offset=-38171277ns
00:10:19 sim35 id=35 sync offset=-34223239ns
00:10:19 sim36 id=36 sync offset=-33151186ns
00:10:19 sim37 id=37 sync offset=-9517964ns
00:10:19 sim38 id=38 sync offset=26253758ns
00:10:19 sim39 id=39 sync offset=-35553797ns
00:10:19 sim40 id=40 sync offset=-26513738ns
00:10:19 sim41 id=41 sync offset=-8555280ns
00:10:19 sim42 id=42 sync offset=37990828ns
00:10:19 sim43 id=43 sync offset=-25424124ns
00:10:19 sim44 id=44 sync offset=-28413947ns
00:10:19 sim45 id=45 sync offset=2950735ns
00:10:19 sim46 id=46 sync offset=15269270ns
00:10:19 sim47 id=47 sync offset=5481307ns
00:10:19 sim48 id=48 sync offset=-36238628ns
00:10:19 sim49 id=49 sync offset=-31086355ns
00:10:19 sim50 id=50 sync offset=-4425191ns
00:10:20 sim1 id=1 sync offset=-6762581ns
00:10:20 sim2 id=2 sync offset=36560350ns
00:10:20 sim3 id=3 sync offset=23569325ns
00:10:20 sim4 id=4 sync offset=-3678936ns
00:10:20 sim5 id=5 sync offset=-16177275ns
00:10:20 sim6 id=6 sync offset=-11417976ns
00:10:20 sim7 id=7 sync offset=37357741ns
00:10:20 sim8 id=8 sync offset=10689346ns
00:10:20 sim9 id=9 sync offset=615436ns
00:10:20 sim10 id=10 sync offset=-22761013ns
00:10:20 sim11 id=11 sync offset=31516938ns
00:10:20 sim12 id=12 sync offset=-4826875ns
00:10:20 sim13 id=13 sync offset=-6939443ns
00:10:20 sim14 id=14 sync offset=-37622986ns
00:10:20 sim15 id=15 sync offset=9514299ns
00:10:20 sim16 id=16 sync offset=-34923384ns
00:10:20 sim17 id=17 sync offset=-17880303ns
00:10:20 sim18 id=18 sync offset=15422987ns
00:10:20 sim19 id=19 sync offset=21398183ns
00:10:20 sim20 id=20 sync offset=-22957796ns
00:10:20 sim21 id=21 sync offset=-30068725ns
00:10:20 sim22 id=22 sync offset=-30342812ns
00:10:20 sim23 id=23 sync offset=-4832121ns
00:10:20 sim24 id=24 sync offset=-223649ns
00:10:20 sim25 id=25 sync offset=-11847155ns
00:10:20 sim26 id=26 sync offset=-39628773ns
00:10:20 sim27 id=27 sync offset=16174546ns
00:10:20 sim28 id=28 sync offset=27317368ns
00:10:20 sim29 id=29 sync offset=-31559235ns
00:10:20 sim30 id=30 sync offset=35148082ns
00:10:20 sim31 id=31 sync offset=16593875ns
00:10:20 sim32 id=32 sync offset=-8014249ns
00:10:20 sim33 id=33 sync offset=-30497397ns
00:10:20 sim34 id=34 sync offset=-38171277ns
00:10:20 sim35 id=35 sync offset=-34223239ns
00:10:20 sim36 id=36 sync offset=-33151186ns
00:10:20 sim37 id=37 sync offset=-9517964ns
00:10:20 sim38 id=38 sync offset=26253758ns
00:10:20 sim39 id=39 sync offset=-35553797ns
00:10:20 sim40 id=40 sync offset=-26513738ns
00:10:20 sim41 id=41 sync offset=-8555280ns
00:10:20 sim42 id=42 sync offset=37990828ns
00:10:20 sim43 id=43 sync offset=-25424124ns
00:10:20 sim44 id=44 sync offset=-28413947ns
00:10:20 sim45 id=45 sync offset=2950735ns
00:10:20 sim46 id=46 sync offset=15269270ns
00:10:20 sim47 id=47 sync offset=5481307ns
00:10:20 sim48 id=48 sync offset=-36238628ns
00:10:20 sim49 id=49 sync offset=-31086355ns
00:10:20 sim50 id=50 sync offset=-4425191ns
00:10:20 sim1 id=1 sync offset=-6762581ns
00:10:20 sim2 id=2 sync offset=36560350ns
00:10:20 sim3 id=3 sync offset=23569325ns
00:10:20 sim4 id=4 sync offset=-3678936ns
00:10:20 sim5 id=5 sync offset=-16177275ns
00:10:20 sim6 id=6 sync offset=-11417976ns
00:10:20 sim7 id=7 sync offset=37357741ns
00:10:20 sim8 id=8 sync offset=10689346ns
00:10:20 sim9 id=9 sync offset=615436ns
00:10:20 sim10 id=10 sync offset=-22761013ns
00:10:20 sim11 id=11 sync offset=31516938ns
00:10:20 sim12 id=12 sync offset=-4826875ns
00:10:20 sim13 id=13 sync offset=-6939443ns
00:10:20 sim14 id=14 sync offset=-37622986ns
00:10:20 sim15 id=15 sync offset=9514299ns
00:10:20 sim16 id=16 sync offset=-34923384ns
00:10:20 sim17 id=17 sync offset=-17880303ns
00:10:20 sim18 id=18 sync offset=15422987ns
00:10:20 sim19 id=19 sync offset=21398183ns
00:10:20 sim20 id=20 sync offset=-22957796ns
00:10:20 sim21 id=21 sync offset=-30068725ns
00:10:20 sim22 id=22 sync offset=-30342812ns
00:10:20 sim23 id=23 sync offset=-4832121ns
00:10:20 sim24 id=24 sync offset=-223649ns
00:10:20 sim25 id=25 sync offset=-11847155ns
00:10:20 sim26 id=26 sync offset=-39628773ns
00:10:20 sim27 id=27 sync offset=16174546ns
00:10:20 sim28 id=28 sync offset=27317368ns
00:10:20 sim29 id=29 sync offset=-31559235ns
00:10:20 sim30 id=30 sync offset=35148082ns
00:10:20 sim31 id=31 sync offset=16593875ns
00:10:20 sim32 id=32 sync offset=-8014249ns
00:10:20 sim33 id=33 sync offset=-30497397ns
00:10:20 sim34 id=34 sync offset=-38171277ns
00:10:20 sim35 id=35 sync offset=-34223239ns
00:10:20 sim36 id=36 sync offset=-33151186ns
00:10:20 sim37 id=37 sync offset=-9517964ns
00:10:20 sim38 id=38 sync offset=26253758ns
00:10:20 sim39 id=39 sync offset=-35553797ns
00:10:20 sim40 id=40 sync offset=-26513738ns
00:10:20 sim41 id=41 sync offset=-8555280ns
00:10:20 sim42 id=42 sync offset=37990828ns
00:10:20 sim43 id=43 sync offset=-25424124ns
00:10:20 sim44 id=44 sync offset=-28413947ns
00:10:20 sim45 id=45 sync offset=2950735ns
00:10:20 sim46 id=46 sync offset=15269270ns
00:10:20 sim47 id=47 sync offset=5481307ns
00:10:20 sim48 id=48 sync offset=-36238628ns
00:10:20 sim49 id=49 sync offset=-31086355ns
00:10:20 sim50 id=50 sync offset=-4425191ns
00:10:21 sim1 id=1 sync offset=-6764185ns
00:10:21 sim2 id=2 sync offset=36560350ns
00:10:21 sim3 id=3 sync offset=23574544ns
00:10:21 sim4 id=4 sync offset=-3674998ns
00:10:21 sim5 id=5 sync offset=-16186911ns
00:10:21 sim6 id=6 sync offset=-11423226ns
00:10:21 sim7 id=7 sync offset=37349709ns
00:10:21 sim8 id=8 sync offset=10645555ns
00:10:21 sim9 id=9 sync offset=612739ns
00:10:21 sim10 id=10 sync offset=-22751180ns
00:10:21 sim11 id=11 sync offset=31516938ns
00:10:21 sim12 id=12 sync offset=-4826875ns
00:10:21 sim13 id=13 sync offset=-6939443ns
00:10:21 sim14 id=14 sync offset=-37622986ns
00:10:21 sim15 id=15 sync offset=9514299ns
00:10:21 sim16 id=16 sync offset=-34923384ns
00:10:21 sim17 id=17 sync offset=-17880303ns
00:10:21 sim18 id=18 sync offset=15422987ns
00:10:21 sim19 id=19 sync offset=21398183ns
00:10:21 sim20 id=20 sync offset=-22957796ns
00:10:21 sim21 id=21 sync offset=-30068725ns
00:10:21 sim22 id=22 sync offset=-30342812ns
00:10:21 sim23 id=23 sync offset=-4832121ns
00:10:21 sim24 id=24 sync offset=-223649ns
00:10:21 sim25 id=25 sync offset=-11847155ns
00:10:21 sim26 id=26 sync offset=-39628773ns
00:10:21 sim27 id=27 sync offset=16174546ns
00:10:21 sim28 id=28 sync offset=27317368ns
00:10:21 sim29 id=29 sync offset=-31559235ns
00:10:21 sim30 id=30 sync offset=35148082ns
00:10:21 sim31 id=31 sync offset=16593875ns
00:10:21 sim32 id=32 sync offset=-8014249ns
00:10:21 sim33 id=33 sync offset=-30497397ns
00:10:21 sim34 id=34 sync offset=-38171277ns
00:10:21 sim35 id=35 sync offset=-34223239ns
00:10:21 sim36 id=36 sync offset=-33151186ns
00:10:21 sim37 id=37 sync offset=-9517964ns
00:10:21 sim38 id=38 sync offset=26253758ns
00:10:21 sim39 id=39 sync offset=-35553797ns
00:10:21 sim40 id=40 sync offset=-26513738ns
00:10:21 sim41 id=41 sync offset=-8555280ns
00:10:21 sim42 id=42 sync offset=37990828ns
00:10:21 sim43 id=43 sync offset=-25424124ns
00:10:21 sim44 id=44 sync offset=-28413947ns
00:10:21 sim45 id=45 sync offset=2950735ns
00:10:21 sim46 id=46 sync offset=15269270ns
00:10:21 sim47 id=47 sync offset=5481307ns
00:10:21 sim48 id=48 sync offset=-36238628ns
00:10:21 sim49 id=49 sync offset=-31086355ns
00:10:21 sim50 id=50 sync offset=-4425191ns
00:10:21 sim1 id=1 sync offset=-6766019ns
00:10:21 sim2 id=2 sync offset=36558048ns
00:10:21 sim3 id=3 sync offset=23567065ns
00:10:21 sim4 id=4 sync offset=-3676967ns
00:10:21 sim5 id=5 sync offset=-16187713ns
00:10:21 sim6 id=6 sync offset=-11420747ns
00:10:21 sim7 id=7 sync offset=37341678ns
00:10:21 sim8 id=8 sync offset=10639242ns
00:10:21 sim9 id=9 sync offset=610082ns
00:10:21 sim10 id=10 sync offset=-22761013ns
00:10:21 sim11 id=11 sync offset=31496678ns
00:10:21 sim12 id=12 sync offset=-4860136ns
00:10:21 sim13 id=13 sync offset=-6974068ns
00:10:21 sim14 id=14 sync offset=-37659798ns
00:10:21 sim15 id=15 sync offset=9471289ns
00:10:21 sim16 id=16 sync offset=-34970613ns
00:10:21 sim17 id=17 sync offset=-17880303ns
00:10:21 sim18 id=18 sync offset=15422987ns
00:10:21 sim19 id=19 sync offset=21398183ns
00:10:21 sim20 id=20 sync offset=-22957796ns
00:10:21 sim21 id=21 sync offset=-30068725ns
00:10:21 sim22 id=22 sync offset=-30342812ns
00:10:21 sim23 id=23 sync offset=-4832121ns
00:10:21 sim24 id=24 sync offset=-223649ns
00:10:21 sim25 id=25 sync offset=-11847155ns
00:10:21 sim26 id=26 sync offset=-39628773ns
00:10:21 sim27 id=27 sync offset=16139067ns
00:10:21 sim28 id=28 sync offset=27296493ns
00:10:21 sim29 id=29 sync offset=-31593588ns
00:10:21 sim30 id=30 sync offset=35128853ns
00:10:21 sim31 id=31 sync offset=16574386ns
00:10:21 sim32 id=32 sync offset=-8030853ns
00:10:21 sim33 id=33 sync offset=-30516938ns
00:10:21 sim34 id=34 sync offset=-38184193ns
00:10:21 sim35 id=35 sync offset=-34242717ns
00:10:21 sim36 id=36 sync offset=-33168769ns
00:10:21 sim37 id=37 sync offset=-9530557ns
00:10:21 sim38 id=38 sync offset=26233237ns
00:10:21 sim39 id=39 sync offset=-35575317ns
00:10:21 sim40 id=40 sync offset=-26603343ns
00:10:21 sim41 id=41 sync offset=-8660385ns
00:10:21 sim42 id=42 sync offset=37867442ns
00:10:21 sim43 id=43 sync offset=-25576426ns
00:10:21 sim44 id=44 sync offset=-28569269ns
00:10:21 sim45 id=45 sync offset=2792183ns
00:10:21 sim46 id=46 sync offset=15105676ns
00:10:21 sim47 id=47 sync offset=5315827ns
00:10:21 sim48 id=48 sync offset=-36278993ns
00:10:21 sim49 id=49 sync offset=-31125606ns
00:10:21 sim50 id=50 sync offset=-4470847ns
00:10:22 sim1 id=1 sync offset=-6764185ns
00:10:22 sim2 id=2 sync offset=36555746ns
00:10:22 sim3 id=3 sync offset=23559586ns
00:10:22 sim4 id=4 sync offset=-3678936ns
00:10:22 sim5 id=5 sync offset=-16182494ns
00:10:22 sim6 id=6 sync offset=-11418268ns
00:10:22 sim7 id=7 sync offset=37349709ns
00:10:22 sim8 id=8 sync offset=10645555ns
00:10:22 sim9 id=9 sync offset=612739ns
00:10:22 sim10 id=10 sync offset=-22751180ns
00:10:22 sim11 id=11 sync offset=31513407ns
00:10:22 sim12 id=12 sync offset=-4825333ns
00:10:22 sim13 id=13 sync offset=-6939443ns
00:10:22 sim14 id=14 sync offset=-37627424ns
00:10:22 sim15 id=15 sync offset=9462445ns
00:10:22 sim16 id=16 sync offset=-34983134ns
00:10:22 sim17 id=17 sync offset=-17880303ns
00:10:22 sim18 id=18 sync offset=15422987ns
00:10:22 sim19 id=19 sync offset=21398183ns
00:10:22 sim20 id=20 sync offset=-22957796ns
00:10:22 sim21 id=21 sync offset=-30068725ns
00:10:22 sim22 id=22 sync offset=-30342812ns
00:10:22 sim23 id=23 sync offset=-4832121ns
00:10:22 sim24 id=24 sync offset=-223649ns
00:10:22 sim25 id=25 sync offset=-11847155ns
00:10:22 sim26 id=26 sync offset=-39628773ns
00:10:22 sim27 id=27 sync offset=16139067ns
00:10:22 sim28 id=28 sync offset=27296493ns
00:10:22 sim29 id=29 sync offset=-31593588ns
00:10:22 sim30 id=30 sync offset=35128853ns
00:10:22 sim31 id=31 sync offset=16574386ns
00:10:22 sim32 id=32 sync offset=-8030853ns
00:10:22 sim33 id=33 sync offset=-30516938ns
00:10:22 sim34 id=34 sync offset=-38184193ns
00:10:22 sim35 id=35 sync offset=-34242717ns
00:10:22 sim36 id=36 sync offset=-33168769ns
00:10:22 sim37 id=37 sync offset=-9530557ns
00:10:22 sim38 id=38 sync offset=26233237ns
00:10:22 sim39 id=39 sync offset=-35575317ns
00:10:22 sim40 id=40 sync offset=-26603343ns
00:10:22 sim41 id=41 sync offset=-8660385ns
00:10:22 sim42 id=42 sync offset=37867442ns
00:10:22 sim43 id=43 sync offset=-25576426ns
00:10:22 sim44 id=44 sync offset=-28569269ns
00:10:22 sim45 id=45 sync offset=2792183ns
00:10:22 sim46 id=46 sync offset=15105676ns
00:10:22 sim47 id=47 sync offset=5315827ns
00:10:22 sim48 id=48 sync offset=-36278993ns
00:10:22 sim49 id=49 sync offset=-31125606ns
00:10:22 sim50 id=50 sync offset=-4470847ns
00:10:22 sim1 id=1 sync offset=-6766019ns
00:10:22 sim2 id=2 sync offset=36554735ns
00:10:22 sim3 id=3 sync offset=23556701ns
00:10:22 sim4 id=4 sync offset=-3679780ns
00:10:22 sim5 id=5 sync offset=-16187713ns
00:10:22 sim6 id=6 sync offset=-11420747ns
00:10:22 sim7 id=7 sync offset=37349709ns
00:10:22 sim8 id=8 sync offset=10645555ns
00:10:22 sim9 id=9 sync offset=612739ns
00:10:22 sim10 id=10 sync offset=-22751180ns
00:10:22 sim11 id=11 sync offset=31513407ns
00:10:22 sim12 id=12 sync offset=-4825333ns
00:10:22 sim13 id=13 sync offset=-6939443ns
00:10:22 sim14 id=14 sync offset=-37627424ns
00:10:22 sim15 id=15 sync offset=9462445ns
00:10:22 sim16 id=16 sync offset=-34983134ns
00:10:22 sim17 id=17 sync offset=-17880303ns
00:10:22 sim18 id=18 sync offset=15422987ns
00:10:22 sim19 id=19 sync offset=21398183ns
00:10:22 sim20 id=20 sync offset=-22957796ns
00:10:22 sim21 id=21 sync offset=-30068725ns
00:10:22 sim22 id=22 sync offset=-30342812ns
00:10:22 sim23 id=23 sync offset=-4832121ns
00:10:22 sim24 id=24 sync offset=-223649ns
00:10:22 sim25 id=25 sync offset=-11847155ns
00:10:22 sim26 id=26 sync offset=-39628773ns
00:10:22 sim27 id=27 sync offset=16139067ns
00:10:22 sim28 id=28 sync offset=27296493ns
00:10:22 sim29 id=29 sync offset=-31593588ns
00:10:22 sim30 id=30 sync offset=35128853ns
00:10:22 sim31 id=31 sync offset=16574386ns
00:10:22 sim32 id=32 sync offset=-8030853ns
00:10:22 sim33 id=33 sync offset=-30516938ns
00:10:22 sim34 id=34 sync offset=-38184193ns
00:10:22 sim35 id=35 sync offset=-34242717ns
00:10:22 sim36 id=36 sync offset=-33168769ns
00:10:22 sim37 id=37 sync offset=-9530557ns
00:10:22 sim38 id=38 sync offset=26233237ns
00:10:22 sim39 id=39 sync offset=-35575317ns
00:10:22 sim40 id=40 sync offset=-26603343ns
00:10:22 sim41 id=41 sync offset=-8660385ns
00:10:22 sim42 id=42 sync offset=37867442ns
00:10:22 sim43 id=43 sync offset=-25576426ns
00:10:22 sim44 id=44 sync offset=-28569269ns
00:10:22 sim45 id=45 sync offset=2792183ns
00:10:22 sim46 id=46 sync offset=15105676ns
00:10:22 sim47 id=47 sync offset=5315827ns
00:10:22 sim48 id=48 sync offset=-36278993ns
00:10:22 sim49 id=49 sync offset=-31125606ns
00:10:22 sim50 id=50 sync offset=-4470847ns
00:10:23 sim1 id=1 sync offset=-6767853ns
00:10:23 sim2 id=2 sync offset=36553725ns
00:10:23 sim3 id=3 sync offset=23556940ns
00:10:23 sim4 id=4 sync offset=-3678936ns
00:10:23 sim5 id=5 sync offset=-16182494ns
00:10:23 sim6 id=6 sync offset=-11418268ns
00:10:23 sim7 id=7 sync offset=37341678ns
00:10:23 sim8 id=8 sync offset=10640190ns
00:10:23 sim9 id=9 sync offset=610082ns
00:10:23 sim10 id=10 sync offset=-22755899ns
00:10:23 sim11 id=11 sync offset=31496678ns
00:10:23 sim12 id=12 sync offset=-4843885ns
00:10:23 sim13 id=13 sync offset=-6974068ns
00:10:23 sim14 id=14 sync offset=-37662017ns
00:10:23 sim15 id=15 sync offset=9453601ns
00:10:23 sim16 id=16 sync offset=-34995655ns
00:10:23 sim17 id=17 sync offset=-17929918ns
00:10:23 sim18 id=18 sync offset=15372726ns
00:10:23 sim19 id=19 sync offset=21345048ns
00:10:23 sim20 id=20 sync offset=-23013838ns
00:10:23 sim21 id=21 sync offset=-30107496ns
00:10:23 sim22 id=22 sync offset=-30369271ns
00:10:23 sim23 id=23 sync offset=-4892142ns
00:10:23 sim24 id=24 sync offset=-283878ns
00:10:23 sim25 id=25 sync offset=-11906718ns
00:10:23 sim26 id=26 sync offset=-39690127ns
00:10:23 sim27 id=27 sync offset=16171712ns
00:10:23 sim28 id=28 sync offset=27313701ns
00:10:23 sim29 id=29 sync offset=-31559235ns
00:10:23 sim30 id=30 sync offset=35124509ns
00:10:23 sim31 id=31 sync offset=16569427ns
00:10:23 sim32 id=32 sync offset=-8047458ns
00:10:23 sim33 id=33 sync offset=-30518438ns
00:10:23 sim34 id=34 sync offset=-38184110ns
00:10:23 sim35 id=35 sync offset=-34262196ns
00:10:23 sim36 id=36 sync offset=-33186352ns
00:10:23 sim37 id=37 sync offset=-9543151ns
00:10:23 sim38 id=38 sync offset=26212716ns
00:10:23 sim39 id=39 sync offset=-35596838ns
00:10:23 sim40 id=40 sync offset=-26636811ns
00:10:23 sim41 id=41 sync offset=-8692322ns
00:10:23 sim42 id=42 sync offset=37841088ns
00:10:23 sim43 id=43 sync offset=-25728728ns
00:10:23 sim44 id=44 sync offset=-28724592ns
00:10:23 sim45 id=45 sync offset=2633631ns
00:10:23 sim46 id=46 sync offset=14942083ns
00:10:23 sim47 id=47 sync offset=5150348ns
00:10:23 sim48 id=48 sync offset=-36473535ns
00:10:23 sim49 id=49 sync offset=-31324491ns
00:10:23 sim50 id=50 sync offset=-4664274ns
00:10:23 sim1 id=1 sync offset=-6768811ns
00:10:23 sim2 id=2 sync offset=36554735ns
00:10:23 sim3 id=3 sync offset=23558263ns
00:10:23 sim4 id=4 sync offset=-3676967ns
00:10:23 sim5 id=5 sync offset=-16177275ns
00:10:23 sim6 id=6 sync offset=-11412695ns
00:10:23 sim7 id=7 sync offset=37349709ns
00:10:23 sim8 id=8 sync offset=10645555ns
00:10:23 sim9 id=9 sync offset=612739ns
00:10:23 sim10 id=10 sync offset=-22751180ns
00:10:23 sim11 id=11 sync offset=31513407ns
00:10:23 sim12 id=12 sync offset=-4817208ns
00:10:23 sim13 id=13 sync offset=-6939443ns
00:10:23 sim14 id=14 sync offset=-37627424ns
00:10:23 sim15 id=15 sync offset=9462445ns
00:10:23 sim16 id=16 sync offset=-34983134ns
00:10:23 sim17 id=17 sync offset=-17894324ns
00:10:23 sim18 id=18 sync offset=15405403ns
00:10:23 sim19 id=19 sync offset=21375121ns
00:10:23 sim20 id=20 sync offset=-22985859ns
00:10:23 sim21 id=21 sync offset=-30096568ns
00:10:23 sim22 id=22 sync offset=-30374479ns
00:10:23 sim23 id=23 sync offset=-4862892ns
00:10:23 sim24 id=24 sync offset=-264316ns
00:10:23 sim25 id=25 sync offset=-11896280ns
00:10:23 sim26 id=26 sync offset=-39742377ns
00:10:23 sim27 id=27 sync offset=16171712ns
00:10:23 sim28 id=28 sync offset=27294660ns
00:10:23 sim29 id=29 sync offset=-31575380ns
00:10:23 sim30 id=30 sync offset=35120165ns
00:10:23 sim31 id=31 sync offset=16564469ns
00:10:23 sim32 id=32 sync offset=-8056718ns
00:10:23 sim33 id=33 sync offset=-30519938ns
00:10:23 sim34 id=34 sync offset=-38184193ns
00:10:23 sim35 id=35 sync offset=-34263644ns
00:10:23 sim36 id=36 sync offset=-33194820ns
00:10:23 sim37 id=37 sync offset=-9552776ns
00:10:23 sim38 id=38 sync offset=26204903ns
00:10:23 sim39 id=39 sync offset=-35603619ns
00:10:23 sim40 id=40 sync offset=-26670279ns
00:10:23 sim41 id=41 sync offset=-8724093ns
00:10:23 sim42 id=42 sync offset=37867442ns
00:10:23 sim43 id=43 sync offset=-25671311ns
00:10:23 sim44 id=44 sync offset=-28661560ns
00:10:23 sim45 id=45 sync offset=2697505ns
00:10:23 sim46 id=46 sync offset=15007270ns
00:10:23 sim47 id=47 sync offset=5214952ns
00:10:23 sim48 id=48 sync offset=-36489951ns
00:10:23 sim49 id=49 sync offset=-31327543ns
00:10:23 sim50 id=50 sync offset=-4664764ns
00:10:24 sim1 id=1 sync offset=-6769769ns
00:10:24 sim2 id=2 sync offset=36555683ns
00:10:24 sim3 id=3 sync offset=23559586ns
00:10:24 sim4 id=4 sync offset=-3674998ns
00:10:24 sim5 id=5 sync offset=-16175233ns
00:10:24 sim6 id=6 sync offset=-11407122ns
00:10:24 sim7 id=7 sync offset=37357741ns
00:10:24 sim8 id=8 sync offset=10660159ns
00:10:24 sim9 id=9 sync offset=615436ns
00:10:24 sim10 id=10 sync offset=-22745659ns
00:10:24 sim11 id=11 sync offset=31530136ns
00:10:24 sim12 id=12 sync offset=-4790531ns
00:10:24 sim13 id=13 sync offset=-6939255ns
00:10:24 sim14 id=14 sync offset=-37625205ns
00:10:24 sim15 id=15 sync offset=9471289ns
00:10:24 sim16 id=16 sync offset=-34983134ns
00:10:24 sim17 id=17 sync offset=-17894324ns
00:10:24 sim18 id=18 sync offset=15405403ns
00:10:24 sim19 id=19 sync offset=21375121ns
00:10:24 sim20 id=20 sync offset=-22985859ns
00:10:24 sim21 id=21 sync offset=-30096568ns
00:10:24 sim22 id=22 sync offset=-30374479ns
00:10:24 sim23 id=23 sync offset=-4862892ns
00:10:24 sim24 id=24 sync offset=-264316ns
00:10:24 sim25 id=25 sync offset=-11896280ns
00:10:24 sim26 id=26 sync offset=-39742377ns
00:10:24 sim27 id=27 sync offset=16171712ns
00:10:24 sim28 id=28 sync offset=27313701ns
00:10:24 sim29 id=29 sync offset=-31559235ns
00:10:24 sim30 id=30 sync offset=35124509ns
00:10:24 sim31 id=31 sync offset=16569427ns
00:10:24 sim32 id=32 sync offset=-8047458ns
00:10:24 sim33 id=33 sync offset=-30518438ns
00:10:24 sim34 id=34 sync offset=-38184110ns
00:10:24 sim35 id=35 sync offset=-34262196ns
00:10:24 sim36 id=36 sync offset=-33186352ns
00:10:24 sim37 id=37 sync offset=-9543151ns
00:10:24 sim38 id=38 sync offset=26212716ns
00:10:24 sim39 id=39 sync offset=-35596838ns
00:10:24 sim40 id=40 sync offset=-26636811ns
00:10:24 sim41 id=41 sync offset=-8692239ns
00:10:24 sim42 id=42 sync offset=37867442ns
00:10:24 sim43 id=43 sync offset=-25671311ns
00:10:24 sim44 id=44 sync offset=-28661560ns
00:10:24 sim45 id=45 sync offset=2697505ns
00:10:24 sim46 id=46 sync offset=15007270ns
00:10:24 sim47 id=47 sync offset=5214952ns
00:10:24 sim48 id=48 sync offset=-36489951ns
00:10:24 sim49 id=49 sync offset=-31327543ns
00:10:24 sim50 id=50 sync offset=-4664764ns
00:10:24 sim1 id=1 sync offset=-6768811ns
00:10:24 sim2 id=2 sync offset=36555714ns
00:10:24 sim3 id=3 sync offset=23561711ns
00:10:24 sim4 id=4 sync offset=-3670081ns
00:10:24 sim5 id=5 sync offset=-16173192ns
00:10:24 sim6 id=6 sync offset=-11401924ns
00:10:24 sim7 id=7 sync offset=37359438ns
00:10:24 sim8 id=8 sync offset=10660972ns
00:10:24 sim9 id=9 sync offset=612739ns
00:10:24 sim10 id=10 sync offset=-22751180ns
00:10:24 sim11 id=11 sync offset=31513407ns
00:10:24 sim12 id=12 sync offset=-4817208ns
00:10:24 sim13 id=13 sync offset=-6939443ns
00:10:24 sim14 id=14 sync offset=-37625205ns
00:10:24 sim15 id=15 sync offset=9462445ns
00:10:24 sim16 id=16 sync offset=-34983134ns
00:10:24 sim17 id=17 sync offset=-17894324ns
00:10:24 sim18 id=18 sync offset=15405403ns
00:10:24 sim19 id=19 sync offset=21375121ns
00:10:24 sim20 id=20 sync offset=-22985859ns
00:10:24 sim21 id=21 sync offset=-30096568ns
00:10:24 sim22 id=22 sync offset=-30379687ns
00:10:24 sim23 id=23 sync offset=-4875277ns
00:10:24 sim24 id=24 sync offset=-263649ns
00:10:24 sim25 id=25 sync offset=-11893895ns
00:10:24 sim26 id=26 sync offset=-39711210ns
00:10:24 sim27 id=27 sync offset=16173129ns
00:10:24 sim28 id=28 sync offset=27315534ns
00:10:24 sim29 id=29 sync offset=-31556172ns
00:10:24 sim30 id=30 sync offset=35128853ns
00:10:24 sim31 id=31 sync offset=16574386ns
00:10:24 sim32 id=32 sync offset=-8030853ns
00:10:24 sim33 id=33 sync offset=-30516938ns
00:10:24 sim34 id=34 sync offset=-38184027ns
00:10:24 sim35 id=35 sync offset=-34242717ns
00:10:24 sim36 id=36 sync offset=-33168769ns
00:10:24 sim37 id=37 sync offset=-9530557ns
00:10:24 sim38 id=38 sync offset=26233237ns
00:10:24 sim39 id=39 sync offset=-35575317ns
00:10:24 sim40 id=40 sync offset=-26603343ns
00:10:24 sim41 id=41 sync offset=-8660385ns
00:10:24 sim42 id=42 sync offset=37880276ns
00:10:24 sim43 id=43 sync offset=-25671311ns
00:10:24 sim44 id=44 sync offset=-28661560ns
00:10:24 sim45 id=45 sync offset=2697505ns
00:10:24 sim46 id=46 sync offset=15007270ns
00:10:24 sim47 id=47 sync offset=5214952ns
00:10:24 sim48 id=48 sync offset=-36489951ns
00:10:24 sim49 id=49 sync offset=-31327543ns
00:10:24 sim50 id=50 sync offset=-4664764ns
00:10:25 sim1 id=1 sync offset=-6769769ns
00:10:25 sim2 id=2 sync offset=36555683ns
00:10:25 sim3 id=3 sync offset=23558263ns
00:10:25 sim4 id=4 sync offset=-3672206ns
00:10:25 sim5 id=5 sync offset=-16175755ns
00:10:25 sim6 id=6 sync offset=-11407861ns
00:10:25 sim7 id=7 sync offset=37357741ns
00:10:25 sim8 id=8 sync offset=10653263ns
00:10:25 sim9 id=9 sync offset=611978ns
00:10:25 sim10 id=10 sync offset=-22755899ns
00:10:25 sim11 id=11 sync offset=31472136ns
00:10:25 sim12 id=12 sync offset=-4863136ns
00:10:25 sim13 id=13 sync offset=-7009589ns
00:10:25 sim14 id=14 sync offset=-37697986ns
00:10:25 sim15 id=15 sync offset=9376934ns
00:10:25 sim16 id=16 sync offset=-35064093ns
00:10:25 sim17 id=17 sync offset=-18016563ns
00:10:25 sim18 id=18 sync offset=15276455ns
00:10:25 sim19 id=19 sync offset=21254162ns
00:10:25 sim20 id=20 sync offset=-23096442ns
00:10:25 sim21 id=21 sync offset=-30217318ns
00:10:25 sim22 id=22 sync offset=-30486562ns
00:10:25 sim23 id=23 sync offset=-4954079ns
00:10:25 sim24 id=24 sync offset=-350003ns
00:10:25 sim25 id=25 sync offset=-11966281ns
00:10:25 sim26 id=26 sync offset=-39751481ns
00:10:25 sim27 id=27 sync offset=16171712ns
00:10:25 sim28 id=28 sync offset=27313701ns
00:10:25 sim29 id=29 sync offset=-31556172ns
00:10:25 sim30 id=30 sync offset=35128853ns
00:10:25 sim31 id=31 sync offset=16574386ns
00:10:25 sim32 id=32 sync offset=-8030853ns
00:10:25 sim33 id=33 sync offset=-30516938ns
00:10:25 sim34 id=34 sync offset=-38184027ns
00:10:25 sim35 id=35 sync offset=-34242717ns
00:10:25 sim36 id=36 sync offset=-33168769ns
00:10:25 sim37 id=37 sync offset=-9530557ns
00:10:25 sim38 id=38 sync offset=26233237ns
00:10:25 sim39 id=39 sync offset=-35575317ns
00:10:25 sim40 id=40 sync offset=-26636811ns
00:10:25 sim41 id=41 sync offset=-8692239ns
00:10:25 sim42 id=42 sync offset=37867442ns
00:10:25 sim43 id=43 sync offset=-25728728ns
00:10:25 sim44 id=44 sync offset=-28724592ns
00:10:25 sim45 id=45 sync offset=2633631ns
00:10:25 sim46 id=46 sync offset=14942083ns
00:10:25 sim47 id=47 sync offset=5150348ns
00:10:25 sim48 id=48 sync offset=-36579014ns
00:10:25 sim49 id=49 sync offset=-31425459ns
00:10:25 sim50 id=50 sync offset=-4761233ns
00:10:25 sim1 id=1 sync offset=-6770466ns
00:10:25 sim2 id=2 sync offset=36554704ns
00:10:25 sim3 id=3 sync offset=23556940ns
00:10:25 sim4 id=4 sync offset=-3674998ns
00:10:25 sim5 id=5 sync offset=-16176515ns
00:10:25 sim6 id=6 sync offset=-11413434ns
00:10:25 sim7 id=7 sync offset=37334448ns
00:10:25 sim8 id=8 sync offset=10633877ns
00:10:25 sim9 id=9 sync offset=609321ns
00:10:25 sim10 id=10 sync offset=-22760618ns
00:10:25 sim11 id=11 sync offset=31460823ns
00:10:25 sim12 id=12 sync offset=-4863219ns
00:10:25 sim13 id=13 sync offset=-7010338ns
00:10:25 sim14 id=14 sync offset=-37709695ns
00:10:25 sim15 id=15 sync offset=9371039ns
00:10:25 sim16 id=16 sync offset=-35070551ns
00:10:25 sim17 id=17 sync offset=-18034709ns
00:10:25 sim18 id=18 sync offset=15265789ns
00:10:25 sim19 id=19 sync offset=21238027ns
00:10:25 sim20 id=20 sync offset=-23111599ns
00:10:25 sim21 id=21 sync offset=-30227516ns
00:10:25 sim22 id=22 sync offset=-30490604ns
00:10:25 sim23 id=23 sync offset=-4977017ns
00:10:25 sim24 id=24 sync offset=-383629ns
00:10:25 sim25 id=25 sync offset=-12032739ns
00:10:25 sim26 id=26 sync offset=-39829044ns
00:10:25 sim27 id=27 sync offset=16103588ns
00:10:25 sim28 id=28 sync offset=27251264ns
00:10:25 sim29 id=29 sync offset=-31604161ns
00:10:25 sim30 id=30 sync offset=35080072ns
00:10:25 sim31 id=31 sync offset=16525522ns
00:10:25 sim32 id=32 sync offset=-8080978ns
00:10:25 sim33 id=33 sync offset=-30544709ns
00:10:25 sim34 id=34 sync offset=-38212204ns
00:10:25 sim35 id=35 sync offset=-34275769ns
00:10:25 sim36 id=36 sync offset=-33203852ns
00:10:25 sim37 id=37 sync offset=-9562661ns
00:10:25 sim38 id=38 sync offset=26187872ns
00:10:25 sim39 id=39 sync offset=-35625952ns
00:10:25 sim40 id=40 sync offset=-26702446ns
00:10:25 sim41 id=41 sync offset=-8753697ns
00:10:25 sim42 id=42 sync offset=37779328ns
00:10:25 sim43 id=43 sync offset=-25795374ns
00:10:25 sim44 id=44 sync offset=-28790915ns
00:10:25 sim45 id=45 sync offset=2567068ns
00:10:25 sim46 id=46 sync offset=14881676ns
00:10:25 sim47 id=47 sync offset=5093432ns
00:10:25 sim48 id=48 sync offset=-36669378ns
00:10:25 sim49 id=49 sync offset=-31513303ns
00:10:25 sim50 id=50 sync offset=-4844598ns
00:10:26 sim1 id=1 sync offset=-6768811ns
00:10:26 sim2 id=2 sync offset=36552913ns
00:10:26 sim3 id=3 sync offset=23556940ns
00:10:26 sim4 id=4 sync offset=-3676967ns
00:10:26 sim5 id=5 sync offset=-16176515ns
00:10:26 sim6 id=6 sync offset=-11413434ns
00:10:26 sim7 id=7 sync offset=37334448ns
00:10:26 sim8 id=8 sync offset=10632930ns
00:10:26 sim9 id=9 sync offset=607426ns
00:10:26 sim10 id=10 sync offset=-22764618ns
00:10:26 sim11 id=11 sync offset=31464708ns
00:10:26 sim12 id=12 sync offset=-4877406ns
00:10:26 sim13 id=13 sync offset=-7023484ns
00:10:26 sim14 id=14 sync offset=-37717944ns
00:10:26 sim15 id=15 sync offset=9368621ns
00:10:26 sim16 id=16 sync offset=-35079197ns
00:10:26 sim17 id=17 sync offset=-18035063ns
00:10:26 sim18 id=18 sync offset=15264257ns
00:10:26 sim19 id=19 sync offset=21237673ns
00:10:26 sim20 id=20 sync offset=-23125162ns
00:10:26 sim21 id=21 sync offset=-30241016ns
00:10:26 sim22 id=22 sync offset=-30527187ns
00:10:26 sim23 id=23 sync offset=-5004621ns
00:10:26 sim24 id=24 sync offset=-404628ns
00:10:26 sim25 id=25 sync offset=-12032739ns
00:10:26 sim26 id=26 sync offset=-39829044ns
00:10:26 sim27 id=27 sync offset=16103588ns
00:10:26 sim28 id=28 sync offset=27251264ns
00:10:26 sim29 id=29 sync offset=-31604161ns
00:10:26 sim30 id=30 sync offset=35080072ns
00:10:26 sim31 id=31 sync offset=16525522ns
00:10:26 sim32 id=32 sync offset=-8080978ns
00:10:26 sim33 id=33 sync offset=-30544709ns
00:10:26 sim34 id=34 sync offset=-38212204ns
00:10:26 sim35 id=35 sync offset=-34275769ns
00:10:26 sim36 id=36 sync offset=-33203852ns
00:10:26 sim37 id=37 sync offset=-9562661ns
00:10:26 sim38 id=38 sync offset=26187872ns
00:10:26 sim39 id=39 sync offset=-35625952ns
00:10:26 sim40 id=40 sync offset=-26702446ns
00:10:26 sim41 id=41 sync offset=-8753697ns
00:10:26 sim42 id=42 sync offset=37779328ns
00:10:26 sim43 id=43 sync offset=-25795374ns
00:10:26 sim44 id=44 sync offset=-28790915ns
00:10:26 sim45 id=45 sync offset=2578360ns
00:10:26 sim46 id=46 sync offset=14892166ns
00:10:26 sim47 id=47 sync offset=5095828ns
00:10:26 sim48 id=48 sync offset=-36668077ns
00:10:26 sim49 id=49 sync offset=-31513303ns
00:10:26 sim50 id=50 sync offset=-4844598ns
00:10:26 sim1 id=1 sync offset=-6768123ns
00:10:26 sim2 id=2 sync offset=36554704ns
00:10:26 sim3 id=3 sync offset=23558263ns
00:10:26 sim4 id=4 sync offset=-3674998ns
00:10:26 sim5 id=5 sync offset=-16175755ns
00:10:26 sim6 id=6 sync offset=-11413434ns
00:10:26 sim7 id=7 sync offset=37329615ns
00:10:26 sim8 id=8 sync offset=10633877ns
00:10:26 sim9 id=9 sync offset=609321ns
00:10:26 sim10 id=10 sync offset=-22760618ns
00:10:26 sim11 id=11 sync offset=31464708ns
00:10:26 sim12 id=12 sync offset=-4877406ns
00:10:26 sim13 id=13 sync offset=-7023484ns
00:10:26 sim14 id=14 sync offset=-37722069ns
00:10:26 sim15 id=15 sync offset=9353663ns
00:10:26 sim16 id=16 sync offset=-35086030ns
00:10:26 sim17 id=17 sync offset=-18035063ns
00:10:26 sim18 id=18 sync offset=15264257ns
00:10:26 sim19 id=19 sync offset=21236861ns
00:10:26 sim20 id=20 sync offset=-23127495ns
00:10:26 sim21 id=21 sync offset=-30255725ns
00:10:26 sim22 id=22 sync offset=-30534896ns
00:10:26 sim23 id=23 sync offset=-5006767ns
00:10:26 sim24 id=24 sync offset=-407920ns
00:10:26 sim25 id=25 sync offset=-12046863ns
00:10:26 sim26 id=26 sync offset=-39842898ns
00:10:26 sim27 id=27 sync offset=16086545ns
00:10:26 sim28 id=28 sync offset=27212160ns
00:10:26 sim29 id=29 sync offset=-31622369ns
00:10:26 sim30 id=30 sync offset=35065968ns
00:10:26 sim31 id=31 sync offset=16515074ns
00:10:26 sim32 id=32 sync offset=-8102332ns
00:10:26 sim33 id=33 sync offset=-30555855ns
00:10:26 sim34 id=34 sync offset=-38218256ns
00:10:26 sim35 id=35 sync offset=-34281155ns
00:10:26 sim36 id=36 sync offset=-33206165ns
00:10:26 sim37 id=37 sync offset=-9570172ns
00:10:26 sim38 id=38 sync offset=26170685ns
00:10:26 sim39 id=39 sync offset=-35647525ns
00:10:26 sim40 id=40 sync offset=-26717102ns
00:10:26 sim41 id=41 sync offset=-8780593ns
00:10:26 sim42 id=42 sync offset=37749672ns
00:10:26 sim43 id=43 sync offset=-25810686ns
00:10:26 sim44 id=44 sync offset=-28806384ns
00:10:26 sim45 id=45 sync offset=2555777ns
00:10:26 sim46 id=46 sync offset=14871186ns
00:10:26 sim47 id=47 sync offset=5091036ns
00:10:26 sim48 id=48 sync offset=-36670680ns
00:10:26 sim49 id=49 sync offset=-31524563ns
00:10:26 sim50 id=50 sync offset=-4860993ns
00:10:27 sim1 id=1 sync offset=-6768946ns
00:10:27 sim2 id=2 sync offset=36553725ns
00:10:27 sim3 id=3 sync offset=23555378ns
00:10:27 sim4 id=4 sync offset=-3674998ns
00:10:27 sim5 id=5 sync offset=-16173192ns
00:10:27 sim6 id=6 sync offset=-11413434ns
00:10:27 sim7 id=7 sync offset=37329615ns
00:10:27 sim8 id=8 sync offset=10633877ns
00:10:27 sim9 id=9 sync offset=609321ns
00:10:27 sim10 id=10 sync offset=-22760618ns
00:10:27 sim11 id=11 sync offset=31464708ns
00:10:27 sim12 id=12 sync offset=-4877406ns
00:10:27 sim13 id=13 sync offset=-7023484ns
00:10:27 sim14 id=14 sync offset=-37722069ns
00:10:27 sim15 id=15 sync offset=9353663ns
00:10:27 sim16 id=16 sync offset=-35086030ns
00:10:27 sim17 id=17 sync offset=-18035063ns
00:10:27 sim18 id=18 sync offset=15267132ns
00:10:27 sim19 id=19 sync offset=21236861ns
00:10:27 sim20 id=20 sync offset=-23112338ns
00:10:27 sim21 id=21 sync offset=-30234693ns
00:10:27 sim22 id=22 sync offset=-30534896ns
00:10:27 sim23 id=23 sync offset=-5006767ns
00:10:27 sim24 id=24 sync offset=-407920ns
00:10:27 sim25 id=25 sync offset=-12046863ns
00:10:27 sim26 id=26 sync offset=-39842898ns
00:10:27 sim27 id=27 sync offset=16086545ns
00:10:27 sim28 id=28 sync offset=27212160ns
00:10:27 sim29 id=29 sync offset=-31622369ns
00:10:27 sim30 id=30 sync offset=35065968ns
00:10:27 sim31 id=31 sync offset=16515074ns
00:10:27 sim32 id=32 sync offset=-8102332ns
00:10:27 sim33 id=33 sync offset=-30555855ns
00:10:27 sim34 id=34 sync offset=-38218256ns
00:10:27 sim35 id=35 sync offset=-34281155ns
00:10:27 sim36 id=36 sync offset=-33206165ns
00:10:27 sim37 id=37 sync offset=-9570172ns
00:10:27 sim38 id=38 sync offset=26170685ns
00:10:27 sim39 id=39 sync offset=-35647525ns
00:10:27 sim40 id=40 sync offset=-26717102ns
00:10:27 sim41 id=41 sync offset=-8780593ns
00:10:27 sim42 id=42 sync offset=37749672ns
00:10:27 sim43 id=43 sync offset=-25810686ns
00:10:27 sim44 id=44 sync offset=-28806384ns
00:10:27 sim45 id=45 sync offset=2555777ns
00:10:27 sim46 id=46 sync offset=14871186ns
00:10:27 sim47 id=47 sync offset=5091036ns
00:10:27 sim48 id=48 sync offset=-36668077ns
00:10:27 sim49 id=49 sync offset=-31513303ns
00:10:27 sim50 id=50 sync offset=-4844598ns
00:10:27 sim1 id=1 sync offset=-6767988ns
00:10:27 sim2 id=2 sync offset=36553725ns
00:10:27 sim3 id=3 sync offset=23555378ns
00:10:27 sim4 id=4 sync offset=-3674998ns
00:10:27 sim5 id=5 sync offset=-16173192ns
00:10:27 sim6 id=6 sync offset=-11402663ns
00:10:27 sim7 id=7 sync offset=37339282ns
00:10:27 sim8 id=8 sync offset=10639669ns
00:10:27 sim9 id=9 sync offset=610748ns
00:10:27 sim10 id=10 sync offset=-22757660ns
00:10:27 sim11 id=11 sync offset=31477364ns
00:10:27 sim12 id=12 sync offset=-4860136ns
00:10:27 sim13 id=13 sync offset=-7011777ns
00:10:27 sim14 id=14 sync offset=-37717944ns
00:10:27 sim15 id=15 sync offset=9371039ns
00:10:27 sim16 id=16 sync offset=-35064093ns
00:10:27 sim17 id=17 sync offset=-18028271ns
00:10:27 sim18 id=18 sync offset=15274799ns
00:10:27 sim19 id=19 sync offset=21242985ns
00:10:27 sim20 id=20 sync offset=-23099526ns
00:10:27 sim21 id=21 sync offset=-30234693ns
00:10:27 sim22 id=22 sync offset=-30534833ns
00:10:27 sim23 id=23 sync offset=-5006767ns
00:10:27 sim24 id=24 sync offset=-407920ns
00:10:27 sim25 id=25 sync offset=-12046863ns
00:10:27 sim26 id=26 sync offset=-39842898ns
00:10:27 sim27 id=27 sync offset=16086545ns
00:10:27 sim28 id=28 sync offset=27212160ns
00:10:27 sim29 id=29 sync offset=-31622369ns
00:10:27 sim30 id=30 sync offset=35065968ns
00:10:27 sim31 id=31 sync offset=16515074ns
00:10:27 sim32 id=32 sync offset=-8102332ns
00:10:27 sim33 id=33 sync offset=-30555855ns
00:10:27 sim34 id=34 sync offset=-38218256ns
00:10:27 sim35 id=35 sync offset=-34281155ns
00:10:27 sim36 id=36 sync offset=-33206165ns
00:10:27 sim37 id=37 sync offset=-9570172ns
00:10:27 sim38 id=38 sync offset=26170685ns
00:10:27 sim39 id=39 sync offset=-35647525ns
00:10:27 sim40 id=40 sync offset=-26717102ns
00:10:27 sim41 id=41 sync offset=-8780593ns
00:10:27 sim42 id=42 sync offset=37749672ns
00:10:27 sim43 id=43 sync offset=-25810686ns
00:10:27 sim44 id=44 sync offset=-28806384ns
00:10:27 sim45 id=45 sync offset=2551526ns
00:10:27 sim46 id=46 sync offset=14871186ns
00:10:27 sim47 id=47 sync offset=5091036ns
00:10:27 sim48 id=48 sync offset=-36668077ns
00:10:27 sim49 id=49 sync offset=-31513303ns
00:10:27 sim50 id=50 sync offset=-4844598ns
00:10:27 sim1 id=1 sync offset=-6768123ns
00:10:27 sim2 id=2 sync offset=36552913ns
00:10:27 sim3 id=3 sync offset=23553816ns
00:10:27 sim4 id=4 sync offset=-3680624ns
00:10:27 sim5 id=5 sync offset=-16173547ns
00:10:27 sim6 id=6 sync offset=-11402663ns
00:10:27 sim7 id=7 sync offset=37339282ns
00:10:27 sim8 id=8 sync offset=10639669ns
00:10:27 sim9 id=9 sync offset=608852ns
00:10:27 sim10 id=10 sync offset=-22752430ns
00:10:27 sim11 id=11 sync offset=31483864ns
00:10:27 sim12 id=12 sync offset=-4849740ns
00:10:27 sim13 id=13 sync offset=-7010338ns
00:10:27 sim14 id=14 sync offset=-37707965ns
00:10:27 sim15 id=15 sync offset=9385715ns
00:10:27 sim16 id=16 sync offset=-35055759ns
00:10:27 sim17 id=17 sync offset=-18021334ns
00:10:27 sim18 id=18 sync offset=15280934ns
00:10:27 sim19 id=19 sync offset=21242985ns
00:10:27 sim20 id=20 sync offset=-23099526ns
00:10:27 sim21 id=21 sync offset=-30240495ns
00:10:27 sim22 id=22 sync offset=-30534833ns
00:10:27 sim23 id=23 sync offset=-5031413ns
00:10:27 sim24 id=24 sync offset=-407920ns
00:10:27 sim25 id=25 sync offset=-12068051ns
00:10:27 sim26 id=26 sync offset=-39849294ns
00:10:27 sim27 id=27 sync offset=16070441ns
00:10:27 sim28 id=28 sync offset=27212160ns
00:10:27 sim29 id=29 sync offset=-31622369ns
00:10:27 sim30 id=30 sync offset=35065968ns
00:10:27 sim31 id=31 sync offset=16515074ns
00:10:27 sim32 id=32 sync offset=-8102332ns
00:10:27 sim33 id=33 sync offset=-30555855ns
00:10:27 sim34 id=34 sync offset=-38218256ns
00:10:27 sim35 id=35 sync offset=-34281155ns
00:10:27 sim36 id=36 sync offset=-33206165ns
00:10:27 sim37 id=37 sync offset=-9570172ns
00:10:27 sim38 id=38 sync offset=26170685ns
00:10:27 sim39 id=39 sync offset=-35647525ns
00:10:27 sim40 id=40 sync offset=-26717102ns
00:10:27 sim41 id=41 sync offset=-8780593ns
00:10:27 sim42 id=42 sync offset=37749672ns
00:10:27 sim43 id=43 sync offset=-25810686ns
00:10:27 sim44 id=44 sync offset=-28806384ns
00:10:27 sim45 id=45 sync offset=2551526ns
00:10:27 sim46 id=46 sync offset=14871186ns
00:10:27 sim47 id=47 sync offset=5091036ns
00:10:27 sim48 id=48 sync offset=-36668077ns
00:10:27 sim49 id=49 sync offset=-31513303ns
00:10:27 sim50 id=50 sync offset=-4844598ns
00:10:28 sim1 id=1 sync offset=-6768123ns
00:10:28 sim2 id=2 sync offset=36552101ns
00:10:28 sim3 id=3 sync offset=23552305ns
00:10:28 sim4 id=4 sync offset=-3681655ns
00:10:28 sim5 id=5 sync offset=-16174651ns
00:10:28 sim6 id=6 sync offset=-11408601ns
00:10:28 sim7 id=7 sync offset=37334448ns
00:10:28 sim8 id=8 sync offset=10634825ns
00:10:28 sim9 id=9 sync offset=607426ns
00:10:28 sim10 id=10 sync offset=-22755045ns
00:10:28 sim11 id=11 sync offset=31482593ns
00:10:28 sim12 id=12 sync offset=-4854938ns
00:10:28 sim13 id=13 sync offset=-7011057ns
00:10:28 sim14 id=14 sync offset=-37717944ns
00:10:28 sim15 id=15 sync offset=9371039ns
00:10:28 sim16 id=16 sync offset=-35064093ns
00:10:28 sim17 id=17 sync offset=-18028271ns
00:10:28 sim18 id=18 sync offset=15274799ns
00:10:28 sim19 id=19 sync offset=21239923ns
00:10:28 sim20 id=20 sync offset=-23104422ns
00:10:28 sim21 id=21 sync offset=-30271204ns
00:10:28 sim22 id=22 sync offset=-30534833ns
00:10:28 sim23 id=23 sync offset=-5031413ns
00:10:28 sim24 id=24 sync offset=-407920ns
00:10:28 sim25 id=25 sync offset=-12068051ns
00:10:28 sim26 id=26 sync offset=-39849294ns
00:10:28 sim27 id=27 sync offset=16070441ns
00:10:28 sim28 id=28 sync offset=27212160ns
00:10:28 sim29 id=29 sync offset=-31622369ns
00:10:28 sim30 id=30 sync offset=35065968ns
00:10:28 sim31 id=31 sync offset=16515074ns
00:10:28 sim32 id=32 sync offset=-8102332ns
00:10:28 sim33 id=33 sync offset=-30555855ns
00:10:28 sim34 id=34 sync offset=-38218256ns
00:10:28 sim35 id=35 sync offset=-34281155ns
00:10:28 sim36 id=36 sync offset=-33206165ns
00:10:28 sim37 id=37 sync offset=-9570172ns
00:10:28 sim38 id=38 sync offset=26170685ns
00:10:28 sim39 id=39 sync offset=-35647525ns
00:10:28 sim40 id=40 sync offset=-26717102ns
00:10:28 sim41 id=41 sync offset=-8780593ns
00:10:28 sim42 id=42 sync offset=37749672ns
00:10:28 sim43 id=43 sync offset=-25810686ns
00:10:28 sim44 id=44 sync offset=-28806384ns
00:10:28 sim45 id=45 sync offset=2551526ns
00:10:28 sim46 id=46 sync offset=14871186ns
00:10:28 sim47 id=47 sync offset=5091036ns
00:10:28 sim48 id=48 sync offset=-36670680ns
00:10:28 sim49 id=49 sync offset=-31524563ns
00:10:28 sim50 id=50 sync offset=-4860993ns
00:10:28 sim1 id=1 sync offset=-6767988ns
00:10:28 sim2 id=2 sync offset=36548183ns
00:10:28 sim3 id=3 sync offset=23549596ns
00:10:28 sim4 id=4 sync offset=-3684779ns
00:10:28 sim5 id=5 sync offset=-16174651ns
00:10:28 sim6 id=6 sync offset=-11408601ns
00:10:28 sim7 id=7 sync offset=37334448ns
00:10:28 sim8 id=8 sync offset=10634825ns
00:10:28 sim9 id=9 sync offset=610279ns
00:10:28 sim10 id=10 sync offset=-22759139ns
00:10:28 sim11 id=11 sync offset=31477364ns
00:10:28 sim12 id=12 sync offset=-4854938ns
00:10:28 sim13 id=13 sync offset=-7011057ns
00:10:28 sim14 id=14 sync offset=-37717944ns
00:10:28 sim15 id=15 sync offset=9371039ns
00:10:28 sim16 id=16 sync offset=-35064093ns
00:10:28 sim17 id=17 sync offset=-18031667ns
00:10:28 sim18 id=18 sync offset=15268664ns
00:10:28 sim19 id=19 sync offset=21236861ns
00:10:28 sim20 id=20 sync offset=-23122796ns
00:10:28 sim21 id=21 sync offset=-30272370ns
00:10:28 sim22 id=22 sync offset=-30543854ns
00:10:28 sim23 id=23 sync offset=-5031413ns
00:10:28 sim24 id=24 sync offset=-407920ns
00:10:28 sim25 id=25 sync offset=-12068051ns
00:10:28 sim26 id=26 sync offset=-39850440ns
00:10:28 sim27 id=27 sync offset=16070441ns
00:10:28 sim28 id=28 sync offset=27212160ns
00:10:28 sim29 id=29 sync offset=-31616796ns
00:10:28 sim30 id=30 sync offset=35068770ns
00:10:28 sim31 id=31 sync offset=16518303ns
00:10:28 sim32 id=32 sync offset=-8108687ns
00:10:28 sim33 id=33 sync offset=-30561876ns
00:10:28 sim34 id=34 sync offset=-38222027ns
00:10:28 sim35 id=35 sync offset=-34283947ns
00:10:28 sim36 id=36 sync offset=-33207915ns
00:10:28 sim37 id=37 sync offset=-9577423ns
00:10:28 sim38 id=38 sync offset=26162716ns
00:10:28 sim39 id=39 sync offset=-35653546ns
00:10:28 sim40 id=40 sync offset=-26718405ns
00:10:28 sim41 id=41 sync offset=-8792344ns
00:10:28 sim42 id=42 sync offset=37734693ns
00:10:28 sim43 id=43 sync offset=-25813290ns
00:10:28 sim44 id=44 sync offset=-28807572ns
00:10:28 sim45 id=45 sync offset=2551526ns
00:10:28 sim46 id=46 sync offset=14871186ns
00:10:28 sim47 id=47 sync offset=5091036ns
00:10:28 sim48 id=48 sync offset=-36670680ns
00:10:28 sim49 id=49 sync offset=-31525751ns
00:10:28 sim50 id=50 sync offset=-4864285ns
00:10:29 sim1 id=1 sync offset=-6771790ns
00:10:29 sim2 id=2 sync offset=36545037ns
00:10:29 sim3 id=3 sync offset=23552305ns
00:10:29 sim4 id=4 sync offset=-3681655ns
00:10:29 sim5 id=5 sync offset=-16169609ns
00:10:29 sim6 id=6 sync offset=-11408601ns
00:10:29 sim7 id=7 sync offset=37333272ns
00:10:29 sim8 id=8 sync offset=10634825ns
00:10:29 sim9 id=9 sync offset=610279ns
00:10:29 sim10 id=10 sync offset=-22759139ns
00:10:29 sim11 id=11 sync offset=31475156ns
00:10:29 sim12 id=12 sync offset=-4855896ns
00:10:29 sim13 id=13 sync offset=-7014183ns
00:10:29 sim14 id=14 sync offset=-37710778ns
00:10:29 sim15 id=15 sync offset=9376642ns
00:10:29 sim16 id=16 sync offset=-35064093ns
00:10:29 sim17 id=17 sync offset=-18026677ns
00:10:29 sim18 id=18 sync offset=15271747ns
00:10:29 sim19 id=19 sync offset=21242985ns
00:10:29 sim20 id=20 sync offset=-23107151ns
00:10:29 sim21 id=21 sync offset=-30248829ns
00:10:29 sim22 id=22 sync offset=-30513822ns
00:10:29 sim23 id=23 sync offset=-4977017ns
00:10:29 sim24 id=24 sync offset=-383629ns
00:10:29 sim25 id=25 sync offset=-12022885ns
00:10:29 sim26 id=26 sync offset=-39809336ns
00:10:29 sim27 id=27 sync offset=16112025ns
00:10:29 sim28 id=28 sync offset=27251264ns
00:10:29 sim29 id=29 sync offset=-31591526ns
00:10:29 sim30 id=30 sync offset=35091374ns
00:10:29 sim31 id=31 sync offset=16532741ns
00:10:29 sim32 id=32 sync offset=-8095978ns
00:10:29 sim33 id=33 sync offset=-30549834ns
00:10:29 sim34 id=34 sync offset=-38214485ns
00:10:29 sim35 id=35 sync offset=-34278363ns
00:10:29 sim36 id=36 sync offset=-33204415ns
00:10:29 sim37 id=37 sync offset=-9562922ns
00:10:29 sim38 id=38 sync offset=26162716ns
00:10:29 sim39 id=39 sync offset=-35653546ns
00:10:29 sim40 id=40 sync offset=-26718405ns
00:10:29 sim41 id=41 sync offset=-8792344ns
00:10:29 sim42 id=42 sync offset=37734693ns
00:10:29 sim43 id=43 sync offset=-25813290ns
00:10:29 sim44 id=44 sync offset=-28807572ns
00:10:29 sim45 id=45 sync offset=2551526ns
00:10:29 sim46 id=46 sync offset=14871186ns
00:10:29 sim47 id=47 sync offset=5091036ns
00:10:29 sim48 id=48 sync offset=-36668077ns
00:10:29 sim49 id=49 sync offset=-31523376ns
00:10:29 sim50 id=50 sync offset=-4857702ns
00:10:30 sim1 id=1 sync offset=-6775457ns
00:10:30 sim2 id=2 sync offset=36545037ns
00:10:30 sim3 id=3 sync offset=23553847ns
00:10:30 sim4 id=4 sync offset=-3681092ns
00:10:30 sim5 id=5 sync offset=-16174651ns
00:10:30 sim6 id=6 sync offset=-11417310ns
00:10:30 sim7 id=7 sync offset=37325209ns
00:10:30 sim8 id=8 sync offset=10625097ns
00:10:30 sim9 id=9 sync offset=602696ns
00:10:30 sim10 id=10 sync offset=-22760982ns
00:10:30 sim11 id=11 sync offset=31467104ns
00:10:30 sim12 id=12 sync offset=-4862969ns
00:10:30 sim13 id=13 sync offset=-7016985ns
00:10:30 sim14 id=14 sync offset=-37717944ns
00:10:30 sim15 id=15 sync offset=9371039ns
00:10:30 sim16 id=16 sync offset=-35064239ns
00:10:30 sim17 id=17 sync offset=-18031667ns
00:10:30 sim18 id=18 sync offset=15268664ns
00:10:30 sim19 id=19 sync offset=21236861ns
00:10:30 sim20 id=20 sync offset=-23125525ns
00:10:30 sim21 id=21 sync offset=-30272370ns
00:10:30 sim22 id=22 sync offset=-30543854ns
00:10:30 sim23 id=23 sync offset=-5031413ns
00:10:30 sim24 id=24 sync offset=-407920ns
00:10:30 sim25 id=25 sync offset=-12022885ns
00:10:30 sim26 id=26 sync offset=-39809336ns
00:10:30 sim27 id=27 sync offset=16112025ns
00:10:30 sim28 id=28 sync offset=27251264ns
00:10:30 sim29 id=29 sync offset=-31591526ns
00:10:30 sim30 id=30 sync offset=35091374ns
00:10:30 sim31 id=31 sync offset=16532741ns
00:10:30 sim32 id=32 sync offset=-8095978ns
00:10:30 sim33 id=33 sync offset=-30549834ns
00:10:30 sim34 id=34 sync offset=-38214485ns
00:10:30 sim35 id=35 sync offset=-34278363ns
00:10:30 sim36 id=36 sync offset=-33204415ns
00:10:30 sim37 id=37 sync offset=-9609401ns
00:10:30 sim38 id=38 sync offset=26141632ns
00:10:30 sim39 id=39 sync offset=-35667192ns
00:10:30 sim40 id=40 sync offset=-26743196ns
00:10:30 sim41 id=41 sync offset=-8799240ns
00:10:30 sim42 id=42 sync offset=37734276ns
00:10:30 sim43 id=43 sync offset=-25813978ns
00:10:30 sim44 id=44 sync offset=-28807572ns
00:10:30 sim45 id=45 sync offset=2551526ns
00:10:30 sim46 id=46 sync offset=14871186ns
00:10:30 sim47 id=47 sync offset=5091036ns
00:10:30 sim48 id=48 sync offset=-36668077ns
00:10:30 sim49 id=49 sync offset=-31523376ns
00:10:30 sim50 id=50 sync offset=-4857702ns
00:10:30 sim1 id=1 sync offset=-6771790ns
00:10:30 sim2 id=2 sync offset=36546610ns
00:10:30 sim3 id=3 sync offset=23556899ns
00:10:30 sim4 id=4 sync offset=-3674456ns
00:10:30 sim5 id=5 sync offset=-16173547ns
00:10:30 sim6 id=6 sync offset=-11412955ns
00:10:30 sim7 id=7 sync offset=37327262ns
00:10:30 sim8 id=8 sync offset=10629961ns
00:10:30 sim9 id=9 sync offset=606487ns
00:10:30 sim10 id=10 sync offset=-22760982ns
00:10:30 sim11 id=11 sync offset=31467719ns
00:10:30 sim12 id=12 sync offset=-4862969ns
00:10:30 sim13 id=13 sync offset=-7016985ns
00:10:30 sim14 id=14 sync offset=-37717944ns
00:10:30 sim15 id=15 sync offset=9371039ns
00:10:30 sim16 id=16 sync offset=-35064239ns
00:10:30 sim17 id=17 sync offset=-18028271ns
00:10:30 sim18 id=18 sync offset=15268664ns
00:10:30 sim19 id=19 sync offset=21239923ns
00:10:30 sim20 id=20 sync offset=-23109880ns
00:10:30 sim21 id=21 sync offset=-30271204ns
00:10:30 sim22 id=22 sync offset=-30534833ns
00:10:30 sim23 id=23 sync offset=-4999621ns
00:10:30 sim24 id=24 sync offset=-395774ns
00:10:30 sim25 id=25 sync offset=-12022666ns
00:10:30 sim26 id=26 sync offset=-39800294ns
00:10:30 sim27 id=27 sync offset=16121941ns
00:10:30 sim28 id=28 sync offset=27252639ns
00:10:30 sim29 id=29 sync offset=-31589942ns
00:10:30 sim30 id=30 sync offset=35116415ns
00:10:30 sim31 id=31 sync offset=16564469ns
00:10:30 sim32 id=32 sync offset=-8065978ns
00:10:30 sim33 id=33 sync offset=-30519938ns
00:10:30 sim34 id=34 sync offset=-38184027ns
00:10:30 sim35 id=35 sync offset=-34271727ns
00:10:30 sim36 id=36 sync offset=-33203852ns
00:10:30 sim37 id=37 sync offset=-9585901ns
00:10:30 sim38 id=38 sync offset=26197091ns
00:10:30 sim39 id=39 sync offset=-35610400ns
00:10:30 sim40 id=40 sync offset=-26689092ns
00:10:30 sim41 id=41 sync offset=-8724093ns
00:10:30 sim42 id=42 sync offset=37829255ns
00:10:30 sim43 id=43 sync offset=-25718603ns
00:10:30 sim44 id=44 sync offset=-28715821ns
00:10:30 sim45 id=45 sync offset=2642568ns
00:10:30 sim46 id=46 sync offset=14952415ns
00:10:30 sim47 id=47 sync offset=5150390ns
00:10:30 sim48 id=48 sync offset=-36632327ns
00:10:30 sim49 id=49 sync offset=-31497147ns
00:10:30 sim50 id=50 sync offset=-4857702ns
00:10:31 sim1 id=1 sync offset=-6771790ns
00:10:31 sim2 id=2 sync offset=36551016ns
00:10:31 sim3 id=3 sync offset=23556899ns
00:10:31 sim4 id=4 sync offset=-3676696ns
00:10:31 sim5 id=5 sync offset=-16175755ns
00:10:31 sim6 id=6 sync offset=-11414237ns
00:10:31 sim7 id=7 sync offset=37327262ns
00:10:31 sim8 id=8 sync offset=10634805ns
00:10:31 sim9 id=9 sync offset=610748ns
00:10:31 sim10 id=10 sync offset=-22759503ns
00:10:31 sim11 id=11 sync offset=31467719ns
00:10:31 sim12 id=12 sync offset=-4862969ns
00:10:31 sim13 id=13 sync offset=-7016985ns
00:10:31 sim14 id=14 sync offset=-37717944ns
00:10:31 sim15 id=15 sync offset=9371039ns
00:10:31 sim16 id=16 sync offset=-35064239ns
00:10:31 sim17 id=17 sync offset=-18028271ns
00:10:31 sim18 id=18 sync offset=15268664ns
00:10:31 sim19 id=19 sync offset=21239923ns
00:10:31 sim20 id=20 sync offset=-23109880ns
00:10:31 sim21 id=21 sync offset=-30271204ns
00:10:31 sim22 id=22 sync offset=-30534833ns
00:10:31 sim23 id=23 sync offset=-5031413ns
00:10:31 sim24 id=24 sync offset=-417649ns
00:10:31 sim25 id=25 sync offset=-12059718ns
00:10:31 sim26 id=26 sync offset=-39841648ns
00:10:31 sim27 id=27 sync offset=16076890ns
00:10:31 sim28 id=28 sync offset=27251264ns
00:10:31 sim29 id=29 sync offset=-31591526ns
00:10:31 sim30 id=30 sync offset=35091374ns
00:10:31 sim31 id=31 sync offset=16532741ns
00:10:31 sim32 id=32 sync offset=-8095978ns
00:10:31 sim33 id=33 sync offset=-30549834ns
00:10:31 sim34 id=34 sync offset=-38214485ns
00:10:31 sim35 id=35 sync offset=-34310071ns
00:10:31 sim36 id=36 sync offset=-33235341ns
00:10:31 sim37 id=37 sync offset=-9593245ns
00:10:31 sim38 id=38 sync offset=26197091ns
00:10:31 sim39 id=39 sync offset=-35610400ns
00:10:31 sim40 id=40 sync offset=-26689092ns
00:10:31 sim41 id=41 sync offset=-8724093ns
00:10:31 sim42 id=42 sync offset=37829255ns
00:10:31 sim43 id=43 sync offset=-25718603ns
00:10:31 sim44 id=44 sync offset=-28715821ns
00:10:31 sim45 id=45 sync offset=2642568ns
00:10:31 sim46 id=46 sync offset=14952415ns
00:10:31 sim47 id=47 sync offset=5150390ns
00:10:31 sim48 id=48 sync offset=-36632327ns
00:10:31 sim49 id=49 sync offset=-31497147ns
00:10:31 sim50 id=50 sync offset=-4869785ns
00:10:31 sim1 id=1 sync offset=-6771790ns
00:10:31 sim2 id=2 sync offset=36546610ns
00:10:31 sim3 id=3 sync offset=23550795ns
00:10:31 sim4 id=4 sync offset=-3678061ns
00:10:31 sim5 id=5 sync offset=-16175755ns
00:10:31 sim6 id=6 sync offset=-11411164ns
00:10:31 sim7 id=7 sync offset=37327262ns
00:10:31 sim8 id=8 sync offset=10634805ns
00:10:31 sim9 id=9 sync offset=607050ns
00:10:31 sim10 id=10 sync offset=-22761347ns
00:10:31 sim11 id=11 sync offset=31467104ns
00:10:31 sim12 id=12 sync offset=-4862969ns
00:10:31 sim13 id=13 sync offset=-7016985ns
00:10:31 sim14 id=14 sync offset=-37723819ns
00:10:31 sim15 id=15 sync offset=9363413ns
00:10:31 sim16 id=16 sync offset=-35077416ns
00:10:31 sim17 id=17 sync offset=-18034500ns
00:10:31 sim18 id=18 sync offset=15265601ns
00:10:31 sim19 id=19 sync offset=21236861ns
00:10:31 sim20 id=20 sync offset=-23130464ns
00:10:31 sim21 id=21 sync offset=-30271204ns
00:10:31 sim22 id=22 sync offset=-30534833ns
00:10:31 sim23 id=23 sync offset=-5031413ns
00:10:31 sim24 id=24 sync offset=-417649ns
00:10:31 sim25 id=25 sync offset=-12051853ns
00:10:31 sim26 id=26 sync offset=-39851408ns
00:10:31 sim27 id=27 sync offset=16063254ns
00:10:31 sim28 id=28 sync offset=27226701ns
00:10:31 sim29 id=29 sync offset=-31618755ns
00:10:31 sim30 id=30 sync offset=35059144ns
00:10:31 sim31 id=31 sync offset=16498698ns
00:10:31 sim32 id=32 sync offset=-8128791ns
00:10:31 sim33 id=33 sync offset=-30582751ns
00:10:31 sim34 id=34 sync offset=-38250298ns
00:10:31 sim35 id=35 sync offset=-34328207ns
00:10:31 sim36 id=36 sync offset=-33254467ns
00:10:31 sim37 id=37 sync offset=-9613807ns
00:10:31 sim38 id=38 sync offset=26152195ns
00:10:31 sim39 id=39 sync offset=-35657318ns
00:10:31 sim40 id=40 sync offset=-26733467ns
00:10:31 sim41 id=41 sync offset=-8788927ns
00:10:31 sim42 id=42 sync offset=37744047ns
00:10:31 sim43 id=43 sync offset=-25799624ns
00:10:31 sim44 id=44 sync offset=-28798321ns
00:10:31 sim45 id=45 sync offset=2555610ns
00:10:31 sim46 id=46 sync offset=14863561ns
00:10:31 sim47 id=47 sync offset=5068952ns
00:10:31 sim48 id=48 sync offset=-36697619ns
00:10:31 sim49 id=49 sync offset=-31534960ns
00:10:31 sim50 id=50 sync offset=-4869785ns
00:10:32 sim1 id=1 sync offset=-6771790ns
00:10:32 sim2 id=2 sync offset=36545037ns
00:10:32 sim3 id=3 sync offset=23549596ns
00:10:32 sim4 id=4 sync offset=-3681092ns
00:10:32 sim5 id=5 sync offset=-16176338ns
00:10:32 sim6 id=6 sync offset=-11414237ns
00:10:32 sim7 id=7 sync offset=37325209ns
00:10:32 sim8 id=8 sync offset=10625097ns
00:10:32 sim9 id=9 sync offset=591655ns
00:10:32 sim10 id=10 sync offset=-22768618ns
00:10:32 sim11 id=11 sync offset=31463385ns
00:10:32 sim12 id=12 sync offset=-4869709ns
00:10:32 sim13 id=13 sync offset=-7020432ns
00:10:32 sim14 id=14 sync offset=-37732610ns
00:10:32 sim15 id=15 sync offset=9352903ns
00:10:32 sim16 id=16 sync offset=-35085863ns
00:10:32 sim17 id=17 sync offset=-18043104ns
00:10:32 sim18 id=18 sync offset=15262705ns
00:10:32 sim19 id=19 sync offset=21235131ns
00:10:32 sim20 id=20 sync offset=-23141171ns
00:10:32 sim21 id=21 sync offset=-30273537ns
00:10:32 sim22 id=22 sync offset=-30552875ns
00:10:32 sim23 id=23 sync offset=-5039933ns
00:10:32 sim24 id=24 sync offset=-459754ns
00:10:32 sim25 id=25 sync offset=-12074561ns
00:10:32 sim26 id=26 sync offset=-39877252ns
00:10:32 sim27 id=27 sync offset=16040931ns
00:10:32 sim28 id=28 sync offset=27182993ns
00:10:32 sim29 id=29 sync offset=-31654297ns
00:10:32 sim30 id=30 sync offset=35024270ns
00:10:32 sim31 id=31 sync offset=16469262ns
00:10:32 sim32 id=32 sync offset=-8131061ns
00:10:32 sim33 id=33 sync offset=-30582751ns
00:10:32 sim34 id=34 sync offset=-38250298ns
00:10:32 sim35 id=35 sync offset=-34328207ns
00:10:32 sim36 id=36 sync offset=-33254467ns
00:10:32 sim37 id=37 sync offset=-9613807ns
00:10:32 sim38 id=38 sync offset=26151592ns
00:10:32 sim39 id=39 sync offset=-35662359ns
00:10:32 sim40 id=40 sync offset=-26737759ns
00:10:32 sim41 id=41 sync offset=-8801406ns
00:10:32 sim42 id=42 sync offset=37725901ns
00:10:32 sim43 id=43 sync offset=-25825749ns
00:10:32 sim44 id=44 sync offset=-28821446ns
00:10:32 sim45 id=45 sync offset=2552360ns
00:10:32 sim46 id=46 sync offset=14863561ns
00:10:32 sim47 id=47 sync offset=5068952ns
00:10:32 sim48 id=48 sync offset=-36697722ns
00:10:32 sim49 id=49 sync offset=-31566459ns
00:10:32 sim50 id=50 sync offset=-4904098ns
00:10:32 sim1 id=1 sync offset=-6775457ns
00:10:32 sim2 id=2 sync offset=36543745ns
00:10:32 sim3 id=3 sync offset=23548398ns
00:10:32 sim4 id=4 sync offset=-3682686ns
00:10:32 sim5 id=5 sync offset=-16189317ns
00:10:32 sim6 id=6 sync offset=-11423153ns
00:10:32 sim7 id=7 sync offset=37317813ns
00:10:32 sim8 id=8 sync offset=10623076ns
00:10:32 sim9 id=9 sync offset=589634ns
00:10:32 sim10 id=10 sync offset=-22772014ns
00:10:32 sim11 id=11 sync offset=31463385ns
00:10:32 sim12 id=12 sync offset=-4862969ns
00:10:32 sim13 id=13 sync offset=-7016985ns
00:10:32 sim14 id=14 sync offset=-37732610ns
00:10:32 sim15 id=15 sync offset=9352903ns
00:10:32 sim16 id=16 sync offset=-35085863ns
00:10:32 sim17 id=17 sync offset=-18043104ns
00:10:32 sim18 id=18 sync offset=15262705ns
00:10:32 sim19 id=19 sync offset=21235131ns
00:10:32 sim20 id=20 sync offset=-23141171ns
00:10:32 sim21 id=21 sync offset=-30273537ns
00:10:32 sim22 id=22 sync offset=-30552875ns
00:10:32 sim23 id=23 sync offset=-5039933ns
00:10:32 sim24 id=24 sync offset=-459754ns
00:10:32 sim25 id=25 sync offset=-12074561ns
00:10:32 sim26 id=26 sync offset=-39877252ns
00:10:32 sim27 id=27 sync offset=16040931ns
00:10:32 sim28 id=28 sync offset=27182993ns
00:10:32 sim29 id=29 sync offset=-31654297ns
00:10:32 sim30 id=30 sync offset=35024270ns
00:10:32 sim31 id=31 sync offset=16469262ns
00:10:32 sim32 id=32 sync offset=-8131061ns
00:10:32 sim33 id=33 sync offset=-30582751ns
00:10:32 sim34 id=34 sync offset=-38250298ns
00:10:32 sim35 id=35 sync offset=-34328207ns
00:10:32 sim36 id=36 sync offset=-33254467ns
00:10:32 sim37 id=37 sync offset=-9613807ns
00:10:32 sim38 id=38 sync offset=26151592ns
00:10:32 sim39 id=39 sync offset=-35662359ns
00:10:32 sim40 id=40 sync offset=-26737759ns
00:10:32 sim41 id=41 sync offset=-8801406ns
00:10:32 sim42 id=42 sync offset=37725901ns
00:10:32 sim43 id=43 sync offset=-25825749ns
00:10:32 sim44 id=44 sync offset=-28821446ns
00:10:32 sim45 id=45 sync offset=2552360ns
00:10:32 sim46 id=46 sync offset=14862500ns
00:10:32 sim47 id=47 sync offset=5067744ns
00:10:32 sim48 id=48 sync offset=-36700118ns
00:10:32 sim49 id=49 sync offset=-31571606ns
00:10:32 sim50 id=50 sync offset=-4904098ns
00:10:33 sim1 id=1 sync offset=-6775457ns
00:10:33 sim2 id=2 sync offset=36546610ns
00:10:33 sim3 id=3 sync offset=23548398ns
00:10:33 sim4 id=4 sync offset=-3682686ns
00:10:33 sim5 id=5 sync offset=-16189317ns
00:10:33 sim6 id=6 sync offset=-11423153ns
00:10:33 sim7 id=7 sync offset=37319063ns
00:10:33 sim8 id=8 sync offset=10621055ns
00:10:33 sim9 id=9 sync offset=588853ns
00:10:33 sim10 id=10 sync offset=-22772233ns
00:10:33 sim11 id=11 sync offset=31460281ns
00:10:33 sim12 id=12 sync offset=-4863886ns
00:10:33 sim13 id=13 sync offset=-7017381ns
00:10:33 sim14 id=14 sync offset=-37735527ns
00:10:33 sim15 id=15 sync offset=9350018ns
00:10:33 sim16 id=16 sync offset=-35086030ns
00:10:33 sim17 id=17 sync offset=-18051146ns
00:10:33 sim18 id=18 sync offset=15245039ns
00:10:33 sim19 id=19 sync offset=21219132ns
00:10:33 sim20 id=20 sync offset=-23141442ns
00:10:33 sim21 id=21 sync offset=-30277537ns
00:10:33 sim22 id=22 sync offset=-30564937ns
00:10:33 sim23 id=23 sync offset=-5058288ns
00:10:33 sim24 id=24 sync offset=-460941ns
00:10:33 sim25 id=25 sync offset=-12089832ns
00:10:33 sim26 id=26 sync offset=-39886856ns
00:10:33 sim27 id=27 sync offset=16025889ns
00:10:33 sim28 id=28 sync offset=27180493ns
00:10:33 sim29 id=29 sync offset=-31657942ns
00:10:33 sim30 id=30 sync offset=35011811ns
00:10:33 sim31 id=31 sync offset=16439407ns
00:10:33 sim32 id=32 sync offset=-8161624ns
00:10:33 sim33 id=33 sync offset=-30584564ns
00:10:33 sim34 id=34 sync offset=-38270381ns
00:10:33 sim35 id=35 sync offset=-34343144ns
00:10:33 sim36 id=36 sync offset=-33267925ns
00:10:33 sim37 id=37 sync offset=-9625703ns
00:10:33 sim38 id=38 sync offset=26126445ns
00:10:33 sim39 id=39 sync offset=-35685400ns
00:10:33 sim40 id=40 sync offset=-26768988ns
00:10:33 sim41 id=41 sync offset=-8824864ns
00:10:33 sim42 id=42 sync offset=37703714ns
00:10:33 sim43 id=43 sync offset=-25844624ns
00:10:33 sim44 id=44 sync offset=-28840551ns
00:10:33 sim45 id=45 sync offset=2520818ns
00:10:33 sim46 id=46 sync offset=14830561ns
00:10:33 sim47 id=47 sync offset=5020245ns
00:10:33 sim48 id=48 sync offset=-36746702ns
00:10:33 sim49 id=49 sync offset=-31603043ns
00:10:33 sim50 id=50 sync offset=-4942348ns
00:10:33 sim1 id=1 sync offset=-6775457ns
00:10:33 sim2 id=2 sync offset=36546610ns
00:10:33 sim3 id=3 sync offset=23552648ns
00:10:33 sim4 id=4 sync offset=-3681092ns
00:10:33 sim5 id=5 sync offset=-16183119ns
00:10:33 sim6 id=6 sync offset=-11417310ns
00:10:33 sim7 id=7 sync offset=37323157ns
00:10:33 sim8 id=8 sync offset=10623076ns
00:10:33 sim9 id=9 sync offset=589634ns
00:10:33 sim10 id=10 sync offset=-22772014ns
00:10:33 sim11 id=11 sync offset=31466490ns
00:10:33 sim12 id=12 sync offset=-4862052ns
00:10:33 sim13 id=13 sync offset=-7016589ns
00:10:33 sim14 id=14 sync offset=-37729694ns
00:10:33 sim15 id=15 sync offset=9366215ns
00:10:33 sim16 id=16 sync offset=-35085697ns
00:10:33 sim17 id=17 sync offset=-18035063ns
00:10:33 sim18 id=18 sync offset=15262705ns
00:10:33 sim19 id=19 sync offset=21235131ns
00:10:33 sim20 id=20 sync offset=-23141171ns
00:10:33 sim21 id=21 sync offset=-30273537ns
00:10:33 sim22 id=22 sync offset=-30552875ns
00:10:33 sim23 id=23 sync offset=-5039933ns
00:10:33 sim24 id=24 sync offset=-459754ns
00:10:33 sim25 id=25 sync offset=-12074561ns
00:10:33 sim26 id=26 sync offset=-39883564ns
00:10:33 sim27 id=27 sync offset=16026713ns
00:10:33 sim28 id=28 sync offset=27182993ns
00:10:33 sim29 id=29 sync offset=-31657942ns
00:10:33 sim30 id=30 sync offset=35024270ns
00:10:33 sim31 id=31 sync offset=16469262ns
00:10:33 sim32 id=32 sync offset=-8131061ns
00:10:33 sim33 id=33 sync offset=-30582751ns
00:10:33 sim34 id=34 sync offset=-38250298ns
00:10:33 sim35 id=35 sync offset=-34328207ns
00:10:33 sim36 id=36 sync offset=-33254998ns
00:10:33 sim37 id=37 sync offset=-9615422ns
00:10:33 sim38 id=38 sync offset=26151592ns
00:10:33 sim39 id=39 sync offset=-35662359ns
00:10:33 sim40 id=40 sync offset=-26737759ns
00:10:33 sim41 id=41 sync offset=-8801406ns
00:10:33 sim42 id=42 sync offset=37725901ns
00:10:33 sim43 id=43 sync offset=-25825749ns
00:10:33 sim44 id=44 sync offset=-28821446ns
00:10:33 sim45 id=45 sync offset=2552360ns
00:10:33 sim46 id=46 sync offset=14862500ns
00:10:33 sim47 id=47 sync offset=5067744ns
00:10:33 sim48 id=48 sync offset=-36700118ns
00:10:33 sim49 id=49 sync offset=-31571606ns
00:10:33 sim50 id=50 sync offset=-4904098ns
00:10:34 sim1 id=1 sync offset=-6779353ns
00:10:34 sim2 id=2 sync offset=36546610ns
00:10:34 sim3 id=3 sync offset=23552648ns
00:10:34 sim4 id=4 sync offset=-3681092ns
00:10:34 sim5 id=5 sync offset=-16176921ns
00:10:34 sim6 id=6 sync offset=-11417310ns
00:10:34 sim7 id=7 sync offset=37323157ns
00:10:34 sim8 id=8 sync offset=10623076ns
00:10:34 sim9 id=9 sync offset=589634ns
00:10:34 sim10 id=10 sync offset=-22772014ns
00:10:34 sim11 id=11 sync offset=31466490ns
00:10:34 sim12 id=12 sync offset=-4862052ns
00:10:34 sim13 id=13 sync offset=-7016589ns
00:10:34 sim14 id=14 sync offset=-37729694ns
00:10:34 sim15 id=15 sync offset=9366215ns
00:10:34 sim16 id=16 sync offset=-35085697ns
00:10:34 sim17 id=17 sync offset=-18042542ns
00:10:34 sim18 id=18 sync offset=15245039ns
00:10:34 sim19 id=19 sync offset=21219132ns
00:10:34 sim20 id=20 sync offset=-23141442ns
00:10:34 sim21 id=21 sync offset=-30273537ns
00:10:34 sim22 id=22 sync offset=-30564937ns
00:10:34 sim23 id=23 sync offset=-5065788ns
00:10:34 sim24 id=24 sync offset=-473420ns
00:10:34 sim25 id=25 sync offset=-12096853ns
00:10:34 sim26 id=26 sync offset=-39900242ns
00:10:34 sim27 id=27 sync offset=16013619ns
00:10:34 sim28 id=28 sync offset=27168181ns
00:10:34 sim29 id=29 sync offset=-31669380ns
00:10:34 sim30 id=30 sync offset=35017311ns
00:10:34 sim31 id=31 sync offset=16463157ns
00:10:34 sim32 id=32 sync offset=-8161624ns
00:10:34 sim33 id=33 sync offset=-30584564ns
00:10:34 sim34 id=34 sync offset=-38274662ns
00:10:34 sim35 id=35 sync offset=-34341780ns
00:10:34 sim36 id=36 sync offset=-33268457ns
00:10:34 sim37 id=37 sync offset=-9625381ns
00:10:34 sim38 id=38 sync offset=26125821ns
00:10:34 sim39 id=39 sync offset=-35685400ns
00:10:34 sim40 id=40 sync offset=-26768988ns
00:10:34 sim41 id=41 sync offset=-8824864ns
00:10:34 sim42 id=42 sync offset=37701047ns
00:10:34 sim43 id=43 sync offset=-25847915ns
00:10:34 sim44 id=44 sync offset=-28843967ns
00:10:34 sim45 id=45 sync offset=2515401ns
00:10:34 sim46 id=46 sync offset=14824936ns
00:10:34 sim47 id=47 sync offset=5005443ns
00:10:34 sim48 id=48 sync offset=-36760847ns
00:10:34 sim49 id=49 sync offset=-31618261ns
00:10:34 sim50 id=50 sync offset=-4954337ns
00:10:34 sim1 id=1 sync offset=-6779446ns
00:10:34 sim2 id=2 sync offset=36545037ns
00:10:34 sim3 id=3 sync offset=23548398ns
00:10:34 sim4 id=4 sync offset=-3682686ns
00:10:34 sim5 id=5 sync offset=-16178067ns
00:10:34 sim6 id=6 sync offset=-11416789ns
00:10:34 sim7 id=7 sync offset=37325209ns
00:10:34 sim8 id=8 sync offset=10624086ns
00:10:34 sim9 id=9 sync offset=591655ns
00:10:34 sim10 id=10 sync offset=-22761347ns
00:10:34 sim11 id=11 sync offset=31467719ns
00:10:34 sim12 id=12 sync offset=-4856594ns
00:10:34 sim13 id=13 sync offset=-7013130ns
00:10:34 sim14 id=14 sync offset=-37710778ns
00:10:34 sim15 id=15 sync offset=9376902ns
00:10:34 sim16 id=16 sync offset=-35069135ns
00:10:34 sim17 id=17 sync offset=-18029511ns
00:10:34 sim18 id=18 sync offset=15262705ns
00:10:34 sim19 id=19 sync offset=21217944ns
00:10:34 sim20 id=20 sync offset=-23146026ns
00:10:34 sim21 id=21 sync offset=-30298120ns
00:10:34 sim22 id=22 sync offset=-30587000ns
00:10:34 sim23 id=23 sync offset=-5068204ns
00:10:34 sim24 id=24 sync offset=-476847ns
00:10:34 sim25 id=25 sync offset=-12089405ns
00:10:34 sim26 id=26 sync offset=-39893169ns
00:10:34 sim27 id=27 sync offset=16015567ns
00:10:34 sim28 id=28 sync offset=27175587ns
00:10:34 sim29 id=29 sync offset=-31663661ns
00:10:34 sim30 id=30 sync offset=35020790ns
00:10:34 sim31 id=31 sync offset=16466209ns
00:10:34 sim32 id=32 sync offset=-8146342ns
00:10:34 sim33 id=33 sync offset=-30583657ns
00:10:34 sim34 id=34 sync offset=-38270381ns
00:10:34 sim35 id=35 sync offset=-34328207ns
00:10:34 sim36 id=36 sync offset=-33254998ns
00:10:34 sim37 id=37 sync offset=-9625381ns
00:10:34 sim38 id=38 sync offset=26125821ns
00:10:34 sim39 id=39 sync offset=-35685400ns
00:10:34 sim40 id=40 sync offset=-26768988ns
00:10:34 sim41 id=41 sync offset=-8824864ns
00:10:34 sim42 id=42 sync offset=37701047ns
00:10:34 sim43 id=43 sync offset=-25847915ns
00:10:34 sim44 id=44 sync offset=-28843967ns
00:10:34 sim45 id=45 sync offset=2515401ns
00:10:34 sim46 id=46 sync offset=14824936ns
00:10:34 sim47 id=47 sync offset=5003640ns
00:10:34 sim48 id=48 sync offset=-36763962ns
00:10:34 sim49 id=49 sync offset=-31620105ns
00:10:34 sim50 id=50 sync offset=-4954337ns
00:10:35 sim1 id=1 sync offset=-6779446ns
00:10:35 sim2 id=2 sync offset=36543745ns
00:10:35 sim3 id=3 sync offset=23547482ns
00:10:35 sim4 id=4 sync offset=-3683790ns
00:10:35 sim5 id=5 sync offset=-16184265ns
00:10:35 sim6 id=6 sync offset=-11423153ns
00:10:35 sim7 id=7 sync offset=37319907ns
00:10:35 sim8 id=8 sync offset=10621055ns
00:10:35 sim9 id=9 sync offset=589634ns
00:10:35 sim10 id=10 sync offset=-22772014ns
00:10:35 sim11 id=11 sync offset=31466490ns
00:10:35 sim12 id=12 sync offset=-4862052ns
00:10:35 sim13 id=13 sync offset=-7016589ns
00:10:35 sim14 id=14 sync offset=-37724277ns
00:10:35 sim15 id=15 sync offset=9370381ns
00:10:35 sim16 id=16 sync offset=-35080988ns
00:10:35 sim17 id=17 sync offset=-18041875ns
00:10:35 sim18 id=18 sync offset=15255164ns
00:10:35 sim19 id=19 sync offset=21217944ns
00:10:35 sim20 id=20 sync offset=-23146026ns
00:10:35 sim21 id=21 sync offset=-30298120ns
00:10:35 sim22 id=22 sync offset=-30587000ns
00:10:35 sim23 id=23 sync offset=-5065788ns
00:10:35 sim24 id=24 sync offset=-473420ns
00:10:35 sim25 id=25 sync offset=-12096853ns
00:10:35 sim26 id=26 sync offset=-39893169ns
00:10:35 sim27 id=27 sync offset=16015567ns
00:10:35 sim28 id=28 sync offset=27167170ns
00:10:35 sim29 id=29 sync offset=-31671932ns
00:10:35 sim30 id=30 sync offset=35008019ns
00:10:35 sim31 id=31 sync offset=16451282ns
00:10:35 sim32 id=32 sync offset=-8162999ns
00:10:35 sim33 id=33 sync offset=-30598834ns
00:10:35 sim34 id=34 sync offset=-38270381ns
00:10:35 sim35 id=35 sync offset=-34333050ns
00:10:35 sim36 id=36 sync offset=-33259831ns
00:10:35 sim37 id=37 sync offset=-9625381ns
00:10:35 sim38 id=38 sync offset=26125821ns
00:10:35 sim39 id=39 sync offset=-35685400ns
00:10:35 sim40 id=40 sync offset=-26768988ns
00:10:35 sim41 id=41 sync offset=-8824864ns
00:10:35 sim42 id=42 sync offset=37701047ns
00:10:35 sim43 id=43 sync offset=-25847915ns
00:10:35 sim44 id=44 sync offset=-28843967ns
00:10:35 sim45 id=45 sync offset=2515401ns
00:10:35 sim46 id=46 sync offset=14824936ns
00:10:35 sim47 id=47 sync offset=5003640ns
00:10:35 sim48 id=48 sync offset=-36763962ns
00:10:35 sim49 id=49 sync offset=-31620105ns
00:10:35 sim50 id=50 sync offset=-4954337ns
00:10:35 sim1 id=1 sync offset=-6779540ns
00:10:35 sim2 id=2 sync offset=36546610ns
00:10:35 sim3 id=3 sync offset=23556899ns
00:10:35 sim4 id=4 sync offset=-3679498ns
00:10:35 sim5 id=5 sync offset=-16184265ns
00:10:35 sim6 id=6 sync offset=-11423153ns
00:10:35 sim7 id=7 sync offset=37319907ns
00:10:35 sim8 id=8 sync offset=10621055ns
00:10:35 sim9 id=9 sync offset=589634ns
00:10:35 sim10 id=10 sync offset=-22772014ns
00:10:35 sim11 id=11 sync offset=31466490ns
00:10:35 sim12 id=12 sync offset=-4862052ns
00:10:35 sim13 id=13 sync offset=-7016589ns
00:10:35 sim14 id=14 sync offset=-37724277ns
00:10:35 sim15 id=15 sync offset=9370381ns
00:10:35 sim16 id=16 sync offset=-35080988ns
00:10:35 sim17 id=17 sync offset=-18041875ns
00:10:35 sim18 id=18 sync offset=15255164ns
00:10:35 sim19 id=19 sync offset=21217944ns
00:10:35 sim20 id=20 sync offset=-23146026ns
00:10:35 sim21 id=21 sync offset=-30298120ns
00:10:35 sim22 id=22 sync offset=-30587000ns
00:10:35 sim23 id=23 sync offset=-5018684ns
00:10:35 sim24 id=24 sync offset=-421066ns
00:10:35 sim25 id=25 sync offset=-12074582ns
00:10:35 sim26 id=26 sync offset=-39879690ns
00:10:35 sim27 id=27 sync offset=16029233ns
00:10:35 sim28 id=28 sync offset=27175587ns
00:10:35 sim29 id=29 sync offset=-31663661ns
00:10:35 sim30 id=30 sync offset=35020790ns
00:10:35 sim31 id=31 sync offset=16466209ns
00:10:35 sim32 id=32 sync offset=-8146342ns
00:10:35 sim33 id=33 sync offset=-30583657ns
00:10:35 sim34 id=34 sync offset=-38261402ns
00:10:35 sim35 id=35 sync offset=-34319477ns
00:10:35 sim36 id=36 sync offset=-33246373ns
00:10:35 sim37 id=37 sync offset=-9610527ns
00:10:35 sim38 id=38 sync offset=26143862ns
00:10:35 sim39 id=39 sync offset=-35666734ns
00:10:35 sim40 id=40 sync offset=-26757238ns
00:10:35 sim41 id=41 sync offset=-8811531ns
00:10:35 sim42 id=42 sync offset=37719672ns
00:10:35 sim43 id=43 sync offset=-25831124ns
00:10:35 sim44 id=44 sync offset=-28827238ns
00:10:35 sim45 id=45 sync offset=2530714ns
00:10:35 sim46 id=46 sync offset=14838832ns
00:10:35 sim47 id=47 sync offset=5031755ns
00:10:35 sim48 id=48 sync offset=-36735149ns
00:10:35 sim49 id=49 sync offset=-31592313ns
00:10:35 sim50 id=50 sync offset=-4932306ns
00:10:36 sim1 id=1 sync offset=-6779446ns
00:10:36 sim2 id=2 sync offset=36545037ns
00:10:36 sim3 id=3 sync offset=23552190ns
00:10:36 sim4 id=4 sync offset=-3679498ns
00:10:36 sim5 id=5 sync offset=-16184421ns
00:10:36 sim6 id=6 sync offset=-11423539ns
00:10:36 sim7 id=7 sync offset=37319907ns
00:10:36 sim8 id=8 sync offset=10621055ns
00:10:36 sim9 id=9 sync offset=589634ns
00:10:36 sim10 id=10 sync offset=-22772452ns
00:10:36 sim11 id=11 sync offset=31460281ns
00:10:36 sim12 id=12 sync offset=-4863886ns
00:10:36 sim13 id=13 sync offset=-7017381ns
00:10:36 sim14 id=14 sync offset=-37724277ns
00:10:36 sim15 id=15 sync offset=9364121ns
00:10:36 sim16 id=16 sync offset=-35080988ns
00:10:36 sim17 id=17 sync offset=-18041875ns
00:10:36 sim18 id=18 sync offset=15255164ns
00:10:36 sim19 id=19 sync offset=21223735ns
00:10:36 sim20 id=20 sync offset=-23146026ns
00:10:36 sim21 id=21 sync offset=-30293703ns
00:10:36 sim22 id=22 sync offset=-30573875ns
00:10:36 sim23 id=23 sync offset=-5018684ns
00:10:36 sim24 id=24 sync offset=-421066ns
00:10:36 sim25 id=25 sync offset=-12076551ns
00:10:36 sim26 id=26 sync offset=-39890231ns
00:10:36 sim27 id=27 sync offset=16024671ns
00:10:36 sim28 id=28 sync offset=27167170ns
00:10:36 sim29 id=29 sync offset=-31671932ns
00:10:36 sim30 id=30 sync offset=35009415ns
00:10:36 sim31 id=31 sync offset=16454230ns
00:10:36 sim32 id=32 sync offset=-8162999ns
00:10:36 sim33 id=33 sync offset=-30597928ns
00:10:36 sim34 id=34 sync offset=-38255850ns
00:10:36 sim35 id=35 sync offset=-34319477ns
00:10:36 sim36 id=36 sync offset=-33246373ns
00:10:36 sim37 id=37 sync offset=-9607026ns
00:10:36 sim38 id=38 sync offset=26143862ns
00:10:36 sim39 id=39 sync offset=-35666734ns
00:10:36 sim40 id=40 sync offset=-26757238ns
00:10:36 sim41 id=41 sync offset=-8801406ns
00:10:36 sim42 id=42 sync offset=37725901ns
00:10:36 sim43 id=43 sync offset=-25825749ns
00:10:36 sim44 id=44 sync offset=-28821446ns
00:10:36 sim45 id=45 sync offset=2539610ns
00:10:36 sim46 id=46 sync offset=14845583ns
00:10:36 sim47 id=47 sync offset=5046202ns
00:10:36 sim48 id=48 sync offset=-36721878ns
00:10:36 sim49 id=49 sync offset=-31579678ns
00:10:36 sim50 id=50 sync offset=-4920295ns
00:10:36 sim1 id=1 sync offset=-6779353ns
00:10:36 sim2 id=2 sync offset=36545037ns
00:10:36 sim3 id=3 sync offset=23555805ns
00:10:36 sim4 id=4 sync offset=-3679498ns
00:10:36 sim5 id=5 sync offset=-16182098ns
00:10:36 sim6 id=6 sync offset=-11416789ns
00:10:36 sim7 id=7 sync offset=37319907ns
00:10:36 sim8 id=8 sync offset=10622065ns
00:10:36 sim9 id=9 sync offset=591655ns
00:10:36 sim10 id=10 sync offset=-22772014ns
00:10:36 sim11 id=11 sync offset=31466490ns
00:10:36 sim12 id=12 sync offset=-4862052ns
00:10:36 sim13 id=13 sync offset=-7016589ns
00:10:36 sim14 id=14 sync offset=-37710778ns
00:10:36 sim15 id=15 sync offset=9376642ns
00:10:36 sim16 id=16 sync offset=-35069135ns
00:10:36 sim17 id=17 sync offset=-18033938ns
00:10:36 sim18 id=18 sync offset=15262705ns
00:10:36 sim19 id=19 sync offset=21232329ns
00:10:36 sim20 id=20 sync offset=-23133089ns
00:10:36 sim21 id=21 sync offset=-30261683ns
00:10:36 sim22 id=22 sync offset=-30536104ns
00:10:36 sim23 id=23 sync offset=-5010226ns
00:10:36 sim24 id=24 sync offset=-417649ns
00:10:36 sim25 id=25 sync offset=-12059738ns
00:10:36 sim26 id=26 sync offset=-39879690ns
00:10:36 sim27 id=27 sync offset=16029233ns
00:10:36 sim28 id=28 sync offset=27197441ns
00:10:36 sim29 id=29 sync offset=-31644067ns
00:10:36 sim30 id=30 sync offset=35038227ns
00:10:36 sim31 id=31 sync offset=16480927ns
00:10:36 sim32 id=32 sync offset=-8155249ns
00:10:36 sim33 id=33 sync offset=-30597928ns
00:10:36 sim34 id=34 sync offset=-38255850ns
00:10:36 sim35 id=35 sync offset=-34319477ns
00:10:36 sim36 id=36 sync offset=-33246373ns
00:10:36 sim37 id=37 sync offset=-9607026ns
00:10:36 sim38 id=38 sync offset=26143862ns
00:10:36 sim39 id=39 sync offset=-35666734ns
00:10:36 sim40 id=40 sync offset=-26757238ns
00:10:36 sim41 id=41 sync offset=-8801406ns
00:10:36 sim42 id=42 sync offset=37725901ns
00:10:36 sim43 id=43 sync offset=-25825749ns
00:10:36 sim44 id=44 sync offset=-28821446ns
00:10:36 sim45 id=45 sync offset=2539610ns
00:10:36 sim46 id=46 sync offset=14858853ns
00:10:36 sim47 id=47 sync offset=5056452ns
00:10:36 sim48 id=48 sync offset=-36715431ns
00:10:36 sim49 id=49 sync offset=-31576095ns
00:10:36 sim50 id=50 sync offset=-4918233ns
00:10:36 sim1 id=1 sync offset=-6779353ns
00:10:36 sim2 id=2 sync offset=36552246ns
00:10:36 sim3 id=3 sync offset=23557878ns
00:10:36 sim4 id=4 sync offset=-3676624ns
00:10:36 sim5 id=5 sync offset=-16178067ns
00:10:36 sim6 id=6 sync offset=-11415559ns
00:10:36 sim7 id=7 sync offset=37329313ns
00:10:36 sim8 id=8 sync offset=10626773ns
00:10:36 sim9 id=9 sync offset=591655ns
00:10:36 sim10 id=10 sync offset=-22772014ns
00:10:36 sim11 id=11 sync offset=31467719ns
00:10:36 sim12 id=12 sync offset=-4862052ns
00:10:36 sim13 id=13 sync offset=-7016589ns
00:10:36 sim14 id=14 sync offset=-37710778ns
00:10:36 sim15 id=15 sync offset=9377038ns
00:10:36 sim16 id=16 sync offset=-35069135ns
00:10:36 sim17 id=17 sync offset=-18033938ns
00:10:36 sim18 id=18 sync offset=15262705ns
00:10:36 sim19 id=19 sync offset=21232329ns
00:10:36 sim20 id=20 sync offset=-23133089ns
00:10:36 sim21 id=21 sync offset=-30261683ns
00:10:36 sim22 id=22 sync offset=-30536104ns
00:10:36 sim23 id=23 sync offset=-5014455ns
00:10:36 sim24 id=24 sync offset=-419357ns
00:10:36 sim25 id=25 sync offset=-12059738ns
00:10:36 sim26 id=26 sync offset=-39879690ns
00:10:36 sim27 id=27 sync offset=16029233ns
00:10:36 sim28 id=28 sync offset=27168181ns
00:10:36 sim29 id=29 sync offset=-31669380ns
00:10:36 sim30 id=30 sync offset=35017311ns
00:10:36 sim31 id=31 sync offset=16463157ns
00:10:36 sim32 id=32 sync offset=-8161624ns
00:10:36 sim33 id=33 sync offset=-30613105ns
00:10:36 sim34 id=34 sync offset=-38261402ns
00:10:36 sim35 id=35 sync offset=-34324321ns
00:10:36 sim36 id=36 sync offset=-33251206ns
00:10:36 sim37 id=37 sync offset=-9610527ns
00:10:36 sim38 id=38 sync offset=26135216ns
00:10:36 sim39 id=39 sync offset=-35677473ns
00:10:36 sim40 id=40 sync offset=-26763957ns
00:10:36 sim41 id=41 sync offset=-8806468ns
00:10:36 sim42 id=42 sync offset=37722786ns
00:10:36 sim43 id=43 sync offset=-25828436ns
00:10:36 sim44 id=44 sync offset=-28824342ns
00:10:36 sim45 id=45 sync offset=2539453ns
00:10:36 sim46 id=46 sync offset=14852218ns
00:10:36 sim47 id=47 sync offset=5056452ns
00:10:36 sim48 id=48 sync offset=-36715431ns
00:10:36 sim49 id=49 sync offset=-31576095ns
00:10:36 sim50 id=50 sync offset=-4918233ns
00:10:37 sim1 id=1 sync offset=-6776279ns
00:10:37 sim2 id=2 sync offset=36553850ns
00:10:37 sim3 id=3 sync offset=23557878ns
00:10:37 sim4 id=4 sync offset=-3676624ns
00:10:37 sim5 id=5 sync offset=-16179088ns
00:10:37 sim6 id=6 sync offset=-11415559ns
00:10:37 sim7 id=7 sync offset=37326063ns
00:10:37 sim8 id=8 sync offset=10624888ns
00:10:37 sim9 id=9 sync offset=589634ns
00:10:37 sim10 id=10 sync offset=-22772014ns
00:10:37 sim11 id=11 sync offset=31466490ns
00:10:37 sim12 id=12 sync offset=-4856594ns
00:10:37 sim13 id=13 sync offset=-7017381ns
00:10:37 sim14 id=14 sync offset=-37713695ns
00:10:37 sim15 id=15 sync offset=9377038ns
00:10:37 sim16 id=16 sync offset=-35080988ns
00:10:37 sim17 id=17 sync offset=-18041875ns
00:10:37 sim18 id=18 sync offset=15255164ns
00:10:37 sim19 id=19 sync offset=21232329ns
00:10:37 sim20 id=20 sync offset=-23133089ns
00:10:37 sim21 id=21 sync offset=-30261683ns
00:10:37 sim22 id=22 sync offset=-30536104ns
00:10:37 sim23 id=23 sync offset=-5014455ns
00:10:37 sim24 id=24 sync offset=-419357ns
00:10:37 sim25 id=25 sync offset=-12059738ns
00:10:37 sim26 id=26 sync offset=-39879690ns
00:10:37 sim27 id=27 sync offset=16029233ns
00:10:37 sim28 id=28 sync offset=27168181ns
00:10:37 sim29 id=29 sync offset=-31669380ns
00:10:37 sim30 id=30 sync offset=35017311ns
00:10:37 sim31 id=31 sync offset=16463157ns
00:10:37 sim32 id=32 sync offset=-8161624ns
00:10:37 sim33 id=33 sync offset=-30613105ns
00:10:37 sim34 id=34 sync offset=-38261402ns
00:10:37 sim35 id=35 sync offset=-34324321ns
00:10:37 sim36 id=36 sync offset=-33251206ns
00:10:37 sim37 id=37 sync offset=-9610527ns
00:10:37 sim38 id=38 sync offset=26135216ns
00:10:37 sim39 id=39 sync offset=-35677473ns
00:10:37 sim40 id=40 sync offset=-26763957ns
00:10:37 sim41 id=41 sync offset=-8806468ns
00:10:37 sim42 id=42 sync offset=37722786ns
00:10:37 sim43 id=43 sync offset=-25828436ns
00:10:37 sim44 id=44 sync offset=-28824342ns
00:10:37 sim45 id=45 sync offset=2539453ns
00:10:37 sim46 id=46 sync offset=14852218ns
00:10:37 sim47 id=47 sync offset=5056452ns
00:10:37 sim48 id=48 sync offset=-36715431ns
00:10:37 sim49 id=49 sync offset=-31576095ns
00:10:37 sim50 id=50 sync offset=-4918233ns
00:10:37 sim1 id=1 sync offset=-6773019ns
00:10:37 sim2 id=2 sync offset=36552246ns
00:10:37 sim3 id=3 sync offset=23556784ns
00:10:37 sim4 id=4 sync offset=-3676624ns
00:10:37 sim5 id=5 sync offset=-16179088ns
00:10:37 sim6 id=6 sync offset=-11415559ns
00:10:37 sim7 id=7 sync offset=37326063ns
00:10:37 sim8 id=8 sync offset=10623304ns
00:10:37 sim9 id=9 sync offset=588072ns
00:10:37 sim10 id=10 sync offset=-22783055ns
00:10:37 sim11 id=11 sync offset=31451614ns
00:10:37 sim12 id=12 sync offset=-4856594ns
00:10:37 sim13 id=13 sync offset=-7018089ns
00:10:37 sim14 id=14 sync offset=-37713695ns
00:10:37 sim15 id=15 sync offset=9377038ns
00:10:37 sim16 id=16 sync offset=-35080988ns
00:10:37 sim17 id=17 sync offset=-18041875ns
00:10:37 sim18 id=18 sync offset=15255164ns
00:10:37 sim19 id=19 sync offset=21232329ns
00:10:37 sim20 id=20 sync offset=-23133089ns
00:10:37 sim21 id=21 sync offset=-30261683ns
00:10:37 sim22 id=22 sync offset=-30536104ns
00:10:37 sim23 id=23 sync offset=-5014455ns
00:10:37 sim24 id=24 sync offset=-419357ns
00:10:37 sim25 id=25 sync offset=-12059738ns
00:10:37 sim26 id=26 sync offset=-39879690ns
00:10:37 sim27 id=27 sync offset=16029233ns
00:10:37 sim28 id=28 sync offset=27168181ns
00:10:37 sim29 id=29 sync offset=-31669380ns
00:10:37 sim30 id=30 sync offset=35017311ns
00:10:37 sim31 id=31 sync offset=16463157ns
00:10:37 sim32 id=32 sync offset=-8161624ns
00:10:37 sim33 id=33 sync offset=-30613105ns
00:10:37 sim34 id=34 sync offset=-38261402ns
00:10:37 sim35 id=35 sync offset=-34324321ns
00:10:37 sim36 id=36 sync offset=-33251206ns
00:10:37 sim37 id=37 sync offset=-9610527ns
00:10:37 sim38 id=38 sync offset=26135216ns
00:10:37 sim39 id=39 sync offset=-35677473ns
00:10:37 sim40 id=40 sync offset=-26763957ns
00:10:37 sim41 id=41 sync offset=-8806468ns
00:10:37 sim42 id=42 sync offset=37722786ns
00:10:37 sim43 id=43 sync offset=-25828436ns
00:10:37 sim44 id=44 sync offset=-28824342ns
00:10:37 sim45 id=45 sync offset=2539453ns
00:10:37 sim46 id=46 sync offset=14852218ns
00:10:37 sim47 id=47 sync offset=5056452ns
00:10:37 sim48 id=48 sync offset=-36715431ns
00:10:37 sim49 id=49 sync offset=-31576095ns
00:10:37 sim50 id=50 sync offset=-4918233ns
00:10:38 sim1 id=1 sync offset=-6773019ns
00:10:38 sim2 id=2 sync offset=36549413ns
00:10:38 sim3 id=3 sync offset=23551096ns
00:10:38 sim4 id=4 sync offset=-3682770ns
00:10:38 sim5 id=5 sync offset=-16179213ns
00:10:38 sim6 id=6 sync offset=-11416268ns
00:10:38 sim7 id=7 sync offset=37327012ns
00:10:38 sim8 id=8 sync offset=10630721ns
00:10:38 sim9 id=9 sync offset=585061ns
00:10:38 sim10 id=10 sync offset=-22785826ns
00:10:38 sim11 id=11 sync offset=31452041ns
00:10:38 sim12 id=12 sync offset=-4859833ns
00:10:38 sim13 id=13 sync offset=-7024766ns
00:10:38 sim14 id=14 sync offset=-37715413ns
00:10:38 sim15 id=15 sync offset=9377100ns
00:10:38 sim16 id=16 sync offset=-35075061ns
00:10:38 sim17 id=17 sync offset=-18037906ns
00:10:38 sim18 id=18 sync offset=15258934ns
00:10:38 sim19 id=19 sync offset=21235131ns
00:10:38 sim20 id=20 sync offset=-23135714ns
00:10:38 sim21 id=21 sync offset=-30264329ns
00:10:38 sim22 id=22 sync offset=-30540750ns
00:10:38 sim23 id=23 sync offset=-5018684ns
00:10:38 sim24 id=24 sync offset=-421066ns
00:10:38 sim25 id=25 sync offset=-12059759ns
00:10:38 sim26 id=26 sync offset=-39890231ns
00:10:38 sim27 id=27 sync offset=16024671ns
00:10:38 sim28 id=28 sync offset=27166160ns
00:10:38 sim29 id=29 sync offset=-31674484ns
00:10:38 sim30 id=30 sync offset=35001520ns
00:10:38 sim31 id=31 sync offset=16445303ns
00:10:38 sim32 id=32 sync offset=-8164374ns
00:10:38 sim33 id=33 sync offset=-30622896ns
00:10:38 sim34 id=34 sync offset=-38278569ns
00:10:38 sim35 id=35 sync offset=-34341801ns
00:10:38 sim36 id=36 sync offset=-33268685ns
00:10:38 sim37 id=37 sync offset=-9625381ns
00:10:38 sim38 id=38 sync offset=26124185ns
00:10:38 sim39 id=39 sync offset=-35700577ns
00:10:38 sim40 id=40 sync offset=-26776582ns
00:10:38 sim41 id=41 sync offset=-8824208ns
00:10:38 sim42 id=42 sync offset=37703911ns
00:10:38 sim43 id=43 sync offset=-25847353ns
00:10:38 sim44 id=44 sync offset=-28843592ns
00:10:38 sim45 id=45 sync offset=2535005ns
00:10:38 sim46 id=46 sync offset=14842207ns
00:10:38 sim47 id=47 sync offset=5046202ns
00:10:38 sim48 id=48 sync offset=-36721878ns
00:10:38 sim49 id=49 sync offset=-31579678ns
00:10:38 sim50 id=50 sync offset=-4920295ns
00:10:38 sim1 id=1 sync offset=-6771487ns
00:10:38 sim2 id=2 sync offset=36549413ns
00:10:38 sim3 id=3 sync offset=23551096ns
00:10:38 sim4 id=4 sync offset=-3682770ns
00:10:38 sim5 id=5 sync offset=-16179213ns
00:10:38 sim6 id=6 sync offset=-11416268ns
00:10:38 sim7 id=7 sync offset=37327012ns
00:10:38 sim8 id=8 sync offset=10630721ns
00:10:38 sim9 id=9 sync offset=585061ns
00:10:38 sim10 id=10 sync offset=-22785826ns
00:10:38 sim11 id=11 sync offset=31452041ns
00:10:38 sim12 id=12 sync offset=-4859833ns
00:10:38 sim13 id=13 sync offset=-7024766ns
00:10:38 sim14 id=14 sync offset=-37715413ns
00:10:38 sim15 id=15 sync offset=9377100ns
00:10:38 sim16 id=16 sync offset=-35075061ns
00:10:38 sim17 id=17 sync offset=-18037906ns
00:10:38 sim18 id=18 sync offset=15258934ns
00:10:38 sim19 id=19 sync offset=21235131ns
00:10:38 sim20 id=20 sync offset=-23135714ns
00:10:38 sim21 id=21 sync offset=-30264329ns
00:10:38 sim22 id=22 sync offset=-30540750ns
00:10:38 sim23 id=23 sync offset=-5018684ns
00:10:38 sim24 id=24 sync offset=-421066ns
00:10:38 sim25 id=25 sync offset=-12059759ns
00:10:38 sim26 id=26 sync offset=-39879690ns
00:10:38 sim27 id=27 sync offset=16029233ns
00:10:38 sim28 id=28 sync offset=27168181ns
00:10:38 sim29 id=29 sync offset=-31669380ns
00:10:38 sim30 id=30 sync offset=35017311ns
00:10:38 sim31 id=31 sync offset=16463157ns
00:10:38 sim32 id=32 sync offset=-8161624ns
00:10:38 sim33 id=33 sync offset=-30613105ns
00:10:38 sim34 id=34 sync offset=-38261402ns
00:10:38 sim35 id=35 sync offset=-34324321ns
00:10:38 sim36 id=36 sync offset=-33251206ns
00:10:38 sim37 id=37 sync offset=-9610527ns
00:10:38 sim38 id=38 sync offset=26135216ns
00:10:38 sim39 id=39 sync offset=-35677473ns
00:10:38 sim40 id=40 sync offset=-26763957ns
00:10:38 sim41 id=41 sync offset=-8806468ns
00:10:38 sim42 id=42 sync offset=37722786ns
00:10:38 sim43 id=43 sync offset=-25828436ns
00:10:38 sim44 id=44 sync offset=-28824342ns
00:10:38 sim45 id=45 sync offset=2539453ns
00:10:38 sim46 id=46 sync offset=14852218ns
00:10:38 sim47 id=47 sync offset=5056452ns
00:10:38 sim48 id=48 sync offset=-36715431ns
00:10:38 sim49 id=49 sync offset=-31576095ns
00:10:38 sim50 id=50 sync offset=-4918233ns
00:10:39 sim50 id=50 event m0 fired dev_deadline=613212673403496 fire_mono=613212678665750
00:10:39 sim49 id=49 event m0 fired dev_deadline=613212646744113 fire_mono=613212679002958
00:10:39 sim44 id=44 event m0 fired dev_deadline=613212649480199 fire_mono=613212679023916
00:10:39 sim48 id=48 event m0 fired dev_deadline=613212641601913 fire_mono=613212679034750
00:10:39 sim43 id=43 event m0 fired dev_deadline=613212652476438 fire_mono=613212679042833
00:10:39 sim47 id=47 event m0 fired dev_deadline=613212683369993 fire_mono=613212679050416
00:10:39 sim42 id=42 event m0 fired dev_deadline=613212716027702 fire_mono=613212679058291
00:10:39 sim46 id=46 event m0 fired dev_deadline=613212693165998 fire_mono=613212679064458
00:10:39 sim40 id=40 event m0 fired dev_deadline=613212651547209 fire_mono=613212679070333
00:10:39 sim45 id=45 event m0 fired dev_deadline=613212680858796 fire_mono=613212679076916
00:10:39 sim41 id=41 event m0 fired dev_deadline=613212669499583 fire_mono=613212679082458
00:10:39 sim39 id=39 event m0 fired dev_deadline=613212642623214 fire_mono=613212679100791
00:10:39 sim38 id=38 event m0 fired dev_deadline=613212704447976 fire_mono=613212679108375
00:10:39 sim31 id=31 event m0 fired dev_deadline=613212694769094 fire_mono=613212679116041
00:10:39 sim37 id=37 event m0 fired dev_deadline=613212668698410 fire_mono=613212679122250
00:10:39 sim36 id=36 event m0 fired dev_deadline=613212645055106 fire_mono=613212679129708
00:10:39 sim30 id=30 event m0 fired dev_deadline=613212713325311 fire_mono=613212679135500
00:10:39 sim33 id=33 event m0 fired dev_deadline=613212647700895 fire_mono=613212679141541
00:10:39 sim35 id=35 event m0 fired dev_deadline=613212643981990 fire_mono=613212679147166
00:10:39 sim34 id=34 event m0 fired dev_deadline=613212640045222 fire_mono=613212679153833
00:10:39 sim32 id=32 event m0 fired dev_deadline=613212670159417 fire_mono=613212679159583
00:10:39 sim29 id=29 event m0 fired dev_deadline=613212646649307 fire_mono=613212679167000
00:10:39 sim28 id=28 event m0 fired dev_deadline=613212705489951 fire_mono=613212679172500
00:10:39 sim27 id=27 event m0 fired dev_deadline=613212694348462 fire_mono=613212679178208
00:10:39 sim26 id=26 event m0 fired dev_deadline=613212638433560 fire_mono=613212679183416
00:10:39 sim25 id=25 event m0 fired dev_deadline=613212666264032 fire_mono=613212679188541
00:10:39 sim24 id=24 event m0 fired dev_deadline=613212677902725 fire_mono=613212679193791
00:10:39 sim23 id=23 event m0 fired dev_deadline=613212673305107 fire_mono=613212679199708
00:10:39 sim22 id=22 event m0 fired dev_deadline=613212647783041 fire_mono=613212679205375
00:10:39 sim21 id=21 event m0 fired dev_deadline=613212648059462 fire_mono=613212679212208
00:10:39 sim20 id=20 event m0 fired dev_deadline=613212655188077 fire_mono=613212679217583
00:10:39 sim19 id=19 event m0 fired dev_deadline=613212699558922 fire_mono=613212679224083
00:10:39 sim18 id=18 event m0 fired dev_deadline=613212693582725 fire_mono=613212679231041
00:10:39 sim17 id=17 event m0 fired dev_deadline=613212660285885 fire_mono=613212679236916
00:10:39 sim16 id=16 event m0 fired dev_deadline=613212643248730 fire_mono=613212679244541
00:10:39 sim14 id=14 event m0 fired dev_deadline=613212640608378 fire_mono=613212679251416
00:10:39 sim15 id=15 event m0 fired dev_deadline=613212687700891 fire_mono=613212679257125
00:10:39 sim13 id=13 event m0 fired dev_deadline=613212671299025 fire_mono=613212679263083
00:10:39 sim11 id=11 event m0 fired dev_deadline=613212709775832 fire_mono=613212679268500
00:10:39 sim10 id=10 event m0 fired dev_deadline=613212655537965 fire_mono=613212679274333
00:10:39 sim12 id=12 event m0 fired dev_deadline=613212673463958 fire_mono=613212679304750
00:10:39 sim9 id=9 event m0 fired dev_deadline=613212678908852 fire_mono=613212679325416
00:10:39 sim8 id=8 event m0 fired dev_deadline=613212688954512 fire_mono=613212679335166
00:10:39 sim7 id=7 event m0 fired dev_deadline=613212715650803 fire_mono=613212679343250
00:10:39 sim6 id=6 event m0 fired dev_deadline=613212666907523 fire_mono=613212679351541
00:10:39 sim5 id=5 event m0 fired dev_deadline=613212662144578 fire_mono=613212679358291
00:10:39 sim4 id=4 event m0 fired dev_deadline=613212674641021 fire_mono=613212679364625
00:10:39 sim3 id=3 event m0 fired dev_deadline=613212701874887 fire_mono=613212679371125
00:10:39 sim2 id=2 event m0 fired dev_deadline=613212714873204 fire_mono=613212679377708
00:10:39 sim1 id=1 event m0 fired dev_deadline=613212671550772 fire_mono=613212679384416
00:10:39 sim1 id=1 sync offset=-6768123ns
00:10:39 sim2 id=2 sync offset=36549413ns
00:10:39 sim3 id=3 sync offset=23555919ns
00:10:39 sim4 id=4 sync offset=-3682770ns
00:10:39 sim5 id=5 sync offset=-16179213ns
00:10:39 sim6 id=6 sync offset=-11421195ns
00:10:39 sim7 id=7 sync offset=37321834ns
00:10:39 sim8 id=8 sync offset=10630721ns
00:10:39 sim9 id=9 sync offset=585061ns
00:10:39 sim10 id=10 sync offset=-22785826ns
00:10:39 sim11 id=11 sync offset=31452041ns
00:10:39 sim12 id=12 sync offset=-4869990ns
00:10:39 sim13 id=13 sync offset=-7032714ns
00:10:39 sim14 id=14 sync offset=-37720704ns
00:10:39 sim15 id=15 sync offset=9370579ns
00:10:39 sim16 id=16 sync offset=-35085436ns
00:10:39 sim17 id=17 sync offset=-18047865ns
00:10:39 sim18 id=18 sync offset=15249070ns
00:10:39 sim19 id=19 sync offset=21229527ns
00:10:39 sim20 id=20 sync offset=-23138005ns
00:10:39 sim21 id=21 sync offset=-30278162ns
00:10:39 sim22 id=22 sync offset=-30547125ns
00:10:39 sim23 id=23 sync offset=-5028664ns
00:10:39 sim24 id=24 sync offset=-449296ns
00:10:39 sim25 id=25 sync offset=-12079405ns
00:10:39 sim26 id=26 sync offset=-39879690ns
00:10:39 sim27 id=27 sync offset=16029233ns
00:10:39 sim28 id=28 sync offset=27168181ns
00:10:39 sim29 id=29 sync offset=-31669380ns
00:10:39 sim30 id=30 sync offset=35017311ns
00:10:39 sim31 id=31 sync offset=16463157ns
00:10:39 sim32 id=32 sync offset=-8161624ns
00:10:39 sim33 id=33 sync offset=-30613105ns
00:10:39 sim34 id=34 sync offset=-38261402ns
00:10:39 sim35 id=35 sync offset=-34324321ns
00:10:39 sim36 id=36 sync offset=-33251206ns
00:10:39 sim37 id=37 sync offset=-9610527ns
00:10:39 sim38 id=38 sync offset=26135216ns
00:10:39 sim39 id=39 sync offset=-35677473ns
00:10:39 sim40 id=40 sync offset=-26763957ns
00:10:39 sim41 id=41 sync offset=-8806468ns
00:10:39 sim42 id=42 sync offset=37722786ns
00:10:39 sim43 id=43 sync offset=-25828436ns
00:10:39 sim44 id=44 sync offset=-28824342ns
00:10:39 sim45 id=45 sync offset=2539453ns
00:10:39 sim46 id=46 sync offset=14852218ns
00:10:39 sim47 id=47 sync offset=5056452ns
00:10:39 sim48 id=48 sync offset=-36715431ns
00:10:39 sim49 id=49 sync offset=-31576095ns
00:10:39 sim50 id=50 sync offset=-4918233ns
00:10:39 sim50 id=50 event m1 fired dev_deadline=613212774231308 fire_mono=613212780088625
00:10:39 sim49 id=49 event m1 fired dev_deadline=613212747573446 fire_mono=613212780136666
00:10:39 sim48 id=48 event m1 fired dev_deadline=613212742434110 fire_mono=613212780148041
00:10:39 sim47 id=47 event m1 fired dev_deadline=613212784205993 fire_mono=613212780157083
00:10:39 sim44 id=44 event m1 fired dev_deadline=613212750325199 fire_mono=613212780186666
00:10:39 sim45 id=45 event m1 fired dev_deadline=613212781688994 fire_mono=613212780198666
00:10:39 sim46 id=46 event m1 fired dev_deadline=613212794001759 fire_mono=613212780207083
00:10:39 sim43 id=43 event m1 fired dev_deadline=613212753321105 fire_mono=613212780214166
00:10:39 sim40 id=40 event m1 fired dev_deadline=613212752385584 fire_mono=613212780220375
00:10:39 sim42 id=42 event m1 fired dev_deadline=613212816872327 fire_mono=613212780227666
00:10:39 sim41 id=41 event m1 fired dev_deadline=613212770343073 fire_mono=613212780236041
00:10:39 sim39 id=39 event m1 fired dev_deadline=613212743472068 fire_mono=613212780242416
00:10:39 sim38 id=38 event m1 fired dev_deadline=613212805284757 fire_mono=613212780250625
00:10:39 sim33 id=33 event m1 fired dev_deadline=613212748536436 fire_mono=613212780257416
00:10:39 sim37 id=37 event m1 fired dev_deadline=613212769539014 fire_mono=613212780263208
00:10:39 sim32 id=32 event m1 fired dev_deadline=613212770987917 fire_mono=613212780268916
00:10:39 sim31 id=31 event m1 fired dev_deadline=613212795612698 fire_mono=613212780274583
00:10:39 sim30 id=30 event m1 fired dev_deadline=613212814166852 fire_mono=613212780280041
00:10:39 sim36 id=36 event m1 fired dev_deadline=613212745898335 fire_mono=613212780285250
00:10:39 sim29 id=29 event m1 fired dev_deadline=613212747480161 fire_mono=613212780290583
00:10:39 sim35 id=35 event m1 fired dev_deadline=613212744825220 fire_mono=613212780295833
00:10:39 sim28 id=28 event m1 fired dev_deadline=613212806317722 fire_mono=613212780301125
00:10:39 sim34 id=34 event m1 fired dev_deadline=613212740888139 fire_mono=613212780306708
00:10:39 sim27 id=27 event m1 fired dev_deadline=613212795178774 fire_mono=613212780312541
00:10:39 sim26 id=26 event m1 fired dev_deadline=613212739269851 fire_mono=613212780319000
00:10:39 sim25 id=25 event m1 fired dev_deadline=613212767089782 fire_mono=613212780324208
00:10:39 sim24 id=24 event m1 fired dev_deadline=613212778728475 fire_mono=613212780332166
00:10:39 sim23 id=23 event m1 fired dev_deadline=613212774130857 fire_mono=613212780337875
00:10:39 sim22 id=22 event m1 fired dev_deadline=613212748608791 fire_mono=613212780343250
00:10:39 sim20 id=20 event m1 fired dev_deadline=613212756013827 fire_mono=613212780348333
00:10:39 sim19 id=19 event m1 fired dev_deadline=613212800384672 fire_mono=613212780353541
00:10:39 sim18 id=18 event m1 fired dev_deadline=613212794408475 fire_mono=613212780358833
00:10:39 sim17 id=17 event m1 fired dev_deadline=613212761111635 fire_mono=613212780364208
00:10:39 sim21 id=21 event m1 fired dev_deadline=613212748885212 fire_mono=613212780369125
00:10:39 sim16 id=16 event m1 fired dev_deadline=613212744074480 fire_mono=613212780375125
00:10:39 sim14 id=14 event m1 fired dev_deadline=613212741434128 fire_mono=613212780381958
00:10:39 sim15 id=15 event m1 fired dev_deadline=613212788526641 fire_mono=613212780388166
00:10:39 sim13 id=13 event m1 fired dev_deadline=613212772124775 fire_mono=613212780394166
00:10:39 sim11 id=11 event m1 fired dev_deadline=613212810601582 fire_mono=613212780400208
00:10:39 sim10 id=10 event m1 fired dev_deadline=613212756363715 fire_mono=613212780405833
00:10:39 sim12 id=12 event m1 fired dev_deadline=613212774289708 fire_mono=613212780410791
00:10:39 sim9 id=9 event m1 fired dev_deadline=613212779734602 fire_mono=613212780416333
00:10:39 sim8 id=8 event m1 fired dev_deadline=613212789780262 fire_mono=613212780421833
00:10:39 sim7 id=7 event m1 fired dev_deadline=613212816476553 fire_mono=613212780427333
00:10:39 sim6 id=6 event m1 fired dev_deadline=613212767733273 fire_mono=613212780433416
00:10:39 sim5 id=5 event m1 fired dev_deadline=613212762970328 fire_mono=613212780438583
00:10:39 sim4 id=4 event m1 fired dev_deadline=613212775466771 fire_mono=613212780445916
00:10:39 sim3 id=3 event m1 fired dev_deadline=613212802700637 fire_mono=613212780451541
00:10:39 sim2 id=2 event m1 fired dev_deadline=613212815698954 fire_mono=613212780456500
00:10:39 sim1 id=1 event m1 fired dev_deadline=613212772378054 fire_mono=613212780462750
00:10:39 sim50 id=50 event m2 fired dev_deadline=613212875163183 fire_mono=613212881797208
00:10:39 sim49 id=49 event m2 fired dev_deadline=613212848505321 fire_mono=613212881846458
00:10:39 sim48 id=48 event m2 fired dev_deadline=613212843365985 fire_mono=613212881858291
00:10:39 sim47 id=47 event m2 fired dev_deadline=613212885137868 fire_mono=613212881866083
00:10:39 sim44 id=44 event m2 fired dev_deadline=613212851257074 fire_mono=613212881873125
00:10:39 sim45 id=45 event m2 fired dev_deadline=613212882620869 fire_mono=613212881881083
00:10:39 sim46 id=46 event m2 fired dev_deadline=613212894933634 fire_mono=613212881888708
00:10:39 sim43 id=43 event m2 fired dev_deadline=613212854252980 fire_mono=613212881895875
00:10:39 sim40 id=40 event m2 fired dev_deadline=613212853317459 fire_mono=613212881902000
00:10:39 sim42 id=42 event m2 fired dev_deadline=613212917804202 fire_mono=613212881907916
00:10:39 sim41 id=41 event m2 fired dev_deadline=613212871274948 fire_mono=613212881913416
00:10:39 sim39 id=39 event m2 fired dev_deadline=613212844403943 fire_mono=613212881919250
00:10:39 sim38 id=38 event m2 fired dev_deadline=613212906216632 fire_mono=613212881927625
00:10:39 sim33 id=33 event m2 fired dev_deadline=613212849468311 fire_mono=613212881935958
00:10:39 sim37 id=37 event m2 fired dev_deadline=613212870470889 fire_mono=613212881965375
00:10:39 sim32 id=32 event m2 fired dev_deadline=613212871919792 fire_mono=613212881972166
00:10:39 sim31 id=31 event m2 fired dev_deadline=613212896544573 fire_mono=613212881979750
00:10:39 sim30 id=30 event m2 fired dev_deadline=613212915098727 fire_mono=613212881986416
00:10:39 sim36 id=36 event m2 fired dev_deadline=613212846830210 fire_mono=613212881993125
00:10:39 sim29 id=29 event m2 fired dev_deadline=613212848412036 fire_mono=613212881998333
00:10:39 sim35 id=35 event m2 fired dev_deadline=613212845757095 fire_mono=613212882005291
00:10:39 sim28 id=28 event m2 fired dev_deadline=613212907249597 fire_mono=613212882012291
00:10:39 sim34 id=34 event m2 fired dev_deadline=613212841820014 fire_mono=613212882018541
00:10:39 sim27 id=27 event m2 fired dev_deadline=613212896110649 fire_mono=613212882024375
00:10:39 sim26 id=26 event m2 fired dev_deadline=613212840201726 fire_mono=613212882030166
00:10:39 sim25 id=25 event m2 fired dev_deadline=613212868021657 fire_mono=613212882037750
00:10:39 sim24 id=24 event m2 fired dev_deadline=613212879660350 fire_mono=613212882043458
00:10:39 sim23 id=23 event m2 fired dev_deadline=613212875062732 fire_mono=613212882050083
00:10:39 sim22 id=22 event m2 fired dev_deadline=613212849540666 fire_mono=613212882055541
00:10:39 sim21 id=21 event m2 fired dev_deadline=613212849817087 fire_mono=613212882062000
00:10:39 sim20 id=20 event m2 fired dev_deadline=613212856945702 fire_mono=613212882069958
00:10:39 sim19 id=19 event m2 fired dev_deadline=613212901316547 fire_mono=613212882075708
00:10:39 sim18 id=18 event m2 fired dev_deadline=613212895340350 fire_mono=613212882081916
00:10:39 sim17 id=17 event m2 fired dev_deadline=613212862043510 fire_mono=613212882087583
00:10:39 sim16 id=16 event m2 fired dev_deadline=613212845006355 fire_mono=613212882093208
00:10:39 sim14 id=14 event m2 fired dev_deadline=613212842366003 fire_mono=613212882101166
00:10:39 sim15 id=15 event m2 fired dev_deadline=613212889458516 fire_mono=613212882106833
00:10:39 sim13 id=13 event m2 fired dev_deadline=613212873056650 fire_mono=613212882113833
00:10:39 sim11 id=11 event m2 fired dev_deadline=613212911533457 fire_mono=613212882120000
00:10:39 sim10 id=10 event m2 fired dev_deadline=613212857295590 fire_mono=613212882127000
00:10:39 sim12 id=12 event m2 fired dev_deadline=613212875221583 fire_mono=613212882132625
00:10:39 sim9 id=9 event m2 fired dev_deadline=613212880666477 fire_mono=613212882138208
00:10:39 sim8 id=8 event m2 fired dev_deadline=613212890712137 fire_mono=613212882144083
00:10:39 sim7 id=7 event m2 fired dev_deadline=613212917408428 fire_mono=613212882149666
00:10:39 sim6 id=6 event m2 fired dev_deadline=613212868665148 fire_mono=613212882156375
00:10:39 sim5 id=5 event m2 fired dev_deadline=613212863902203 fire_mono=613212882161791
00:10:39 sim4 id=4 event m2 fired dev_deadline=613212876398646 fire_mono=613212882168208
00:10:39 sim3 id=3 event m2 fired dev_deadline=613212903632512 fire_mono=613212882175458
00:10:39 sim2 id=2 event m2 fired dev_deadline=613212916630829 fire_mono=613212882181000
00:10:39 sim1 id=1 event m2 fired dev_deadline=613212873309929 fire_mono=613212882187250
00:10:39 sim50 id=50 event m3 fired dev_deadline=613212975631850 fire_mono=613212982225791
00:10:39 sim49 id=49 event m3 fired dev_deadline=613212948973988 fire_mono=613212982276333
00:10:39 sim48 id=48 event m3 fired dev_deadline=613212943834652 fire_mono=613212982289333
00:10:39 sim47 id=47 event m3 fired dev_deadline=613212985606535 fire_mono=613212982297458
00:10:39 sim44 id=44 event m3 fired dev_deadline=613212951725741 fire_mono=613212982304958
00:10:39 sim45 id=45 event m3 fired dev_deadline=613212983089536 fire_mono=613212982311416
00:10:39 sim46 id=46 event m3 fired dev_deadline=613212995402301 fire_mono=613212982317208
00:10:39 sim43 id=43 event m3 fired dev_deadline=613212954721647 fire_mono=613212982322791
00:10:39 sim40 id=40 event m3 fired dev_deadline=613212953786126 fire_mono=613212982346500
00:10:39 sim42 id=42 event m3 fired dev_deadline=613213018272869 fire_mono=613212982354625
00:10:39 sim41 id=41 event m3 fired dev_deadline=613212971743615 fire_mono=613212982360500
00:10:39 sim39 id=39 event m3 fired dev_deadline=613212944872610 fire_mono=613212982366250
00:10:39 sim38 id=38 event m3 fired dev_deadline=613213006685299 fire_mono=613212982371541
00:10:39 sim33 id=33 event m3 fired dev_deadline=613212949936978 fire_mono=613212982377083
00:10:39 sim37 id=37 event m3 fired dev_deadline=613212970939556 fire_mono=613212982382291
00:10:39 sim32 id=32 event m3 fired dev_deadline=613212972388459 fire_mono=613212982387708
00:10:39 sim31 id=31 event m3 fired dev_deadline=613212997013240 fire_mono=613212982394125
00:10:39 sim30 id=30 event m3 fired dev_deadline=613213015567394 fire_mono=613212982400125
00:10:39 sim36 id=36 event m3 fired dev_deadline=613212947298877 fire_mono=613212982405958
00:10:39 sim29 id=29 event m3 fired dev_deadline=613212948880703 fire_mono=613212982411333
00:10:39 sim35 id=35 event m3 fired dev_deadline=613212946225762 fire_mono=613212982416916
00:10:39 sim28 id=28 event m3 fired dev_deadline=613213007718264 fire_mono=613212982422833
00:10:39 sim34 id=34 event m3 fired dev_deadline=613212942288681 fire_mono=613212982433125
00:10:39 sim27 id=27 event m3 fired dev_deadline=613212996579316 fire_mono=613212982438458
00:10:39 sim26 id=26 event m3 fired dev_deadline=613212940670393 fire_mono=613212982446166
00:10:39 sim25 id=25 event m3 fired dev_deadline=613212968490324 fire_mono=613212982453958
00:10:39 sim24 id=24 event m3 fired dev_deadline=613212980129017 fire_mono=613212982459250
00:10:39 sim23 id=23 event m3 fired dev_deadline=613212975531399 fire_mono=613212982464875
00:10:39 sim22 id=22 event m3 fired dev_deadline=613212950009333 fire_mono=613212982470708
00:10:39 sim21 id=21 event m3 fired dev_deadline=613212950285754 fire_mono=613212982476166
00:10:39 sim20 id=20 event m3 fired dev_deadline=613212957414369 fire_mono=613212982481958
00:10:39 sim19 id=19 event m3 fired dev_deadline=613213001785214 fire_mono=613212982488083
00:10:39 sim18 id=18 event m3 fired dev_deadline=613212995809017 fire_mono=613212982493208
00:10:39 sim17 id=17 event m3 fired dev_deadline=613212962512177 fire_mono=613212982500375
00:10:39 sim16 id=16 event m3 fired dev_deadline=613212945475022 fire_mono=613212982506416
00:10:39 sim14 id=14 event m3 fired dev_deadline=613212942834670 fire_mono=613212982513416
00:10:39 sim15 id=15 event m3 fired dev_deadline=613212989927183 fire_mono=613212982519333
00:10:39 sim13 id=13 event m3 fired dev_deadline=613212973525317 fire_mono=613212982525208
00:10:39 sim11 id=11 event m3 fired dev_deadline=613213012002124 fire_mono=613212982530958
00:10:39 sim10 id=10 event m3 fired dev_deadline=613212957764257 fire_mono=613212982536708
00:10:39 sim12 id=12 event m3 fired dev_deadline=613212975690250 fire_mono=613212982542333
00:10:39 sim9 id=9 event m3 fired dev_deadline=613212981135144 fire_mono=613212982547708
00:10:39 sim8 id=8 event m3 fired dev_deadline=613212991180804 fire_mono=613212982553541
00:10:39 sim7 id=7 event m3 fired dev_deadline=613213017877095 fire_mono=613212982559708
00:10:39 sim6 id=6 event m3 fired dev_deadline=613212969133815 fire_mono=613212982565500
00:10:39 sim5 id=5 event m3 fired dev_deadline=613212964370870 fire_mono=613212982572666
00:10:39 sim4 id=4 event m3 fired dev_deadline=613212976867313 fire_mono=613212982578208
00:10:39 sim3 id=3 event m3 fired dev_deadline=613213004101179 fire_mono=613212982583583
00:10:39 sim2 id=2 event m3 fired dev_deadline=613213017099496 fire_mono=613212982590666
00:10:39 sim1 id=1 event m3 fired dev_deadline=613212973778596 fire_mono=613212982596166
00:10:39 sim50 id=50 event m4 fired dev_deadline=613213076137183 fire_mono=613213082219291
00:10:39 sim49 id=49 event m4 fired dev_deadline=613213049479321 fire_mono=613213082270166
00:10:39 sim48 id=48 event m4 fired dev_deadline=613213044339985 fire_mono=613213082281500
00:10:39 sim47 id=47 event m4 fired dev_deadline=613213086111868 fire_mono=613213082290375
00:10:39 sim44 id=44 event m4 fired dev_deadline=613213052231074 fire_mono=613213082297791
00:10:39 sim45 id=45 event m4 fired dev_deadline=613213083594869 fire_mono=613213082304625
00:10:39 sim46 id=46 event m4 fired dev_deadline=613213095907634 fire_mono=613213082310916
00:10:39 sim43 id=43 event m4 fired dev_deadline=613213055226980 fire_mono=613213082316875
00:10:39 sim40 id=40 event m4 fired dev_deadline=613213054291459 fire_mono=613213082323375
00:10:39 sim42 id=42 event m4 fired dev_deadline=613213118778202 fire_mono=613213082329500
00:10:39 sim41 id=41 event m4 fired dev_deadline=613213072248948 fire_mono=613213082335250
00:10:39 sim39 id=39 event m4 fired dev_deadline=613213045377943 fire_mono=613213082340500
00:10:39 sim38 id=38 event m4 fired dev_deadline=613213107190632 fire_mono=613213082346166
00:10:39 sim33 id=33 event m4 fired dev_deadline=613213050442311 fire_mono=613213082352375
00:10:39 sim37 id=37 event m4 fired dev_deadline=613213071444889 fire_mono=613213082359125
00:10:39 sim32 id=32 event m4 fired dev_deadline=613213072893792 fire_mono=613213082365000
00:10:39 sim31 id=31 event m4 fired dev_deadline=613213097518573 fire_mono=613213082371416
00:10:39 sim30 id=30 event m4 fired dev_deadline=613213116072727 fire_mono=613213082378375
00:10:39 sim36 id=36 event m4 fired dev_deadline=613213047804210 fire_mono=613213082384458
00:10:39 sim29 id=29 event m4 fired dev_deadline=613213049386036 fire_mono=613213082390291
00:10:39 sim35 id=35 event m4 fired dev_deadline=613213046731095 fire_mono=613213082398458
00:10:39 sim28 id=28 event m4 fired dev_deadline=613213108223597 fire_mono=613213082404458
00:10:39 sim34 id=34 event m4 fired dev_deadline=613213042794014 fire_mono=613213082411000
00:10:39 sim27 id=27 event m4 fired dev_deadline=613213097084649 fire_mono=613213082416708
00:10:39 sim26 id=26 event m4 fired dev_deadline=613213041175726 fire_mono=613213082482500
00:10:39 sim25 id=25 event m4 fired dev_deadline=613213068995657 fire_mono=613213082497750
00:10:39 sim24 id=24 event m4 fired dev_deadline=613213080634350 fire_mono=613213082506625
00:10:39 sim23 id=23 event m4 fired dev_deadline=613213076036732 fire_mono=613213082514166
00:10:39 sim22 id=22 event m4 fired dev_deadline=613213050514666 fire_mono=613213082521041
00:10:39 sim21 id=21 event m4 fired dev_deadline=613213050791087 fire_mono=613213082526958
00:10:39 sim20 id=20 event m4 fired dev_deadline=613213057919702 fire_mono=613213082533083
00:10:39 sim19 id=19 event m4 fired dev_deadline=613213102290547 fire_mono=613213082538875
00:10:39 sim18 id=18 event m4 fired dev_deadline=613213096314350 fire_mono=613213082544791
00:10:39 sim17 id=17 event m4 fired dev_deadline=613213063017510 fire_mono=613213082550291
00:10:39 sim16 id=16 event m4 fired dev_deadline=613213045980355 fire_mono=613213082556583
00:10:39 sim14 id=14 event m4 fired dev_deadline=613213043340003 fire_mono=613213082646708
00:10:39 sim15 id=15 event m4 fired dev_deadline=613213090432516 fire_mono=613213082660000
00:10:39 sim13 id=13 event m4 fired dev_deadline=613213074030650 fire_mono=613213082666041
00:10:39 sim11 id=11 event m4 fired dev_deadline=613213112507457 fire_mono=613213082673625
00:10:39 sim10 id=10 event m4 fired dev_deadline=613213058269590 fire_mono=613213082679708
00:10:39 sim12 id=12 event m4 fired dev_deadline=613213076195583 fire_mono=613213082684916
00:10:39 sim9 id=9 event m4 fired dev_deadline=613213081640477 fire_mono=613213082691125
00:10:39 sim8 id=8 event m4 fired dev_deadline=613213091686137 fire_mono=613213082696916
00:10:39 sim7 id=7 event m4 fired dev_deadline=613213118382428 fire_mono=613213082702958
00:10:39 sim6 id=6 event m4 fired dev_deadline=613213069639148 fire_mono=613213082710833
00:10:39 sim5 id=5 event m4 fired dev_deadline=613213064876203 fire_mono=613213082716416
00:10:39 sim4 id=4 event m4 fired dev_deadline=613213077372646 fire_mono=613213082722083
00:10:39 sim3 id=3 event m4 fired dev_deadline=613213104606512 fire_mono=613213082727916
00:10:39 sim2 id=2 event m4 fired dev_deadline=613213117604829 fire_mono=613213082736625
00:10:39 sim1 id=1 event m4 fired dev_deadline=613213074283929 fire_mono=613213082743000
00:10:39 sim50 id=50 event m5 fired dev_deadline=613213177963142 fire_mono=613213187187333
00:10:39 sim49 id=49 event m5 fired dev_deadline=613213151305280 fire_mono=613213187233333
00:10:39 sim48 id=48 event m5 fired dev_deadline=613213146165944 fire_mono=613213187245208
00:10:39 sim47 id=47 event m5 fired dev_deadline=613213187937827 fire_mono=613213187253625
00:10:39 sim44 id=44 event m5 fired dev_deadline=613213154057033 fire_mono=613213187260791
00:10:39 sim45 id=45 event m5 fired dev_deadline=613213185420828 fire_mono=613213187267500
00:10:39 sim46 id=46 event m5 fired dev_deadline=613213197733593 fire_mono=613213187274250
00:10:39 sim43 id=43 event m5 fired dev_deadline=613213157052939 fire_mono=613213187280416
00:10:39 sim40 id=40 event m5 fired dev_deadline=613213156117418 fire_mono=613213187286541
00:10:39 sim42 id=42 event m5 fired dev_deadline=613213220604161 fire_mono=613213187292666
00:10:39 sim41 id=41 event m5 fired dev_deadline=613213174074907 fire_mono=613213187298750
00:10:39 sim39 id=39 event m5 fired dev_deadline=613213147203902 fire_mono=613213187304833
00:10:39 sim38 id=38 event m5 fired dev_deadline=613213209016591 fire_mono=613213187310166
00:10:39 sim33 id=33 event m5 fired dev_deadline=613213152268270 fire_mono=613213187316666
00:10:39 sim37 id=37 event m5 fired dev_deadline=613213173270848 fire_mono=613213187322083
00:10:39 sim32 id=32 event m5 fired dev_deadline=613213174719751 fire_mono=613213187328291
00:10:39 sim31 id=31 event m5 fired dev_deadline=613213199344532 fire_mono=613213187335666
00:10:39 sim30 id=30 event m5 fired dev_deadline=613213217898686 fire_mono=613213187341166
00:10:39 sim36 id=36 event m5 fired dev_deadline=613213149630169 fire_mono=613213187346666
00:10:39 sim29 id=29 event m5 fired dev_deadline=613213151211995 fire_mono=613213187352583
00:10:39 sim35 id=35 event m5 fired dev_deadline=613213148557054 fire_mono=613213187358083
00:10:39 sim28 id=28 event m5 fired dev_deadline=613213210049556 fire_mono=613213187364041
00:10:39 sim34 id=34 event m5 fired dev_deadline=613213144619973 fire_mono=613213187370250
00:10:39 sim27 id=27 event m5 fired dev_deadline=613213198910608 fire_mono=613213187376250
00:10:39 sim26 id=26 event m5 fired dev_deadline=613213143001685 fire_mono=613213187382208
00:10:39 sim25 id=25 event m5 fired dev_deadline=613213170821616 fire_mono=613213187389333
00:10:39 sim24 id=24 event m5 fired dev_deadline=613213182460309 fire_mono=613213187395000
00:10:39 sim23 id=23 event m5 fired dev_deadline=613213177862691 fire_mono=613213187400541
00:10:39 sim22 id=22 event m5 fired dev_deadline=613213152340625 fire_mono=613213187406250
00:10:39 sim21 id=21 event m5 fired dev_deadline=613213152617046 fire_mono=613213187411166
00:10:39 sim20 id=20 event m5 fired dev_deadline=613213159745661 fire_mono=613213187416250
00:10:39 sim19 id=19 event m5 fired dev_deadline=613213204116506 fire_mono=613213187422208
00:10:39 sim18 id=18 event m5 fired dev_deadline=613213198140309 fire_mono=613213187427958
00:10:39 sim17 id=17 event m5 fired dev_deadline=613213164843469 fire_mono=613213187433583
00:10:39 sim16 id=16 event m5 fired dev_deadline=613213147806314 fire_mono=613213187439291
00:10:39 sim14 id=14 event m5 fired dev_deadline=613213145165962 fire_mono=613213187445166
00:10:39 sim15 id=15 event m5 fired dev_deadline=613213192258475 fire_mono=613213187450833
00:10:39 sim13 id=13 event m5 fired dev_deadline=613213175856609 fire_mono=613213187456666
00:10:39 sim11 id=11 event m5 fired dev_deadline=613213214333416 fire_mono=613213187462250
00:10:39 sim10 id=10 event m5 fired dev_deadline=613213160095549 fire_mono=613213187468000
00:10:39 sim12 id=12 event m5 fired dev_deadline=613213178021542 fire_mono=613213187473625
00:10:39 sim9 id=9 event m5 fired dev_deadline=613213183466436 fire_mono=613213187479583
00:10:39 sim8 id=8 event m5 fired dev_deadline=613213193512096 fire_mono=613213187485833
00:10:39 sim7 id=7 event m5 fired dev_deadline=613213220208387 fire_mono=613213187491541
00:10:39 sim6 id=6 event m5 fired dev_deadline=613213171465107 fire_mono=613213187496791
00:10:39 sim5 id=5 event m5 fired dev_deadline=613213166702162 fire_mono=613213187504375
00:10:39 sim4 id=4 event m5 fired dev_deadline=613213179198605 fire_mono=613213187510208
00:10:39 sim3 id=3 event m5 fired dev_deadline=613213206432471 fire_mono=613213187517000
00:10:39 sim2 id=2 event m5 fired dev_deadline=613213219430788 fire_mono=613213187558458
00:10:39 sim1 id=1 event m5 fired dev_deadline=613213176109888 fire_mono=613213187573750
00:10:39 sim1 id=1 sync offset=-6766290ns
00:10:39 sim2 id=2 sync offset=36552246ns
00:10:39 sim3 id=3 sync offset=23556419ns
00:10:39 sim4 id=4 sync offset=-3680311ns
00:10:39 sim5 id=5 sync offset=-16179609ns
00:10:39 sim6 id=6 sync offset=-11415559ns
00:10:39 sim7 id=7 sync offset=37331241ns
00:10:39 sim8 id=8 sync offset=10632617ns
00:10:39 sim9 id=9 sync offset=591499ns
00:10:39 sim10 id=10 sync offset=-22782138ns
00:10:39 sim11 id=11 sync offset=31453010ns
00:10:39 sim12 id=12 sync offset=-4869990ns
00:10:39 sim13 id=13 sync offset=-7032714ns
00:10:39 sim14 id=14 sync offset=-37720704ns
00:10:39 sim15 id=15 sync offset=9370579ns
00:10:39 sim16 id=16 sync offset=-35085384ns
00:10:39 sim17 id=17 sync offset=-18047865ns
00:10:39 sim18 id=18 sync offset=15250976ns
00:10:39 sim19 id=19 sync offset=21229527ns
00:10:39 sim20 id=20 sync offset=-23138005ns
00:10:39 sim21 id=21 sync offset=-30278162ns
00:10:39 sim22 id=22 sync offset=-30547125ns
00:10:39 sim23 id=23 sync offset=-5028664ns
00:10:39 sim24 id=24 sync offset=-449296ns
00:10:39 sim25 id=25 sync offset=-12079405ns
00:10:39 sim26 id=26 sync offset=-39873023ns
00:10:39 sim27 id=27 sync offset=16042264ns
00:10:39 sim28 id=28 sync offset=27182545ns
00:10:39 sim29 id=29 sync offset=-31652817ns
00:10:39 sim30 id=30 sync offset=35033696ns
00:10:39 sim31 id=31 sync offset=16496824ns
00:10:39 sim32 id=32 sync offset=-8148874ns
00:10:39 sim33 id=33 sync offset=-30618000ns
00:10:39 sim34 id=34 sync offset=-38269985ns
00:10:39 sim35 id=35 sync offset=-34333061ns
00:10:39 sim36 id=36 sync offset=-33259945ns
00:10:39 sim37 id=37 sync offset=-9617954ns
00:10:39 sim38 id=38 sync offset=26126571ns
00:10:39 sim39 id=39 sync offset=-35688213ns
00:10:39 sim40 id=40 sync offset=-26770676ns
00:10:39 sim41 id=41 sync offset=-8811531ns
00:10:39 sim42 id=42 sync offset=37719672ns
00:10:39 sim43 id=43 sync offset=-25831124ns
00:10:39 sim44 id=44 sync offset=-28827238ns
00:10:39 sim45 id=45 sync offset=2539297ns
00:10:39 sim46 id=46 sync offset=14845583ns
00:10:39 sim47 id=47 sync offset=5049140ns
00:10:39 sim48 id=48 sync offset=-36720160ns
00:10:39 sim49 id=49 sync offset=-31577772ns
00:10:39 sim50 id=50 sync offset=-4918326ns
00:10:39 sim50 id=50 event m6 fired dev_deadline=613213278357808 fire_mono=613213283430958
00:10:39 sim49 id=49 event m6 fired dev_deadline=613213251699946 fire_mono=613213283473375
00:10:39 sim48 id=48 event m6 fired dev_deadline=613213246560610 fire_mono=613213283484916
00:10:39 sim47 id=47 event m6 fired dev_deadline=613213288332493 fire_mono=613213283492958
00:10:39 sim44 id=44 event m6 fired dev_deadline=613213254451699 fire_mono=613213283500291
00:10:39 sim45 id=45 event m6 fired dev_deadline=613213285815494 fire_mono=613213283506916
00:10:39 sim46 id=46 event m6 fired dev_deadline=613213298128259 fire_mono=613213283512458
00:10:39 sim43 id=43 event m6 fired dev_deadline=613213257447605 fire_mono=613213283518541
00:10:39 sim40 id=40 event m6 fired dev_deadline=613213256512084 fire_mono=613213283524291
00:10:39 sim42 id=42 event m6 fired dev_deadline=613213320998827 fire_mono=613213283531208
00:10:39 sim41 id=41 event m6 fired dev_deadline=613213274469573 fire_mono=613213283536916
00:10:39 sim39 id=39 event m6 fired dev_deadline=613213247598568 fire_mono=613213283545125
00:10:39 sim38 id=38 event m6 fired dev_deadline=613213309411257 fire_mono=613213283550958
00:10:39 sim33 id=33 event m6 fired dev_deadline=613213252662936 fire_mono=613213283556625
00:10:39 sim37 id=37 event m6 fired dev_deadline=613213273665514 fire_mono=613213283563291
00:10:39 sim32 id=32 event m6 fired dev_deadline=613213275114417 fire_mono=613213283569750
00:10:39 sim31 id=31 event m6 fired dev_deadline=613213299739198 fire_mono=613213283575791
00:10:39 sim30 id=30 event m6 fired dev_deadline=613213318293352 fire_mono=613213283580958
00:10:39 sim36 id=36 event m6 fired dev_deadline=613213250024835 fire_mono=613213283587041
00:10:39 sim29 id=29 event m6 fired dev_deadline=613213251606661 fire_mono=613213283592833
00:10:39 sim35 id=35 event m6 fired dev_deadline=613213248951720 fire_mono=613213283598666
00:10:39 sim28 id=28 event m6 fired dev_deadline=613213310444222 fire_mono=613213283605625
00:10:39 sim34 id=34 event m6 fired dev_deadline=613213245014639 fire_mono=613213283610750
00:10:39 sim27 id=27 event m6 fired dev_deadline=613213299305274 fire_mono=613213283616208
00:10:39 sim26 id=26 event m6 fired dev_deadline=613213243396351 fire_mono=613213283621458
00:10:39 sim25 id=25 event m6 fired dev_deadline=613213271196636 fire_mono=613213283627000
00:10:39 sim24 id=24 event m6 fired dev_deadline=613213282826745 fire_mono=613213283633416
00:10:39 sim23 id=23 event m6 fired dev_deadline=613213278247377 fire_mono=613213283638958
00:10:39 sim21 id=21 event m6 fired dev_deadline=613213252997879 fire_mono=613213283644666
00:10:39 sim22 id=22 event m6 fired dev_deadline=613213252728916 fire_mono=613213283649875
00:10:39 sim20 id=20 event m6 fired dev_deadline=613213260138036 fire_mono=613213283655791
00:10:39 sim18 id=18 event m6 fired dev_deadline=613213298525111 fire_mono=613213283663958
00:10:39 sim19 id=19 event m6 fired dev_deadline=613213304505568 fire_mono=613213283670208
00:10:39 sim17 id=17 event m6 fired dev_deadline=613213265228176 fire_mono=613213283675875
00:10:39 sim16 id=16 event m6 fired dev_deadline=613213248190605 fire_mono=613213283681291
00:10:39 sim13 id=13 event m6 fired dev_deadline=613213276243327 fire_mono=613213283687333
00:10:39 sim15 id=15 event m6 fired dev_deadline=613213292646620 fire_mono=613213283692583
00:10:39 sim14 id=14 event m6 fired dev_deadline=613213245555337 fire_mono=613213283698166
00:10:39 sim11 id=11 event m6 fired dev_deadline=613213314728082 fire_mono=613213283703333
00:10:39 sim12 id=12 event m6 fired dev_deadline=613213278406051 fire_mono=613213283725375
00:10:39 sim10 id=10 event m6 fired dev_deadline=613213260490215 fire_mono=613213283731916
00:10:39 sim9 id=9 event m6 fired dev_deadline=613213283861102 fire_mono=613213283739041
00:10:39 sim8 id=8 event m6 fired dev_deadline=613213293906762 fire_mono=613213283746208
00:10:39 sim7 id=7 event m6 fired dev_deadline=613213320597875 fire_mono=613213283753166
00:10:39 sim6 id=6 event m6 fired dev_deadline=613213271854846 fire_mono=613213283759208
00:10:39 sim5 id=5 event m6 fired dev_deadline=613213267096828 fire_mono=613213283764750
00:10:39 sim4 id=4 event m6 fired dev_deadline=613213279593271 fire_mono=613213283770041
00:10:39 sim3 id=3 event m6 fired dev_deadline=613213306831960 fire_mono=613213283774750
00:10:39 sim2 id=2 event m6 fired dev_deadline=613213319825454 fire_mono=613213283780166
00:10:39 sim1 id=1 event m6 fired dev_deadline=613213276507918 fire_mono=613213283784708
00:10:39 sim50 id=50 event m7 fired dev_deadline=613213380475975 fire_mono=613213389955250
00:10:39 sim49 id=49 event m7 fired dev_deadline=613213353818113 fire_mono=613213389999666
00:10:39 sim48 id=48 event m7 fired dev_deadline=613213348678777 fire_mono=613213390010208
00:10:39 sim47 id=47 event m7 fired dev_deadline=613213390450660 fire_mono=613213390016791
00:10:39 sim44 id=44 event m7 fired dev_deadline=613213356569866 fire_mono=613213390022750
00:10:39 sim45 id=45 event m7 fired dev_deadline=613213387933661 fire_mono=613213390029208
00:10:39 sim46 id=46 event m7 fired dev_deadline=613213400246426 fire_mono=613213390034375
00:10:39 sim43 id=43 event m7 fired dev_deadline=613213359565772 fire_mono=613213390039291
00:10:39 sim40 id=40 event m7 fired dev_deadline=613213358630251 fire_mono=613213390044958
00:10:39 sim42 id=42 event m7 fired dev_deadline=613213423116994 fire_mono=613213390050041
00:10:39 sim41 id=41 event m7 fired dev_deadline=613213376587740 fire_mono=613213390055166
00:10:39 sim39 id=39 event m7 fired dev_deadline=613213349716735 fire_mono=613213390059625
00:10:39 sim38 id=38 event m7 fired dev_deadline=613213411529424 fire_mono=613213390064500
00:10:39 sim33 id=33 event m7 fired dev_deadline=613213354781103 fire_mono=613213390069416
00:10:39 sim37 id=37 event m7 fired dev_deadline=613213375783681 fire_mono=613213390074125
00:10:39 sim32 id=32 event m7 fired dev_deadline=613213377232584 fire_mono=613213390081708
00:10:39 sim31 id=31 event m7 fired dev_deadline=613213401857365 fire_mono=613213390087041
00:10:39 sim30 id=30 event m7 fired dev_deadline=613213420411519 fire_mono=613213390092875
00:10:39 sim36 id=36 event m7 fired dev_deadline=613213352143002 fire_mono=613213390098333
00:10:39 sim29 id=29 event m7 fired dev_deadline=613213353724828 fire_mono=613213390103875
00:10:39 sim35 id=35 event m7 fired dev_deadline=613213351069887 fire_mono=613213390111125
00:10:39 sim28 id=28 event m7 fired dev_deadline=613213412562389 fire_mono=613213390115750
00:10:39 sim34 id=34 event m7 fired dev_deadline=613213347132806 fire_mono=613213390120500
00:10:39 sim27 id=27 event m7 fired dev_deadline=613213401423441 fire_mono=613213390125958
00:10:39 sim26 id=26 event m7 fired dev_deadline=613213345514518 fire_mono=613213390130875
00:10:39 sim25 id=25 event m7 fired dev_deadline=613213373314803 fire_mono=613213390135583
00:10:39 sim24 id=24 event m7 fired dev_deadline=613213384944912 fire_mono=613213390141916
00:10:39 sim23 id=23 event m7 fired dev_deadline=613213380365544 fire_mono=613213390147541
00:10:39 sim21 id=21 event m7 fired dev_deadline=613213355116046 fire_mono=613213390152666
00:10:39 sim22 id=22 event m7 fired dev_deadline=613213354847083 fire_mono=613213390159958
00:10:39 sim20 id=20 event m7 fired dev_deadline=613213362256203 fire_mono=613213390164833
00:10:39 sim18 id=18 event m7 fired dev_deadline=613213400643278 fire_mono=613213390170708
00:10:39 sim19 id=19 event m7 fired dev_deadline=613213406623735 fire_mono=613213390175791
00:10:39 sim17 id=17 event m7 fired dev_deadline=613213367346343 fire_mono=613213390180958
00:10:39 sim16 id=16 event m7 fired dev_deadline=613213350308772 fire_mono=613213390186000
00:10:39 sim13 id=13 event m7 fired dev_deadline=613213378361494 fire_mono=613213390191125
00:10:39 sim15 id=15 event m7 fired dev_deadline=613213394764787 fire_mono=613213390196125
00:10:39 sim14 id=14 event m7 fired dev_deadline=613213347673504 fire_mono=613213390200625
00:10:39 sim11 id=11 event m7 fired dev_deadline=613213416846249 fire_mono=613213390206000
00:10:39 sim12 id=12 event m7 fired dev_deadline=613213380524218 fire_mono=613213390211750
00:10:39 sim10 id=10 event m7 fired dev_deadline=613213362608382 fire_mono=613213390217666
00:10:39 sim9 id=9 event m7 fired dev_deadline=613213385979269 fire_mono=613213390222208
00:10:39 sim8 id=8 event m7 fired dev_deadline=613213396024929 fire_mono=613213390230125
00:10:39 sim7 id=7 event m7 fired dev_deadline=613213422716042 fire_mono=613213390236208
00:10:39 sim6 id=6 event m7 fired dev_deadline=613213373973013 fire_mono=613213390240750
00:10:39 sim5 id=5 event m7 fired dev_deadline=613213369214995 fire_mono=613213390245500
00:10:39 sim4 id=4 event m7 fired dev_deadline=613213381711438 fire_mono=613213390249875
00:10:39 sim3 id=3 event m7 fired dev_deadline=613213408950127 fire_mono=613213390254250
00:10:39 sim2 id=2 event m7 fired dev_deadline=613213421943621 fire_mono=613213390259875
00:10:39 sim1 id=1 event m7 fired dev_deadline=613213378626085 fire_mono=613213390265000
00:10:40 sim50 id=50 event m8 fired dev_deadline=613213482598975 fire_mono=613213488115833
00:10:40 sim49 id=49 event m8 fired dev_deadline=613213455941113 fire_mono=613213488162083
00:10:40 sim48 id=48 event m8 fired dev_deadline=613213450801777 fire_mono=613213488175208
00:10:40 sim47 id=47 event m8 fired dev_deadline=613213492573660 fire_mono=613213488184500
00:10:40 sim44 id=44 event m8 fired dev_deadline=613213458692866 fire_mono=613213488191583
00:10:40 sim45 id=45 event m8 fired dev_deadline=613213490056661 fire_mono=613213488197125
00:10:40 sim46 id=46 event m8 fired dev_deadline=613213502369426 fire_mono=613213488202541
00:10:40 sim43 id=43 event m8 fired dev_deadline=613213461688772 fire_mono=613213488207666
00:10:40 sim40 id=40 event m8 fired dev_deadline=613213460753251 fire_mono=613213488212625
00:10:40 sim42 id=42 event m8 fired dev_deadline=613213525239994 fire_mono=613213488218250
00:10:40 sim41 id=41 event m8 fired dev_deadline=613213478710740 fire_mono=613213488223250
00:10:40 sim39 id=39 event m8 fired dev_deadline=613213451839735 fire_mono=613213488228375
00:10:40 sim38 id=38 event m8 fired dev_deadline=613213513652424 fire_mono=613213488232916
00:10:40 sim33 id=33 event m8 fired dev_deadline=613213456904103 fire_mono=613213488237958
00:10:40 sim37 id=37 event m8 fired dev_deadline=613213477906681 fire_mono=613213488244333
00:10:40 sim32 id=32 event m8 fired dev_deadline=613213479355584 fire_mono=613213488249416
00:10:40 sim31 id=31 event m8 fired dev_deadline=613213503980365 fire_mono=613213488257666
00:10:40 sim30 id=30 event m8 fired dev_deadline=613213522534519 fire_mono=613213488264500
00:10:40 sim36 id=36 event m8 fired dev_deadline=613213454266002 fire_mono=613213488269250
00:10:40 sim29 id=29 event m8 fired dev_deadline=613213455847828 fire_mono=613213488274750
00:10:40 sim35 id=35 event m8 fired dev_deadline=613213453192887 fire_mono=613213488279125
00:10:40 sim28 id=28 event m8 fired dev_deadline=613213514685389 fire_mono=613213488285041
00:10:40 sim34 id=34 event m8 fired dev_deadline=613213449255806 fire_mono=613213488290333
00:10:40 sim27 id=27 event m8 fired dev_deadline=613213503546441 fire_mono=613213488295791
00:10:40 sim26 id=26 event m8 fired dev_deadline=613213447637518 fire_mono=613213488301500
00:10:40 sim25 id=25 event m8 fired dev_deadline=613213475437803 fire_mono=613213488306166
00:10:40 sim24 id=24 event m8 fired dev_deadline=613213487067912 fire_mono=613213488312750
00:10:40 sim23 id=23 event m8 fired dev_deadline=613213482488544 fire_mono=613213488318041
00:10:40 sim21 id=21 event m8 fired dev_deadline=613213457239046 fire_mono=613213488323375
00:10:40 sim22 id=22 event m8 fired dev_deadline=613213456970083 fire_mono=613213488328250
00:10:40 sim20 id=20 event m8 fired dev_deadline=613213464379203 fire_mono=613213488333541
00:10:40 sim18 id=18 event m8 fired dev_deadline=613213502766278 fire_mono=613213488338750
00:10:40 sim19 id=19 event m8 fired dev_deadline=613213508746735 fire_mono=613213488343666
00:10:40 sim17 id=17 event m8 fired dev_deadline=613213469469343 fire_mono=613213488351041
00:10:40 sim16 id=16 event m8 fired dev_deadline=613213452431772 fire_mono=613213488356583
00:10:40 sim13 id=13 event m8 fired dev_deadline=613213480484494 fire_mono=613213488361541
00:10:40 sim15 id=15 event m8 fired dev_deadline=613213496887787 fire_mono=613213488366250
00:10:40 sim14 id=14 event m8 fired dev_deadline=613213449796504 fire_mono=613213488370541
00:10:40 sim11 id=11 event m8 fired dev_deadline=613213518969249 fire_mono=613213488375166
00:10:40 sim12 id=12 event m8 fired dev_deadline=613213482647218 fire_mono=613213488409208
00:10:40 sim10 id=10 event m8 fired dev_deadline=613213464731382 fire_mono=613213488429416
00:10:40 sim9 id=9 event m8 fired dev_deadline=613213488102269 fire_mono=613213488438375
00:10:40 sim8 id=8 event m8 fired dev_deadline=613213498147929 fire_mono=613213488444875
00:10:40 sim7 id=7 event m8 fired dev_deadline=613213524839042 fire_mono=613213488451000
00:10:40 sim6 id=6 event m8 fired dev_deadline=613213476096013 fire_mono=613213488456375
00:10:40 sim5 id=5 event m8 fired dev_deadline=613213471337995 fire_mono=613213488461208
00:10:40 sim4 id=4 event m8 fired dev_deadline=613213483834438 fire_mono=613213488466416
00:10:40 sim3 id=3 event m8 fired dev_deadline=613213511073127 fire_mono=613213488472666
00:10:40 sim2 id=2 event m8 fired dev_deadline=613213524066621 fire_mono=613213488477625
00:10:40 sim1 id=1 event m8 fired dev_deadline=613213480749085 fire_mono=613213488483333
00:10:40 sim50 id=50 event m9 fired dev_deadline=613213583998767 fire_mono=613213590834125
00:10:40 sim49 id=49 event m9 fired dev_deadline=613213557340905 fire_mono=613213590882416
00:10:40 sim48 id=48 event m9 fired dev_deadline=613213552201569 fire_mono=613213590895500
00:10:40 sim47 id=47 event m9 fired dev_deadline=613213593973452 fire_mono=613213590902250
00:10:40 sim44 id=44 event m9 fired dev_deadline=613213560092658 fire_mono=613213590908291
00:10:40 sim45 id=45 event m9 fired dev_deadline=613213591456453 fire_mono=613213590914875
00:10:40 sim46 id=46 event m9 fired dev_deadline=613213603769218 fire_mono=613213590919750
00:10:40 sim43 id=43 event m9 fired dev_deadline=613213563088564 fire_mono=613213590924416
00:10:40 sim40 id=40 event m9 fired dev_deadline=613213562153043 fire_mono=613213590929375
00:10:40 sim42 id=42 event m9 fired dev_deadline=613213626639786 fire_mono=613213590934250
00:10:40 sim41 id=41 event m9 fired dev_deadline=613213580110532 fire_mono=613213590940041
00:10:40 sim39 id=39 event m9 fired dev_deadline=613213553239527 fire_mono=613213590944750
00:10:40 sim38 id=38 event m9 fired dev_deadline=613213615052216 fire_mono=613213590949416
00:10:40 sim33 id=33 event m9 fired dev_deadline=613213558303895 fire_mono=613213590954375
00:10:40 sim37 id=37 event m9 fired dev_deadline=613213579306473 fire_mono=613213590959250
00:10:40 sim32 id=32 event m9 fired dev_deadline=613213580755376 fire_mono=613213590963916
00:10:40 sim31 id=31 event m9 fired dev_deadline=613213605380157 fire_mono=613213590968625
00:10:40 sim30 id=30 event m9 fired dev_deadline=613213623934311 fire_mono=613213590973333
00:10:40 sim36 id=36 event m9 fired dev_deadline=613213555665794 fire_mono=613213590977750
00:10:40 sim29 id=29 event m9 fired dev_deadline=613213557247620 fire_mono=613213590982208
00:10:40 sim35 id=35 event m9 fired dev_deadline=613213554592679 fire_mono=613213590987541
00:10:40 sim28 id=28 event m9 fired dev_deadline=613213616085181 fire_mono=613213590992916
00:10:40 sim34 id=34 event m9 fired dev_deadline=613213550655598 fire_mono=613213590997333
00:10:40 sim27 id=27 event m9 fired dev_deadline=613213604946233 fire_mono=613213591002583
00:10:40 sim26 id=26 event m9 fired dev_deadline=613213549037310 fire_mono=613213591007166
00:10:40 sim25 id=25 event m9 fired dev_deadline=613213576837595 fire_mono=613213591015000
00:10:40 sim24 id=24 event m9 fired dev_deadline=613213588467704 fire_mono=613213591019583
00:10:40 sim23 id=23 event m9 fired dev_deadline=613213583888336 fire_mono=613213591024708
00:10:40 sim21 id=21 event m9 fired dev_deadline=613213558638838 fire_mono=613213591029500
00:10:40 sim22 id=22 event m9 fired dev_deadline=613213558369875 fire_mono=613213591034458
00:10:40 sim20 id=20 event m9 fired dev_deadline=613213565778995 fire_mono=613213591038750
00:10:40 sim18 id=18 event m9 fired dev_deadline=613213604166070 fire_mono=613213591044541
00:10:40 sim19 id=19 event m9 fired dev_deadline=613213610146527 fire_mono=613213591049083
00:10:40 sim17 id=17 event m9 fired dev_deadline=613213570869135 fire_mono=613213591055666
00:10:40 sim16 id=16 event m9 fired dev_deadline=613213553831564 fire_mono=613213591061750
00:10:40 sim13 id=13 event m9 fired dev_deadline=613213581884286 fire_mono=613213591066791
00:10:40 sim15 id=15 event m9 fired dev_deadline=613213598287579 fire_mono=613213591072458
00:10:40 sim14 id=14 event m9 fired dev_deadline=613213551196296 fire_mono=613213591077541
00:10:40 sim11 id=11 event m9 fired dev_deadline=613213620369041 fire_mono=613213591082708
00:10:40 sim12 id=12 event m9 fired dev_deadline=613213584047010 fire_mono=613213591087416
00:10:40 sim10 id=10 event m9 fired dev_deadline=613213566131174 fire_mono=613213591091791
00:10:40 sim9 id=9 event m9 fired dev_deadline=613213589502061 fire_mono=613213591096333
00:10:40 sim8 id=8 event m9 fired dev_deadline=613213599547721 fire_mono=613213591101333
00:10:40 sim7 id=7 event m9 fired dev_deadline=613213626238834 fire_mono=613213591106041
00:10:40 sim6 id=6 event m9 fired dev_deadline=613213577495805 fire_mono=613213591110875
00:10:40 sim5 id=5 event m9 fired dev_deadline=613213572737787 fire_mono=613213591115250
00:10:40 sim4 id=4 event m9 fired dev_deadline=613213585234230 fire_mono=613213591120041
00:10:40 sim3 id=3 event m9 fired dev_deadline=613213612472919 fire_mono=613213591124375
00:10:40 sim2 id=2 event m9 fired dev_deadline=613213625466413 fire_mono=613213591129416
00:10:40 sim1 id=1 event m9 fired dev_deadline=613213582148877 fire_mono=613213591134791
00:10:40 sim50 id=50 event m10 fired dev_deadline=613213684279017 fire_mono=613213692268208
00:10:40 sim49 id=49 event m10 fired dev_deadline=613213657621155 fire_mono=613213692321666
00:10:40 sim48 id=48 event m10 fired dev_deadline=613213652481819 fire_mono=613213692332833
00:10:40 sim47 id=47 event m10 fired dev_deadline=613213694253702 fire_mono=613213692348500
00:10:40 sim44 id=44 event m10 fired dev_deadline=613213660372908 fire_mono=613213692354625
00:10:40 sim45 id=45 event m10 fired dev_deadline=613213691736703 fire_mono=613213692360166
00:10:40 sim46 id=46 event m10 fired dev_deadline=613213704049468 fire_mono=613213692365416
00:10:40 sim43 id=43 event m10 fired dev_deadline=613213663368814 fire_mono=613213692370250
00:10:40 sim40 id=40 event m10 fired dev_deadline=613213662433293 fire_mono=613213692375041
00:10:40 sim42 id=42 event m10 fired dev_deadline=613213726920036 fire_mono=613213692379958
00:10:40 sim41 id=41 event m10 fired dev_deadline=613213680390782 fire_mono=613213692384416
00:10:40 sim39 id=39 event m10 fired dev_deadline=613213653519777 fire_mono=613213692404000
00:10:40 sim38 id=38 event m10 fired dev_deadline=613213715332466 fire_mono=613213692435958
00:10:40 sim33 id=33 event m10 fired dev_deadline=613213658584145 fire_mono=613213692449625
00:10:40 sim37 id=37 event m10 fired dev_deadline=613213679586723 fire_mono=613213692457125
00:10:40 sim32 id=32 event m10 fired dev_deadline=613213681035626 fire_mono=613213692462750
00:10:40 sim31 id=31 event m10 fired dev_deadline=613213705660407 fire_mono=613213692468333
00:10:40 sim30 id=30 event m10 fired dev_deadline=613213724214561 fire_mono=613213692494416
00:10:40 sim36 id=36 event m10 fired dev_deadline=613213655946044 fire_mono=613213692503041
00:10:40 sim29 id=29 event m10 fired dev_deadline=613213657527870 fire_mono=613213692508375
00:10:40 sim35 id=35 event m10 fired dev_deadline=613213654872929 fire_mono=613213692513166
00:10:40 sim28 id=28 event m10 fired dev_deadline=613213716365431 fire_mono=613213692519791
00:10:40 sim34 id=34 event m10 fired dev_deadline=613213650935848 fire_mono=613213692524958
00:10:40 sim27 id=27 event m10 fired dev_deadline=613213705226483 fire_mono=613213692529916
00:10:40 sim26 id=26 event m10 fired dev_deadline=613213649317560 fire_mono=613213692534583
00:10:40 sim25 id=25 event m10 fired dev_deadline=613213677117845 fire_mono=613213692539125
00:10:40 sim24 id=24 event m10 fired dev_deadline=613213688747954 fire_mono=613213692543750
00:10:40 sim23 id=23 event m10 fired dev_deadline=613213684168586 fire_mono=613213692548916
00:10:40 sim21 id=21 event m10 fired dev_deadline=613213658919088 fire_mono=613213692554000
00:10:40 sim22 id=22 event m10 fired dev_deadline=613213658650125 fire_mono=613213692560416
00:10:40 sim20 id=20 event m10 fired dev_deadline=613213666059245 fire_mono=613213692564750
00:10:40 sim18 id=18 event m10 fired dev_deadline=613213704446320 fire_mono=613213692569666
00:10:40 sim19 id=19 event m10 fired dev_deadline=613213710426777 fire_mono=613213692576875
00:10:40 sim17 id=17 event m10 fired dev_deadline=613213671149385 fire_mono=613213692581791
00:10:40 sim16 id=16 event m10 fired dev_deadline=613213654111814 fire_mono=613213692588208
00:10:40 sim13 id=13 event m10 fired dev_deadline=613213682164536 fire_mono=613213692594625
00:10:40 sim15 id=15 event m10 fired dev_deadline=613213698567829 fire_mono=613213692600541
00:10:40 sim14 id=14 event m10 fired dev_deadline=613213651476546 fire_mono=613213692605458
00:10:40 sim11 id=11 event m10 fired dev_deadline=613213720649291 fire_mono=613213692609833
00:10:40 sim12 id=12 event m10 fired dev_deadline=613213684327260 fire_mono=613213692615083
00:10:40 sim10 id=10 event m10 fired dev_deadline=613213666411424 fire_mono=613213692620458
00:10:40 sim9 id=9 event m10 fired dev_deadline=613213689782311 fire_mono=613213692624750
00:10:40 sim8 id=8 event m10 fired dev_deadline=613213699827971 fire_mono=613213692630250
00:10:40 sim7 id=7 event m10 fired dev_deadline=613213726519084 fire_mono=613213692635166
00:10:40 sim6 id=6 event m10 fired dev_deadline=613213677776055 fire_mono=613213692639583
00:10:40 sim5 id=5 event m10 fired dev_deadline=613213673018037 fire_mono=613213692643750
00:10:40 sim4 id=4 event m10 fired dev_deadline=613213685514480 fire_mono=613213692648166
00:10:40 sim3 id=3 event m10 fired dev_deadline=613213712753169 fire_mono=613213692652625
00:10:40 sim2 id=2 event m10 fired dev_deadline=613213725746663 fire_mono=613213692657041
00:10:40 sim1 id=1 event m10 fired dev_deadline=613213682429127 fire_mono=613213692661541
00:10:40 sim1 id=1 sync offset=-6768123ns
00:10:40 sim2 id=2 sync offset=36549413ns
00:10:40 sim3 id=3 sync offset=23555565ns
00:10:40 sim4 id=4 sync offset=-3681540ns
00:10:40 sim5 id=5 sync offset=-16179609ns
00:10:40 sim6 id=6 sync offset=-11415559ns
00:10:40 sim7 id=7 sync offset=37331241ns
00:10:40 sim8 id=8 sync offset=10632617ns
00:10:40 sim9 id=9 sync offset=597061ns
00:10:40 sim10 id=10 sync offset=-22776170ns
00:10:40 sim11 id=11 sync offset=31456552ns
00:10:40 sim12 id=12 sync offset=-4869990ns
00:10:40 sim13 id=13 sync offset=-7032714ns
00:10:40 sim14 id=14 sync offset=-37720704ns
00:10:40 sim15 id=15 sync offset=9370579ns
00:10:40 sim16 id=16 sync offset=-35085384ns
00:10:40 sim17 id=17 sync offset=-18047865ns
00:10:40 sim18 id=18 sync offset=15250976ns
00:10:40 sim19 id=19 sync offset=21229527ns
00:10:40 sim20 id=20 sync offset=-23138005ns
00:10:40 sim21 id=21 sync offset=-30278162ns
00:10:40 sim22 id=22 sync offset=-30547125ns
00:10:40 sim23 id=23 sync offset=-5028664ns
00:10:40 sim24 id=24 sync offset=-449296ns
00:10:40 sim25 id=25 sync offset=-12079405ns
00:10:40 sim26 id=26 sync offset=-39873023ns
00:10:40 sim27 id=27 sync offset=16042264ns
00:10:40 sim28 id=28 sync offset=27182545ns
00:10:40 sim29 id=29 sync offset=-31652817ns
00:10:40 sim30 id=30 sync offset=35033696ns
00:10:40 sim31 id=31 sync offset=16496824ns
00:10:40 sim32 id=32 sync offset=-8148874ns
00:10:40 sim33 id=33 sync offset=-30618000ns
00:10:40 sim34 id=34 sync offset=-38269985ns
00:10:40 sim35 id=35 sync offset=-34333061ns
00:10:40 sim36 id=36 sync offset=-33259945ns
00:10:40 sim37 id=37 sync offset=-9617954ns
00:10:40 sim38 id=38 sync offset=26135216ns
00:10:40 sim39 id=39 sync offset=-35688213ns
00:10:40 sim40 id=40 sync offset=-26770676ns
00:10:40 sim41 id=41 sync offset=-8811531ns
00:10:40 sim42 id=42 sync offset=37719672ns
00:10:40 sim43 id=43 sync offset=-25831124ns
00:10:40 sim44 id=44 sync offset=-28827238ns
00:10:40 sim45 id=45 sync offset=2539297ns
00:10:40 sim46 id=46 sync offset=14845583ns
00:10:40 sim47 id=47 sync offset=5049140ns
00:10:40 sim48 id=48 sync offset=-36720160ns
00:10:40 sim49 id=49 sync offset=-31577772ns
00:10:40 sim50 id=50 sync offset=-4918326ns
00:10:40 sim50 id=50 event m11 fired dev_deadline=613213784468215 fire_mono=613213793149541
00:10:40 sim49 id=49 event m11 fired dev_deadline=613213757808769 fire_mono=613213793300666
00:10:40 sim48 id=48 event m11 fired dev_deadline=613213752666381 fire_mono=613213793372208
00:10:40 sim47 id=47 event m11 fired dev_deadline=613213794435681 fire_mono=613213793397541
00:10:40 sim46 id=46 event m11 fired dev_deadline=613213804232124 fire_mono=613213793410583
00:10:40 sim44 id=44 event m11 fired dev_deadline=613213760559303 fire_mono=613213793418625
00:10:40 sim43 id=43 event m11 fired dev_deadline=613213763555417 fire_mono=613213793424375
00:10:40 sim45 id=45 event m11 fired dev_deadline=613213791925838 fire_mono=613213793429958
00:10:40 sim40 id=40 event m11 fired dev_deadline=613213762615865 fire_mono=613213793435291
00:10:40 sim42 id=42 event m11 fired dev_deadline=613213827106213 fire_mono=613213793440875
00:10:40 sim41 id=41 event m11 fired dev_deadline=613213780575010 fire_mono=613213793446750
00:10:40 sim39 id=39 event m11 fired dev_deadline=613213753698328 fire_mono=613213793451625
00:10:40 sim38 id=38 event m11 fired dev_deadline=613213815513112 fire_mono=613213793458916
00:10:40 sim37 id=37 event m11 fired dev_deadline=613213779768587 fire_mono=613213793464208
00:10:40 sim33 id=33 event m11 fired dev_deadline=613213758768541 fire_mono=613213793469791
00:10:40 sim36 id=36 event m11 fired dev_deadline=613213756126596 fire_mono=613213793474375
00:10:40 sim35 id=35 event m11 fired dev_deadline=613213755053480 fire_mono=613213793479708
00:10:40 sim34 id=34 event m11 fired dev_deadline=613213751116556 fire_mono=613213793485250
00:10:40 sim32 id=32 event m11 fired dev_deadline=613213781237667 fire_mono=613213793518833
00:10:40 sim30 id=30 event m11 fired dev_deadline=613213824420237 fire_mono=613213793529791
00:10:40 sim29 id=29 event m11 fired dev_deadline=613213757733724 fire_mono=613213793538000
00:10:40 sim28 id=28 event m11 fired dev_deadline=613213816569086 fire_mono=613213793545708
00:10:40 sim27 id=27 event m11 fired dev_deadline=613213805428805 fire_mono=613213793552083
00:10:40 sim31 id=31 event m11 fired dev_deadline=613213805883365 fire_mono=613213793559666
00:10:40 sim26 id=26 event m11 fired dev_deadline=613213749513518 fire_mono=613213793565000
00:10:40 sim25 id=25 event m11 fired dev_deadline=613213777307136 fire_mono=613213793571250
00:10:40 sim24 id=24 event m11 fired dev_deadline=613213788937245 fire_mono=613213793579291
00:10:40 sim23 id=23 event m11 fired dev_deadline=613213784357877 fire_mono=613213793587208
00:10:40 sim21 id=21 event m11 fired dev_deadline=613213759108379 fire_mono=613213793593166
00:10:40 sim22 id=22 event m11 fired dev_deadline=613213758839416 fire_mono=613213793600625
00:10:40 sim20 id=20 event m11 fired dev_deadline=613213766248536 fire_mono=613213793605708
00:10:40 sim18 id=18 event m11 fired dev_deadline=613213804637517 fire_mono=613213793611291
00:10:40 sim19 id=19 event m11 fired dev_deadline=613213810616068 fire_mono=613213793656791
00:10:40 sim17 id=17 event m11 fired dev_deadline=613213771338676 fire_mono=613213793698666
00:10:40 sim16 id=16 event m11 fired dev_deadline=613213754301157 fire_mono=613213793721708
00:10:40 sim13 id=13 event m11 fired dev_deadline=613213782353827 fire_mono=613213793758041
00:10:40 sim15 id=15 event m11 fired dev_deadline=613213798757120 fire_mono=613213793779000
00:10:40 sim14 id=14 event m11 fired dev_deadline=613213751665837 fire_mono=613213793787500
00:10:40 sim11 id=11 event m11 fired dev_deadline=613213820839551 fire_mono=613213793794166
00:10:40 sim12 id=12 event m11 fired dev_deadline=613213784516551 fire_mono=613213793802708
00:10:40 sim10 id=10 event m11 fired dev_deadline=613213766604403 fire_mono=613213793808416
00:10:40 sim9 id=9 event m11 fired dev_deadline=613213789978040 fire_mono=613213793829666
00:10:40 sim8 id=8 event m11 fired dev_deadline=613213800019158 fire_mono=613213793873916
00:10:40 sim7 id=7 event m11 fired dev_deadline=613213826717782 fire_mono=613213793880666
00:10:40 sim6 id=6 event m11 fired dev_deadline=613213777970982 fire_mono=613213793886458
00:10:40 sim5 id=5 event m11 fired dev_deadline=613213773206932 fire_mono=613213793891916
00:10:40 sim4 id=4 event m11 fired dev_deadline=613213785706230 fire_mono=613213793897041
00:10:40 sim3 id=3 event m11 fired dev_deadline=613213812942960 fire_mono=613213793903166
00:10:40 sim2 id=2 event m11 fired dev_deadline=613213825938787 fire_mono=613213793907916
00:10:40 sim1 id=1 event m11 fired dev_deadline=613213782620251 fire_mono=613213793928083
00:10:40 sim50 id=50 event m12 fired dev_deadline=613213885051340 fire_mono=613213895268875
00:10:40 sim49 id=49 event m12 fired dev_deadline=613213858391894 fire_mono=613213895305625
00:10:40 sim48 id=48 event m12 fired dev_deadline=613213853249506 fire_mono=613213895315541
00:10:40 sim47 id=47 event m12 fired dev_deadline=613213895018806 fire_mono=613213895322208
00:10:40 sim46 id=46 event m12 fired dev_deadline=613213904815249 fire_mono=613213895339625
00:10:40 sim44 id=44 event m12 fired dev_deadline=613213861142428 fire_mono=613213895358708
00:10:40 sim43 id=43 event m12 fired dev_deadline=613213864138542 fire_mono=613213895366666
00:10:40 sim45 id=45 event m12 fired dev_deadline=613213892508963 fire_mono=613213895372458
00:10:40 sim40 id=40 event m12 fired dev_deadline=613213863198990 fire_mono=613213895377833
00:10:40 sim42 id=42 event m12 fired dev_deadline=613213927689338 fire_mono=613213895382958
00:10:40 sim41 id=41 event m12 fired dev_deadline=613213881158135 fire_mono=613213895387583
00:10:40 sim39 id=39 event m12 fired dev_deadline=613213854281453 fire_mono=613213895392541
00:10:40 sim38 id=38 event m12 fired dev_deadline=613213916096237 fire_mono=613213895399750
00:10:40 sim37 id=37 event m12 fired dev_deadline=613213880351712 fire_mono=613213895405666
00:10:40 sim33 id=33 event m12 fired dev_deadline=613213859351666 fire_mono=613213895411083
00:10:40 sim36 id=36 event m12 fired dev_deadline=613213856709721 fire_mono=613213895415791
00:10:40 sim35 id=35 event m12 fired dev_deadline=613213855636605 fire_mono=613213895421416
00:10:40 sim34 id=34 event m12 fired dev_deadline=613213851699681 fire_mono=613213895426041
00:10:40 sim32 id=32 event m12 fired dev_deadline=613213881820792 fire_mono=613213895430416
00:10:40 sim30 id=30 event m12 fired dev_deadline=613213925003362 fire_mono=613213895434875
00:10:40 sim29 id=29 event m12 fired dev_deadline=613213858316849 fire_mono=613213895440250
00:10:40 sim28 id=28 event m12 fired dev_deadline=613213917152211 fire_mono=613213895444541
00:10:40 sim27 id=27 event m12 fired dev_deadline=613213906011930 fire_mono=613213895449125
00:10:40 sim31 id=31 event m12 fired dev_deadline=613213906466490 fire_mono=613213895453541
00:10:40 sim26 id=26 event m12 fired dev_deadline=613213850096643 fire_mono=613213895457625
00:10:40 sim25 id=25 event m12 fired dev_deadline=613213877890261 fire_mono=613213895461875
00:10:40 sim24 id=24 event m12 fired dev_deadline=613213889520370 fire_mono=613213895466041
00:10:40 sim23 id=23 event m12 fired dev_deadline=613213884941002 fire_mono=613213895470208
00:10:40 sim21 id=21 event m12 fired dev_deadline=613213859691504 fire_mono=613213895474625
00:10:40 sim22 id=22 event m12 fired dev_deadline=613213859422541 fire_mono=613213895480375
00:10:40 sim20 id=20 event m12 fired dev_deadline=613213866831661 fire_mono=613213895486375
00:10:40 sim18 id=18 event m12 fired dev_deadline=613213905220642 fire_mono=613213895492125
00:10:40 sim19 id=19 event m12 fired dev_deadline=613213911199193 fire_mono=613213895496791
00:10:40 sim17 id=17 event m12 fired dev_deadline=613213871921801 fire_mono=613213895501625
00:10:40 sim16 id=16 event m12 fired dev_deadline=613213854884282 fire_mono=613213895507708
00:10:40 sim13 id=13 event m12 fired dev_deadline=613213882936952 fire_mono=613213895512458
00:10:40 sim15 id=15 event m12 fired dev_deadline=613213899340245 fire_mono=613213895516958
00:10:40 sim14 id=14 event m12 fired dev_deadline=613213852248962 fire_mono=613213895521125
00:10:40 sim11 id=11 event m12 fired dev_deadline=613213921422676 fire_mono=613213895555166
00:10:40 sim12 id=12 event m12 fired dev_deadline=613213885099676 fire_mono=613213895581916
00:10:40 sim10 id=10 event m12 fired dev_deadline=613213867187528 fire_mono=613213895587875
00:10:40 sim9 id=9 event m12 fired dev_deadline=613213890561165 fire_mono=613213895593541
00:10:40 sim8 id=8 event m12 fired dev_deadline=613213900602283 fire_mono=613213895598333
00:10:40 sim7 id=7 event m12 fired dev_deadline=613213927300907 fire_mono=613213895603083
00:10:40 sim6 id=6 event m12 fired dev_deadline=613213878554107 fire_mono=613213895607750
00:10:40 sim5 id=5 event m12 fired dev_deadline=613213873790057 fire_mono=613213895612041
00:10:40 sim4 id=4 event m12 fired dev_deadline=613213886289355 fire_mono=613213895616250
00:10:40 sim3 id=3 event m12 fired dev_deadline=613213913526085 fire_mono=613213895621083
00:10:40 sim2 id=2 event m12 fired dev_deadline=613213926521912 fire_mono=613213895625291
00:10:40 sim1 id=1 event m12 fired dev_deadline=613213883203376 fire_mono=613213895631125
00:10:40 sim50 id=50 event m13 fired dev_deadline=613213986503674 fire_mono=613213996089708
00:10:40 sim49 id=49 event m13 fired dev_deadline=613213959844228 fire_mono=613213996124041
00:10:40 sim48 id=48 event m13 fired dev_deadline=613213954701840 fire_mono=613213996136041
00:10:40 sim47 id=47 event m13 fired dev_deadline=613213996471140 fire_mono=613213996143291
00:10:40 sim46 id=46 event m13 fired dev_deadline=613214006267583 fire_mono=613213996148833
00:10:40 sim44 id=44 event m13 fired dev_deadline=613213962594762 fire_mono=613213996155708
00:10:40 sim43 id=43 event m13 fired dev_deadline=613213965590876 fire_mono=613213996162083
00:10:40 sim45 id=45 event m13 fired dev_deadline=613213993961297 fire_mono=613213996167125
00:10:40 sim40 id=40 event m13 fired dev_deadline=613213964651324 fire_mono=613213996171708
00:10:40 sim42 id=42 event m13 fired dev_deadline=613214029141672 fire_mono=613213996176541
00:10:40 sim41 id=41 event m13 fired dev_deadline=613213982610469 fire_mono=613213996180833
00:10:40 sim39 id=39 event m13 fired dev_deadline=613213955733787 fire_mono=613213996185125
00:10:40 sim38 id=38 event m13 fired dev_deadline=613214017548571 fire_mono=613213996189500
00:10:40 sim37 id=37 event m13 fired dev_deadline=613213981804046 fire_mono=613213996196500
00:10:40 sim33 id=33 event m13 fired dev_deadline=613213960804000 fire_mono=613213996201333
00:10:40 sim36 id=36 event m13 fired dev_deadline=613213958162055 fire_mono=613213996206166
00:10:40 sim35 id=35 event m13 fired dev_deadline=613213957088939 fire_mono=613213996210541
00:10:40 sim34 id=34 event m13 fired dev_deadline=613213953152015 fire_mono=613213996214583
00:10:40 sim32 id=32 event m13 fired dev_deadline=613213983273126 fire_mono=613213996218875
00:10:40 sim30 id=30 event m13 fired dev_deadline=613214026455696 fire_mono=613213996223333
00:10:40 sim29 id=29 event m13 fired dev_deadline=613213959769183 fire_mono=613213996229166
00:10:40 sim28 id=28 event m13 fired dev_deadline=613214018604545 fire_mono=613213996233625
00:10:40 sim27 id=27 event m13 fired dev_deadline=613214007464264 fire_mono=613213996238000
00:10:40 sim31 id=31 event m13 fired dev_deadline=613214007918824 fire_mono=613213996243333
00:10:40 sim26 id=26 event m13 fired dev_deadline=613213951548977 fire_mono=613213996247458
00:10:40 sim25 id=25 event m13 fired dev_deadline=613213979342595 fire_mono=613213996252375
00:10:40 sim24 id=24 event m13 fired dev_deadline=613213990972704 fire_mono=613213996256666
00:10:40 sim23 id=23 event m13 fired dev_deadline=613213986393336 fire_mono=613213996261291
00:10:40 sim21 id=21 event m13 fired dev_deadline=613213961143838 fire_mono=613213996266083
00:10:40 sim22 id=22 event m13 fired dev_deadline=613213960874875 fire_mono=613213996271375
00:10:40 sim20 id=20 event m13 fired dev_deadline=613213968283995 fire_mono=613213996275416
00:10:40 sim18 id=18 event m13 fired dev_deadline=613214006672976 fire_mono=613213996279875
00:10:40 sim19 id=19 event m13 fired dev_deadline=613214012651527 fire_mono=613213996284125
00:10:40 sim17 id=17 event m13 fired dev_deadline=613213973374135 fire_mono=613213996288250
00:10:40 sim16 id=16 event m13 fired dev_deadline=613213956336616 fire_mono=613213996292333
00:10:40 sim13 id=13 event m13 fired dev_deadline=613213984389286 fire_mono=613213996296708
00:10:40 sim15 id=15 event m13 fired dev_deadline=613214000792579 fire_mono=613213996300833
00:10:40 sim14 id=14 event m13 fired dev_deadline=613213953701296 fire_mono=613213996304916
00:10:40 sim11 id=11 event m13 fired dev_deadline=613214022875010 fire_mono=613213996310250
00:10:40 sim12 id=12 event m13 fired dev_deadline=613213986552010 fire_mono=613213996314458
00:10:40 sim10 id=10 event m13 fired dev_deadline=613213968639862 fire_mono=613213996320666
00:10:40 sim9 id=9 event m13 fired dev_deadline=613213992013499 fire_mono=613213996324750
00:10:40 sim8 id=8 event m13 fired dev_deadline=613214002054617 fire_mono=613213996329083
00:10:40 sim7 id=7 event m13 fired dev_deadline=613214028753241 fire_mono=613213996333166
00:10:40 sim6 id=6 event m13 fired dev_deadline=613213980006441 fire_mono=613213996338708
00:10:40 sim5 id=5 event m13 fired dev_deadline=613213975242391 fire_mono=613213996342875
00:10:40 sim4 id=4 event m13 fired dev_deadline=613213987741689 fire_mono=613213996346875
00:10:40 sim3 id=3 event m13 fired dev_deadline=613214014978419 fire_mono=613213996350916
00:10:40 sim2 id=2 event m13 fired dev_deadline=613214027974246 fire_mono=613213996355458
00:10:40 sim1 id=1 event m13 fired dev_deadline=613213984655710 fire_mono=613213996359500
00:10:40 sim49 id=49 event m14 fired dev_deadline=613214060481019 fire_mono=613214093486791
00:10:40 sim50 id=50 event m14 fired dev_deadline=613214087140465 fire_mono=613214093524958
00:10:40 sim48 id=48 event m14 fired dev_deadline=613214055338631 fire_mono=613214093534625
00:10:40 sim47 id=47 event m14 fired dev_deadline=613214097107931 fire_mono=613214093542208
00:10:40 sim46 id=46 event m14 fired dev_deadline=613214106904374 fire_mono=613214093549916
00:10:40 sim44 id=44 event m14 fired dev_deadline=613214063231553 fire_mono=613214093554916
00:10:40 sim43 id=43 event m14 fired dev_deadline=613214066227667 fire_mono=613214093560875
00:10:40 sim45 id=45 event m14 fired dev_deadline=613214094598088 fire_mono=613214093565375
00:10:40 sim40 id=40 event m14 fired dev_deadline=613214065288115 fire_mono=613214093569958
00:10:40 sim42 id=42 event m14 fired dev_deadline=613214129778463 fire_mono=613214093576333
00:10:40 sim41 id=41 event m14 fired dev_deadline=613214083247260 fire_mono=613214093580916
00:10:40 sim39 id=39 event m14 fired dev_deadline=613214056370578 fire_mono=613214093585750
00:10:40 sim38 id=38 event m14 fired dev_deadline=613214118185362 fire_mono=613214093590333
00:10:40 sim37 id=37 event m14 fired dev_deadline=613214082440837 fire_mono=613214093594541
00:10:40 sim33 id=33 event m14 fired dev_deadline=613214061440791 fire_mono=613214093598916
00:10:40 sim36 id=36 event m14 fired dev_deadline=613214058798846 fire_mono=613214093603666
00:10:40 sim35 id=35 event m14 fired dev_deadline=613214057725730 fire_mono=613214093607916
00:10:40 sim34 id=34 event m14 fired dev_deadline=613214053788806 fire_mono=613214093612458
00:10:40 sim32 id=32 event m14 fired dev_deadline=613214083909917 fire_mono=613214093619458
00:10:40 sim30 id=30 event m14 fired dev_deadline=613214127092487 fire_mono=613214093624833
00:10:40 sim29 id=29 event m14 fired dev_deadline=613214060405974 fire_mono=613214093629125
00:10:40 sim28 id=28 event m14 fired dev_deadline=613214119241336 fire_mono=613214093634000
00:10:40 sim27 id=27 event m14 fired dev_deadline=613214108101055 fire_mono=613214093639500
00:10:40 sim31 id=31 event m14 fired dev_deadline=613214108555615 fire_mono=613214093644125
00:10:40 sim26 id=26 event m14 fired dev_deadline=613214052185768 fire_mono=613214093648833
00:10:40 sim25 id=25 event m14 fired dev_deadline=613214079979386 fire_mono=613214093653541
00:10:40 sim24 id=24 event m14 fired dev_deadline=613214091609495 fire_mono=613214093658541
00:10:40 sim23 id=23 event m14 fired dev_deadline=613214087030127 fire_mono=613214093662958
00:10:40 sim21 id=21 event m14 fired dev_deadline=613214061780629 fire_mono=613214093668166
00:10:40 sim22 id=22 event m14 fired dev_deadline=613214061511666 fire_mono=613214093672333
00:10:40 sim20 id=20 event m14 fired dev_deadline=613214068920786 fire_mono=613214093676375
00:10:40 sim18 id=18 event m14 fired dev_deadline=613214107309767 fire_mono=613214093680958
00:10:40 sim19 id=19 event m14 fired dev_deadline=613214113288318 fire_mono=613214093685458
00:10:40 sim17 id=17 event m14 fired dev_deadline=613214074010926 fire_mono=613214093690041
00:10:40 sim16 id=16 event m14 fired dev_deadline=613214056973407 fire_mono=613214093695375
00:10:40 sim13 id=13 event m14 fired dev_deadline=613214085026077 fire_mono=613214093701083
00:10:40 sim15 id=15 event m14 fired dev_deadline=613214101429370 fire_mono=613214093707791
00:10:40 sim14 id=14 event m14 fired dev_deadline=613214054338087 fire_mono=613214093713208
00:10:40 sim11 id=11 event m14 fired dev_deadline=613214123511801 fire_mono=613214093717416
00:10:40 sim12 id=12 event m14 fired dev_deadline=613214087188801 fire_mono=613214093741166
00:10:40 sim10 id=10 event m14 fired dev_deadline=613214069276653 fire_mono=613214093748458
00:10:40 sim9 id=9 event m14 fired dev_deadline=613214092650290 fire_mono=613214093754083
00:10:40 sim8 id=8 event m14 fired dev_deadline=613214102691408 fire_mono=613214093761250
00:10:40 sim7 id=7 event m14 fired dev_deadline=613214129390032 fire_mono=613214093767333
00:10:40 sim6 id=6 event m14 fired dev_deadline=613214080643232 fire_mono=613214093772625
00:10:40 sim5 id=5 event m14 fired dev_deadline=613214075879182 fire_mono=613214093778250
00:10:40 sim4 id=4 event m14 fired dev_deadline=613214088378480 fire_mono=613214093784541
00:10:40 sim3 id=3 event m14 fired dev_deadline=613214115615210 fire_mono=613214093790541
00:10:40 sim2 id=2 event m14 fired dev_deadline=613214128611037 fire_mono=613214093796083
00:10:40 sim1 id=1 event m14 fired dev_deadline=613214085292501 fire_mono=613214093800750
00:10:40 sim50 id=50 event m15 fired dev_deadline=613214187524840 fire_mono=613214195394250
00:10:40 sim49 id=49 event m15 fired dev_deadline=613214160865394 fire_mono=613214195439833
00:10:40 sim48 id=48 event m15 fired dev_deadline=613214155723006 fire_mono=613214195450500
00:10:40 sim47 id=47 event m15 fired dev_deadline=613214197492306 fire_mono=613214195457333
00:10:40 sim46 id=46 event m15 fired dev_deadline=613214207288749 fire_mono=613214195463208
00:10:40 sim44 id=44 event m15 fired dev_deadline=613214163615928 fire_mono=613214195468458
00:10:40 sim43 id=43 event m15 fired dev_deadline=613214166612042 fire_mono=613214195475791
00:10:40 sim45 id=45 event m15 fired dev_deadline=613214194982463 fire_mono=613214195483125
00:10:40 sim40 id=40 event m15 fired dev_deadline=613214165672490 fire_mono=613214195488416
00:10:40 sim42 id=42 event m15 fired dev_deadline=613214230162838 fire_mono=613214195521250
00:10:40 sim41 id=41 event m15 fired dev_deadline=613214183631635 fire_mono=613214195537583
00:10:40 sim39 id=39 event m15 fired dev_deadline=613214156754953 fire_mono=613214195546541
00:10:40 sim38 id=38 event m15 fired dev_deadline=613214218569737 fire_mono=613214195552458
00:10:40 sim37 id=37 event m15 fired dev_deadline=613214182825212 fire_mono=613214195558166
00:10:40 sim33 id=33 event m15 fired dev_deadline=613214161825166 fire_mono=613214195563375
00:10:40 sim36 id=36 event m15 fired dev_deadline=613214159183221 fire_mono=613214195568583
00:10:40 sim35 id=35 event m15 fired dev_deadline=613214158110105 fire_mono=613214195575750
00:10:40 sim34 id=34 event m15 fired dev_deadline=613214154173181 fire_mono=613214195580791
00:10:40 sim32 id=32 event m15 fired dev_deadline=613214184294292 fire_mono=613214195586000
00:10:40 sim30 id=30 event m15 fired dev_deadline=613214227476862 fire_mono=613214195591250
00:10:40 sim29 id=29 event m15 fired dev_deadline=613214160790349 fire_mono=613214195596250
00:10:40 sim28 id=28 event m15 fired dev_deadline=613214219625711 fire_mono=613214195601750
00:10:40 sim27 id=27 event m15 fired dev_deadline=613214208485430 fire_mono=613214195606583
00:10:40 sim31 id=31 event m15 fired dev_deadline=613214208939990 fire_mono=613214195611166
00:10:40 sim26 id=26 event m15 fired dev_deadline=613214152570143 fire_mono=613214195615541
00:10:40 sim25 id=25 event m15 fired dev_deadline=613214180363761 fire_mono=613214195619791
00:10:40 sim24 id=24 event m15 fired dev_deadline=613214191993870 fire_mono=613214195635416
00:10:40 sim23 id=23 event m15 fired dev_deadline=613214187414502 fire_mono=613214195652541
00:10:40 sim21 id=21 event m15 fired dev_deadline=613214162165004 fire_mono=613214195661416
00:10:40 sim22 id=22 event m15 fired dev_deadline=613214161896041 fire_mono=613214195668291
00:10:40 sim20 id=20 event m15 fired dev_deadline=613214169305161 fire_mono=613214195674708
00:10:40 sim18 id=18 event m15 fired dev_deadline=613214207694142 fire_mono=613214195680666
00:10:40 sim19 id=19 event m15 fired dev_deadline=613214213672693 fire_mono=613214195686083
00:10:40 sim17 id=17 event m15 fired dev_deadline=613214174395301 fire_mono=613214195691625
00:10:40 sim16 id=16 event m15 fired dev_deadline=613214157357782 fire_mono=613214195698416
00:10:40 sim13 id=13 event m15 fired dev_deadline=613214185410452 fire_mono=613214195704083
00:10:40 sim15 id=15 event m15 fired dev_deadline=613214201813745 fire_mono=613214195710083
00:10:40 sim14 id=14 event m15 fired dev_deadline=613214154722462 fire_mono=613214195714625
00:10:40 sim11 id=11 event m15 fired dev_deadline=613214223896176 fire_mono=613214195719500
00:10:40 sim12 id=12 event m15 fired dev_deadline=613214187573176 fire_mono=613214195724250
00:10:40 sim10 id=10 event m15 fired dev_deadline=613214169661028 fire_mono=613214195732625
00:10:40 sim9 id=9 event m15 fired dev_deadline=613214193034665 fire_mono=613214195738083
00:10:40 sim8 id=8 event m15 fired dev_deadline=613214203075783 fire_mono=613214195742958
00:10:40 sim7 id=7 event m15 fired dev_deadline=613214229774407 fire_mono=613214195747833
00:10:40 sim6 id=6 event m15 fired dev_deadline=613214181027607 fire_mono=613214195752916
00:10:40 sim5 id=5 event m15 fired dev_deadline=613214176263557 fire_mono=613214195757541
00:10:40 sim4 id=4 event m15 fired dev_deadline=613214188762855 fire_mono=613214195762333
00:10:40 sim3 id=3 event m15 fired dev_deadline=613214215999585 fire_mono=613214195768083
00:10:40 sim2 id=2 event m15 fired dev_deadline=613214228995412 fire_mono=613214195773166
00:10:40 sim1 id=1 event m15 fired dev_deadline=613214185676876 fire_mono=613214195777750
00:10:40 sim1 id=1 sync offset=-6770935ns
00:10:40 sim2 id=2 sync offset=36547767ns
00:10:40 sim3 id=3 sync offset=23551044ns
00:10:40 sim4 id=4 sync offset=-3683280ns
00:10:40 sim5 id=5 sync offset=-16182494ns
00:10:40 sim6 id=6 sync offset=-11420486ns
00:10:40 sim7 id=7 sync offset=37331241ns
00:10:40 sim8 id=8 sync offset=10632617ns
00:10:40 sim9 id=9 sync offset=597061ns
00:10:40 sim10 id=10 sync offset=-22776170ns
00:10:40 sim11 id=11 sync offset=31456552ns
00:10:40 sim12 id=12 sync offset=-4869990ns
00:10:40 sim13 id=13 sync offset=-7032714ns
00:10:40 sim14 id=14 sync offset=-37720704ns
00:10:40 sim15 id=15 sync offset=9370579ns
00:10:40 sim16 id=16 sync offset=-35085384ns
00:10:40 sim17 id=17 sync offset=-18047865ns
00:10:40 sim18 id=18 sync offset=15250976ns
00:10:40 sim19 id=19 sync offset=21229527ns
00:10:40 sim20 id=20 sync offset=-23138005ns
00:10:40 sim21 id=21 sync offset=-30277974ns
00:10:40 sim22 id=22 sync offset=-30547125ns
00:10:40 sim23 id=23 sync offset=-5028664ns
00:10:40 sim24 id=24 sync offset=-446982ns
00:10:40 sim25 id=25 sync offset=-12077134ns
00:10:40 sim26 id=26 sync offset=-39867450ns
00:10:40 sim27 id=27 sync offset=16054712ns
00:10:40 sim28 id=28 sync offset=27196878ns
00:10:40 sim29 id=29 sync offset=-31644786ns
00:10:40 sim30 id=30 sync offset=35034780ns
00:10:40 sim31 id=31 sync offset=16496824ns
00:10:40 sim32 id=32 sync offset=-8148874ns
00:10:40 sim33 id=33 sync offset=-30618000ns
00:10:40 sim34 id=34 sync offset=-38269985ns
00:10:40 sim35 id=35 sync offset=-34333061ns
00:10:40 sim36 id=36 sync offset=-33259945ns
00:10:40 sim37 id=37 sync offset=-9617954ns
00:10:40 sim38 id=38 sync offset=26135216ns
00:10:40 sim39 id=39 sync offset=-35688213ns
00:10:40 sim40 id=40 sync offset=-26770676ns
00:10:40 sim41 id=41 sync offset=-8811531ns
00:10:40 sim42 id=42 sync offset=37719672ns
00:10:40 sim43 id=43 sync offset=-25831124ns
00:10:40 sim44 id=44 sync offset=-28827238ns
00:10:40 sim45 id=45 sync offset=2539297ns
00:10:40 sim46 id=46 sync offset=14845583ns
00:10:40 sim47 id=47 sync offset=5049140ns
00:10:40 sim48 id=48 sync offset=-36720160ns
00:10:40 sim49 id=49 sync offset=-31577772ns
00:10:40 sim50 id=50 sync offset=-4918326ns
00:10:40 sim50 id=50 event m16 fired dev_deadline=613214288533715 fire_mono=613214296520708
00:10:40 sim49 id=49 event m16 fired dev_deadline=613214261874269 fire_mono=613214296567583
00:10:40 sim48 id=48 event m16 fired dev_deadline=613214256731881 fire_mono=613214296582666
00:10:40 sim47 id=47 event m16 fired dev_deadline=613214298501181 fire_mono=613214296590708
00:10:40 sim46 id=46 event m16 fired dev_deadline=613214308297624 fire_mono=613214296599625
00:10:40 sim44 id=44 event m16 fired dev_deadline=613214264624803 fire_mono=613214296605708
00:10:40 sim43 id=43 event m16 fired dev_deadline=613214267620917 fire_mono=613214296611458
00:10:40 sim45 id=45 event m16 fired dev_deadline=613214295991338 fire_mono=613214296617833
00:10:40 sim40 id=40 event m16 fired dev_deadline=613214266681365 fire_mono=613214296624083
00:10:40 sim42 id=42 event m16 fired dev_deadline=613214331171713 fire_mono=613214296629625
00:10:40 sim41 id=41 event m16 fired dev_deadline=613214284640510 fire_mono=613214296635791
00:10:40 sim39 id=39 event m16 fired dev_deadline=613214257763828 fire_mono=613214296641041
00:10:40 sim38 id=38 event m16 fired dev_deadline=613214319587257 fire_mono=613214296646083
00:10:40 sim37 id=37 event m16 fired dev_deadline=613214283834087 fire_mono=613214296650916
00:10:40 sim33 id=33 event m16 fired dev_deadline=613214262834041 fire_mono=613214296655416
00:10:40 sim36 id=36 event m16 fired dev_deadline=613214260192096 fire_mono=613214296661208
00:10:40 sim35 id=35 event m16 fired dev_deadline=613214259118980 fire_mono=613214296667333
00:10:40 sim34 id=34 event m16 fired dev_deadline=613214255182056 fire_mono=613214296674416
00:10:40 sim32 id=32 event m16 fired dev_deadline=613214285303167 fire_mono=613214296679750
00:10:40 sim30 id=30 event m16 fired dev_deadline=613214328485737 fire_mono=613214296685125
00:10:40 sim29 id=29 event m16 fired dev_deadline=613214261799224 fire_mono=613214296689833
00:10:40 sim28 id=28 event m16 fired dev_deadline=613214320634586 fire_mono=613214296695166
00:10:40 sim27 id=27 event m16 fired dev_deadline=613214309494305 fire_mono=613214296702000
00:10:40 sim31 id=31 event m16 fired dev_deadline=613214309948865 fire_mono=613214296709125
00:10:40 sim26 id=26 event m16 fired dev_deadline=613214253579018 fire_mono=613214296715958
00:10:40 sim25 id=25 event m16 fired dev_deadline=613214281372636 fire_mono=613214296722458
00:10:40 sim24 id=24 event m16 fired dev_deadline=613214293002745 fire_mono=613214296728541
00:10:40 sim23 id=23 event m16 fired dev_deadline=613214288423377 fire_mono=613214296734916
00:10:40 sim21 id=21 event m16 fired dev_deadline=613214263173879 fire_mono=613214296740583
00:10:40 sim22 id=22 event m16 fired dev_deadline=613214262904916 fire_mono=613214296745625
00:10:40 sim20 id=20 event m16 fired dev_deadline=613214270314036 fire_mono=613214296750541
00:10:40 sim18 id=18 event m16 fired dev_deadline=613214308703017 fire_mono=613214296755750
00:10:40 sim19 id=19 event m16 fired dev_deadline=613214314681568 fire_mono=613214296761375
00:10:40 sim17 id=17 event m16 fired dev_deadline=613214275404176 fire_mono=613214296767000
00:10:40 sim16 id=16 event m16 fired dev_deadline=613214258366657 fire_mono=613214296773416
00:10:40 sim13 id=13 event m16 fired dev_deadline=613214286419327 fire_mono=613214296778375
00:10:40 sim15 id=15 event m16 fired dev_deadline=613214302822620 fire_mono=613214296782791
00:10:40 sim14 id=14 event m16 fired dev_deadline=613214255731337 fire_mono=613214296787666
00:10:40 sim12 id=12 event m16 fired dev_deadline=613214288582051 fire_mono=613214296791958
00:10:40 sim11 id=11 event m16 fired dev_deadline=613214324908593 fire_mono=613214296797083
00:10:40 sim10 id=10 event m16 fired dev_deadline=613214270675871 fire_mono=613214296802166
00:10:40 sim9 id=9 event m16 fired dev_deadline=613214294049102 fire_mono=613214296807375
00:10:40 sim8 id=8 event m16 fired dev_deadline=613214304084658 fire_mono=613214296813333
00:10:40 sim7 id=7 event m16 fired dev_deadline=613214330783282 fire_mono=613214296818833
00:10:40 sim6 id=6 event m16 fired dev_deadline=613214282036482 fire_mono=613214296823916
00:10:40 sim5 id=5 event m16 fired dev_deadline=613214277272432 fire_mono=613214296829375
00:10:40 sim4 id=4 event m16 fired dev_deadline=613214289770501 fire_mono=613214296834125
00:10:40 sim3 id=3 event m16 fired dev_deadline=613214317007606 fire_mono=613214296839083
00:10:40 sim2 id=2 event m16 fired dev_deadline=613214330001454 fire_mono=613214296844333
00:10:40 sim1 id=1 event m16 fired dev_deadline=613214286683918 fire_mono=613214296849541
00:10:40 sim50 id=50 event m17 fired dev_deadline=613214390183465 fire_mono=613214404612666
00:10:40 sim49 id=49 event m17 fired dev_deadline=613214363524019 fire_mono=613214404667916
00:10:40 sim48 id=48 event m17 fired dev_deadline=613214358381631 fire_mono=613214404680250
00:10:40 sim47 id=47 event m17 fired dev_deadline=613214400150931 fire_mono=613214404706708
00:10:40 sim46 id=46 event m17 fired dev_deadline=613214409947374 fire_mono=613214404714041
00:10:40 sim44 id=44 event m17 fired dev_deadline=613214366274553 fire_mono=613214404720333
00:10:40 sim43 id=43 event m17 fired dev_deadline=613214369270667 fire_mono=613214404728666
00:10:40 sim45 id=45 event m17 fired dev_deadline=613214397641088 fire_mono=613214404736083
00:10:40 sim40 id=40 event m17 fired dev_deadline=613214368331115 fire_mono=613214404743000
00:10:40 sim42 id=42 event m17 fired dev_deadline=613214432821463 fire_mono=613214404749750
00:10:40 sim41 id=41 event m17 fired dev_deadline=613214386290260 fire_mono=613214404757583
00:10:40 sim39 id=39 event m17 fired dev_deadline=613214359413578 fire_mono=613214404763541
00:10:40 sim38 id=38 event m17 fired dev_deadline=613214421237007 fire_mono=613214404768583
00:10:40 sim37 id=37 event m17 fired dev_deadline=613214385483837 fire_mono=613214404773208
00:10:40 sim33 id=33 event m17 fired dev_deadline=613214364483791 fire_mono=613214404777791
00:10:40 sim36 id=36 event m17 fired dev_deadline=613214361841846 fire_mono=613214404783333
00:10:40 sim35 id=35 event m17 fired dev_deadline=613214360768730 fire_mono=613214404789416
00:10:40 sim34 id=34 event m17 fired dev_deadline=613214356831806 fire_mono=613214404795041
00:10:40 sim32 id=32 event m17 fired dev_deadline=613214386952917 fire_mono=613214404801875
00:10:40 sim30 id=30 event m17 fired dev_deadline=613214430135487 fire_mono=613214404808458
00:10:40 sim29 id=29 event m17 fired dev_deadline=613214363448974 fire_mono=613214404815500
00:10:40 sim28 id=28 event m17 fired dev_deadline=613214422284336 fire_mono=613214404821791
00:10:40 sim27 id=27 event m17 fired dev_deadline=613214411144055 fire_mono=613214404827166
00:10:40 sim31 id=31 event m17 fired dev_deadline=613214411598615 fire_mono=613214404832416
00:10:40 sim26 id=26 event m17 fired dev_deadline=613214355228768 fire_mono=613214404839750
00:10:40 sim25 id=25 event m17 fired dev_deadline=613214383022386 fire_mono=613214404847208
00:10:40 sim24 id=24 event m17 fired dev_deadline=613214394652495 fire_mono=613214404853416
00:10:40 sim23 id=23 event m17 fired dev_deadline=613214390073127 fire_mono=613214404860583
00:10:40 sim21 id=21 event m17 fired dev_deadline=613214364823629 fire_mono=613214404867166
00:10:40 sim22 id=22 event m17 fired dev_deadline=613214364554666 fire_mono=613214404873375
00:10:40 sim20 id=20 event m17 fired dev_deadline=613214371963786 fire_mono=613214404878916
00:10:40 sim18 id=18 event m17 fired dev_deadline=613214410352767 fire_mono=613214404884708
00:10:40 sim19 id=19 event m17 fired dev_deadline=613214416331318 fire_mono=613214404890583
00:10:40 sim17 id=17 event m17 fired dev_deadline=613214377053926 fire_mono=613214404897125
00:10:40 sim16 id=16 event m17 fired dev_deadline=613214360016407 fire_mono=613214404903250
00:10:40 sim13 id=13 event m17 fired dev_deadline=613214388069077 fire_mono=613214404910375
00:10:40 sim14 id=14 event m17 fired dev_deadline=613214357381087 fire_mono=613214404916833
00:10:40 sim15 id=15 event m17 fired dev_deadline=613214404472370 fire_mono=613214404922500
00:10:40 sim12 id=12 event m17 fired dev_deadline=613214390231801 fire_mono=613214404927416
00:10:40 sim11 id=11 event m17 fired dev_deadline=613214426558343 fire_mono=613214404932833
00:10:40 sim10 id=10 event m17 fired dev_deadline=613214372325621 fire_mono=613214404937625
00:10:40 sim9 id=9 event m17 fired dev_deadline=613214395698852 fire_mono=613214404941916
00:10:40 sim8 id=8 event m17 fired dev_deadline=613214405734408 fire_mono=613214404947875
00:10:40 sim7 id=7 event m17 fired dev_deadline=613214432433032 fire_mono=613214404953375
00:10:40 sim6 id=6 event m17 fired dev_deadline=613214383686232 fire_mono=613214404958166
00:10:40 sim5 id=5 event m17 fired dev_deadline=613214378922182 fire_mono=613214404964000
00:10:40 sim4 id=4 event m17 fired dev_deadline=613214391420251 fire_mono=613214404969208
00:10:40 sim3 id=3 event m17 fired dev_deadline=613214418657356 fire_mono=613214404975041
00:10:40 sim2 id=2 event m17 fired dev_deadline=613214431651204 fire_mono=613214404979750
00:10:40 sim1 id=1 event m17 fired dev_deadline=613214388333668 fire_mono=613214404984000
00:10:41 sim50 id=50 event m18 fired dev_deadline=613214491013299 fire_mono=613214496705000
00:10:41 sim49 id=49 event m18 fired dev_deadline=613214464353853 fire_mono=613214496752125
00:10:41 sim48 id=48 event m18 fired dev_deadline=613214459211465 fire_mono=613214496762583
00:10:41 sim47 id=47 event m18 fired dev_deadline=613214500980765 fire_mono=613214496769041
00:10:41 sim46 id=46 event m18 fired dev_deadline=613214510777208 fire_mono=613214496775125
00:10:41 sim44 id=44 event m18 fired dev_deadline=613214467104387 fire_mono=613214496780375
00:10:41 sim43 id=43 event m18 fired dev_deadline=613214470100501 fire_mono=613214496809250
00:10:41 sim45 id=45 event m18 fired dev_deadline=613214498470922 fire_mono=613214496828916
00:10:41 sim40 id=40 event m18 fired dev_deadline=613214469160949 fire_mono=613214496876625
00:10:41 sim42 id=42 event m18 fired dev_deadline=613214533651297 fire_mono=613214496886125
00:10:41 sim41 id=41 event m18 fired dev_deadline=613214487120094 fire_mono=613214496892333
00:10:41 sim39 id=39 event m18 fired dev_deadline=613214460243412 fire_mono=613214496898708
00:10:41 sim38 id=38 event m18 fired dev_deadline=613214522066841 fire_mono=613214496903916
00:10:41 sim37 id=37 event m18 fired dev_deadline=613214486313671 fire_mono=613214496909750
00:10:41 sim33 id=33 event m18 fired dev_deadline=613214465313625 fire_mono=613214496915125
00:10:41 sim36 id=36 event m18 fired dev_deadline=613214462671680 fire_mono=613214496920416
00:10:41 sim35 id=35 event m18 fired dev_deadline=613214461598564 fire_mono=613214496925500
00:10:41 sim34 id=34 event m18 fired dev_deadline=613214457661640 fire_mono=613214496930041
00:10:41 sim32 id=32 event m18 fired dev_deadline=613214487782751 fire_mono=613214496935000
00:10:41 sim30 id=30 event m18 fired dev_deadline=613214530965321 fire_mono=613214496941125
00:10:41 sim29 id=29 event m18 fired dev_deadline=613214464278808 fire_mono=613214496945708
00:10:41 sim28 id=28 event m18 fired dev_deadline=613214523114170 fire_mono=613214496951083
00:10:41 sim27 id=27 event m18 fired dev_deadline=613214511973889 fire_mono=613214496956416
00:10:41 sim31 id=31 event m18 fired dev_deadline=613214512428449 fire_mono=613214496961000
00:10:41 sim26 id=26 event m18 fired dev_deadline=613214456058602 fire_mono=613214496965625
00:10:41 sim25 id=25 event m18 fired dev_deadline=613214483852220 fire_mono=613214496970000
00:10:41 sim24 id=24 event m18 fired dev_deadline=613214495482329 fire_mono=613214496974333
00:10:41 sim23 id=23 event m18 fired dev_deadline=613214490902961 fire_mono=613214496980500
00:10:41 sim21 id=21 event m18 fired dev_deadline=613214465653463 fire_mono=613214496985125
00:10:41 sim22 id=22 event m18 fired dev_deadline=613214465384500 fire_mono=613214496990041
00:10:41 sim20 id=20 event m18 fired dev_deadline=613214472793620 fire_mono=613214496995791
00:10:41 sim18 id=18 event m18 fired dev_deadline=613214511182601 fire_mono=613214497000375
00:10:41 sim19 id=19 event m18 fired dev_deadline=613214517161152 fire_mono=613214497005541
00:10:41 sim17 id=17 event m18 fired dev_deadline=613214477883760 fire_mono=613214497010208
00:10:41 sim16 id=16 event m18 fired dev_deadline=613214460846241 fire_mono=613214497014666
00:10:41 sim13 id=13 event m18 fired dev_deadline=613214488898911 fire_mono=613214497020916
00:10:41 sim15 id=15 event m18 fired dev_deadline=613214505302204 fire_mono=613214497026416
00:10:41 sim14 id=14 event m18 fired dev_deadline=613214458210921 fire_mono=613214497031375
00:10:41 sim12 id=12 event m18 fired dev_deadline=613214491061635 fire_mono=613214497036666
00:10:41 sim11 id=11 event m18 fired dev_deadline=613214527388177 fire_mono=613214497041333
00:10:41 sim10 id=10 event m18 fired dev_deadline=613214473155455 fire_mono=613214497046000
00:10:41 sim9 id=9 event m18 fired dev_deadline=613214496528686 fire_mono=613214497050291
00:10:41 sim8 id=8 event m18 fired dev_deadline=613214506564242 fire_mono=613214497054875
00:10:41 sim7 id=7 event m18 fired dev_deadline=613214533262866 fire_mono=613214497060000
00:10:41 sim6 id=6 event m18 fired dev_deadline=613214484516066 fire_mono=613214497064375
00:10:41 sim5 id=5 event m18 fired dev_deadline=613214479752016 fire_mono=613214497069166
00:10:41 sim4 id=4 event m18 fired dev_deadline=613214492250085 fire_mono=613214497074500
00:10:41 sim3 id=3 event m18 fired dev_deadline=613214519487190 fire_mono=613214497078875
00:10:41 sim2 id=2 event m18 fired dev_deadline=613214532481038 fire_mono=613214497083583
00:10:41 sim1 id=1 event m18 fired dev_deadline=613214489163502 fire_mono=613214497087916
00:10:41 sim50 id=50 event m19 fired dev_deadline=613214593197299 fire_mono=613214599214791
00:10:41 sim49 id=49 event m19 fired dev_deadline=613214566537853 fire_mono=613214599252500
00:10:41 sim48 id=48 event m19 fired dev_deadline=613214561395465 fire_mono=613214599261125
00:10:41 sim47 id=47 event m19 fired dev_deadline=613214603164765 fire_mono=613214599267000
00:10:41 sim46 id=46 event m19 fired dev_deadline=613214612961208 fire_mono=613214599272500
00:10:41 sim44 id=44 event m19 fired dev_deadline=613214569288387 fire_mono=613214599277666
00:10:41 sim43 id=43 event m19 fired dev_deadline=613214572284501 fire_mono=613214599288750
00:10:41 sim45 id=45 event m19 fired dev_deadline=613214600654922 fire_mono=613214599294083
00:10:41 sim40 id=40 event m19 fired dev_deadline=613214571344949 fire_mono=613214599299250
00:10:41 sim42 id=42 event m19 fired dev_deadline=613214635835297 fire_mono=613214599303875
00:10:41 sim41 id=41 event m19 fired dev_deadline=613214589304094 fire_mono=613214599308375
00:10:41 sim39 id=39 event m19 fired dev_deadline=613214562427412 fire_mono=613214599312791
00:10:41 sim38 id=38 event m19 fired dev_deadline=613214624250841 fire_mono=613214599317208
00:10:41 sim37 id=37 event m19 fired dev_deadline=613214588497671 fire_mono=613214599323583
00:10:41 sim33 id=33 event m19 fired dev_deadline=613214567497625 fire_mono=613214599329125
00:10:41 sim36 id=36 event m19 fired dev_deadline=613214564855680 fire_mono=613214599333791
00:10:41 sim35 id=35 event m19 fired dev_deadline=613214563782564 fire_mono=613214599338750
00:10:41 sim34 id=34 event m19 fired dev_deadline=613214559845640 fire_mono=613214599343041
00:10:41 sim32 id=32 event m19 fired dev_deadline=613214589966751 fire_mono=613214599347666
00:10:41 sim30 id=30 event m19 fired dev_deadline=613214633149321 fire_mono=613214599352000
00:10:41 sim29 id=29 event m19 fired dev_deadline=613214566462808 fire_mono=613214599356500
00:10:41 sim28 id=28 event m19 fired dev_deadline=613214625298170 fire_mono=613214599361791
00:10:41 sim27 id=27 event m19 fired dev_deadline=613214614157889 fire_mono=613214599366625
00:10:41 sim31 id=31 event m19 fired dev_deadline=613214614612449 fire_mono=613214599371291
00:10:41 sim26 id=26 event m19 fired dev_deadline=613214558242602 fire_mono=613214599377166
00:10:41 sim25 id=25 event m19 fired dev_deadline=613214586036220 fire_mono=613214599383333
00:10:41 sim24 id=24 event m19 fired dev_deadline=613214597666329 fire_mono=613214599387625
00:10:41 sim23 id=23 event m19 fired dev_deadline=613214593086961 fire_mono=613214599392041
00:10:41 sim21 id=21 event m19 fired dev_deadline=613214567837463 fire_mono=613214599397166
00:10:41 sim22 id=22 event m19 fired dev_deadline=613214567568500 fire_mono=613214599401916
00:10:41 sim20 id=20 event m19 fired dev_deadline=613214574977620 fire_mono=613214599406083
00:10:41 sim18 id=18 event m19 fired dev_deadline=613214613366601 fire_mono=613214599412000
00:10:41 sim19 id=19 event m19 fired dev_deadline=613214619345152 fire_mono=613214599416291
00:10:41 sim17 id=17 event m19 fired dev_deadline=613214580067760 fire_mono=613214599421541
00:10:41 sim16 id=16 event m19 fired dev_deadline=613214563030241 fire_mono=613214599427083
00:10:41 sim13 id=13 event m19 fired dev_deadline=613214591082911 fire_mono=613214599431708
00:10:41 sim15 id=15 event m19 fired dev_deadline=613214607486204 fire_mono=613214599437166
00:10:41 sim14 id=14 event m19 fired dev_deadline=613214560394921 fire_mono=613214599442375
00:10:41 sim12 id=12 event m19 fired dev_deadline=613214593245635 fire_mono=613214599446875
00:10:41 sim11 id=11 event m19 fired dev_deadline=613214629572177 fire_mono=613214599451500
00:10:41 sim10 id=10 event m19 fired dev_deadline=613214575339455 fire_mono=613214599455750
00:10:41 sim9 id=9 event m19 fired dev_deadline=613214598712686 fire_mono=613214599459791
00:10:41 sim8 id=8 event m19 fired dev_deadline=613214608748242 fire_mono=613214599464708
00:10:41 sim7 id=7 event m19 fired dev_deadline=613214635446866 fire_mono=613214599469583
00:10:41 sim6 id=6 event m19 fired dev_deadline=613214586700066 fire_mono=613214599474250
00:10:41 sim5 id=5 event m19 fired dev_deadline=613214581936016 fire_mono=613214599478500
00:10:41 sim4 id=4 event m19 fired dev_deadline=613214594434085 fire_mono=613214599482625
00:10:41 sim3 id=3 event m19 fired dev_deadline=613214621671190 fire_mono=613214599486958
00:10:41 sim2 id=2 event m19 fired dev_deadline=613214634665038 fire_mono=613214599491250
00:10:41 sim1 id=1 event m19 fired dev_deadline=613214591347502 fire_mono=613214599495333
00:10:41 sim1 id=1 sync offset=-6771915ns
00:10:41 sim2 id=2 sync offset=36547767ns
00:10:41 sim3 id=3 sync offset=23549128ns
00:10:41 sim4 id=4 sync offset=-3686811ns
00:10:41 sim5 id=5 sync offset=-16187307ns
00:10:41 sim6 id=6 sync offset=-11427945ns
00:10:41 sim7 id=7 sync offset=37322959ns
00:10:41 sim8 id=8 sync offset=10626690ns
00:10:41 sim9 id=9 sync offset=596207ns
00:10:41 sim10 id=10 sync offset=-22776170ns
00:10:41 sim11 id=11 sync offset=31456552ns
00:10:41 sim12 id=12 sync offset=-4869990ns
00:10:41 sim13 id=13 sync offset=-7032714ns
00:10:41 sim14 id=14 sync offset=-37720704ns
00:10:41 sim15 id=15 sync offset=9370579ns
00:10:41 sim16 id=16 sync offset=-35085384ns
00:10:41 sim17 id=17 sync offset=-18047865ns
00:10:41 sim18 id=18 sync offset=15250976ns
00:10:41 sim19 id=19 sync offset=21229527ns
00:10:41 sim20 id=20 sync offset=-23138005ns
00:10:41 sim21 id=21 sync offset=-30277974ns
00:10:41 sim22 id=22 sync offset=-30547125ns
00:10:41 sim23 id=23 sync offset=-5028664ns
00:10:41 sim24 id=24 sync offset=-446982ns
00:10:41 sim25 id=25 sync offset=-12077134ns
00:10:41 sim26 id=26 sync offset=-39867450ns
00:10:41 sim27 id=27 sync offset=16054712ns
00:10:41 sim28 id=28 sync offset=27196878ns
00:10:41 sim29 id=29 sync offset=-31644786ns
00:10:41 sim30 id=30 sync offset=35034780ns
00:10:41 sim31 id=31 sync offset=16496824ns
00:10:41 sim32 id=32 sync offset=-8148874ns
00:10:41 sim33 id=33 sync offset=-30618000ns
00:10:41 sim34 id=34 sync offset=-38269985ns
00:10:41 sim35 id=35 sync offset=-34333061ns
00:10:41 sim36 id=36 sync offset=-33259945ns
00:10:41 sim37 id=37 sync offset=-9617954ns
00:10:41 sim38 id=38 sync offset=26135216ns
00:10:41 sim39 id=39 sync offset=-35677473ns
00:10:41 sim40 id=40 sync offset=-26763957ns
00:10:41 sim41 id=41 sync offset=-8806166ns
00:10:41 sim42 id=42 sync offset=37731662ns
00:10:41 sim43 id=43 sync offset=-25818301ns
00:10:41 sim44 id=44 sync offset=-28814508ns
00:10:41 sim45 id=45 sync offset=2539453ns
00:10:41 sim46 id=46 sync offset=14845583ns
00:10:41 sim47 id=47 sync offset=5049140ns
00:10:41 sim48 id=48 sync offset=-36720160ns
00:10:41 sim49 id=49 sync offset=-31577772ns
00:10:41 sim50 id=50 sync offset=-4918326ns
00:10:41 sim1 id=1 sync offset=-6771915ns
00:10:41 sim2 id=2 sync offset=36547767ns
00:10:41 sim3 id=3 sync offset=23549128ns
00:10:41 sim4 id=4 sync offset=-3687488ns
00:10:41 sim5 id=5 sync offset=-16188942ns
00:10:41 sim6 id=6 sync offset=-11427945ns
00:10:41 sim7 id=7 sync offset=37322959ns
00:10:41 sim8 id=8 sync offset=10626690ns
00:10:41 sim9 id=9 sync offset=596207ns
00:10:41 sim10 id=10 sync offset=-22776170ns
00:10:41 sim11 id=11 sync offset=31457729ns
00:10:41 sim12 id=12 sync offset=-4868271ns
00:10:41 sim13 id=13 sync offset=-7028182ns
00:10:41 sim14 id=14 sync offset=-37716975ns
00:10:41 sim15 id=15 sync offset=9375298ns
00:10:41 sim16 id=16 sync offset=-35075717ns
00:10:41 sim17 id=17 sync offset=-18041208ns
00:10:41 sim18 id=18 sync offset=15250976ns
00:10:41 sim19 id=19 sync offset=21229527ns
00:10:41 sim20 id=20 sync offset=-23138005ns
00:10:41 sim21 id=21 sync offset=-30277974ns
00:10:41 sim22 id=22 sync offset=-30547125ns
00:10:41 sim23 id=23 sync offset=-5028664ns
00:10:41 sim24 id=24 sync offset=-444045ns
00:10:41 sim25 id=25 sync offset=-12068446ns
00:10:41 sim26 id=26 sync offset=-39867450ns
00:10:41 sim27 id=27 sync offset=16054712ns
00:10:41 sim28 id=28 sync offset=27201222ns
00:10:41 sim29 id=29 sync offset=-31626880ns
00:10:41 sim30 id=30 sync offset=35059748ns
00:10:41 sim31 id=31 sync offset=16504980ns
00:10:41 sim32 id=32 sync offset=-8140842ns
00:10:41 sim33 id=33 sync offset=-30602958ns
00:10:41 sim34 id=34 sync offset=-38254058ns
00:10:41 sim35 id=35 sync offset=-34317321ns
00:10:41 sim36 id=36 sync offset=-33243508ns
00:10:41 sim37 id=37 sync offset=-9608735ns
00:10:41 sim38 id=38 sync offset=26146632ns
00:10:41 sim39 id=39 sync offset=-35649223ns
00:10:41 sim40 id=40 sync offset=-26742508ns
00:10:41 sim41 id=41 sync offset=-8795114ns
00:10:41 sim42 id=42 sync offset=37744922ns
00:10:41 sim43 id=43 sync offset=-25799280ns
00:10:41 sim44 id=44 sync offset=-28794789ns
00:10:41 sim45 id=45 sync offset=2552860ns
00:10:41 sim46 id=46 sync offset=14865718ns
00:10:41 sim47 id=47 sync offset=5063765ns
00:10:41 sim48 id=48 sync offset=-36710702ns
00:10:41 sim49 id=49 sync offset=-31574418ns
00:10:41 sim50 id=50 sync offset=-4918140ns
