23:41:05 sim1 id=1 state=booting
23:41:05 sim2 id=2 state=booting
23:41:05 sim3 id=3 state=booting
23:41:05 sim4 id=4 state=booting
23:41:05 sim5 id=5 state=booting
23:41:05 sim6 id=6 state=booting
23:41:05 sim7 id=7 state=booting
23:41:05 sim8 id=8 state=booting
23:41:05 sim9 id=9 state=booting
23:41:05 sim10 id=10 state=booting
23:41:05 sim11 id=11 state=booting
23:41:05 sim12 id=12 state=booting
23:41:05 sim13 id=13 state=booting
23:41:05 sim14 id=14 state=booting
23:41:05 sim15 id=15 state=booting
23:41:05 sim16 id=16 state=booting
23:41:05 sim17 id=17 state=booting
23:41:05 sim18 id=18 state=booting
23:41:05 sim19 id=19 state=booting
23:41:05 sim20 id=20 state=booting
23:41:05 sim21 id=21 state=booting
23:41:05 sim22 id=22 state=booting
23:41:05 sim23 id=23 state=booting
23:41:05 sim24 id=24 state=booting
23:41:05 sim25 id=25 state=booting
23:41:05 sim26 id=26 state=booting
23:41:05 sim27 id=27 state=booting
23:41:05 sim28 id=28 state=booting
23:41:05 sim29 id=29 state=booting
23:41:05 sim30 id=30 state=booting
23:41:05 sim31 id=31 state=booting
23:41:05 sim32 id=32 state=booting
23:41:05 sim33 id=33 state=booting
23:41:05 sim34 id=34 state=booting
23:41:05 sim35 id=35 state=booting
23:41:05 sim36 id=36 state=booting
23:41:05 sim37 id=37 state=booting
23:41:05 sim38 id=38 state=booting
23:41:05 sim39 id=39 state=booting
23:41:05 sim40 id=40 state=booting
23:41:05 sim41 id=41 state=booting
23:41:05 sim42 id=42 state=booting
23:41:05 sim43 id=43 state=booting
23:41:05 sim44 id=44 state=booting
23:41:05 sim45 id=45 state=booting
23:41:05 sim46 id=46 state=booting
23:41:05 sim47 id=47 state=booting
23:41:05 sim48 id=48 state=booting
23:41:05 sim49 id=49 state=booting
23:41:05 sim50 id=50 state=booting
23:41:05 Measure 1 id=1 assigned id=1 name=Measure 1 positions=[]
23:41:05 Measure 1 id=1 device_enabled=1 output=1
23:41:05 Measure 1 id=1 p/gain0=0
23:41:05 Measure 1 id=1 p/gain1=0
23:41:05 Measure 1 id=1 os/master 1
23:41:05 Measure 2 id=2 assigned id=2 name=Measure 2 positions=[]
23:41:05 Measure 2 id=2 device_enabled=1 output=1
23:41:05 Measure 2 id=2 p/gain0=0
23:41:05 Measure 2 id=2 p/gain1=0
23:41:05 Measure 2 id=2 os/master 1
23:41:05 Measure 3 id=3 assigned id=3 name=Measure 3 positions=[]
23:41:05 Measure 3 id=3 device_enabled=1 output=1
23:41:05 Measure 3 id=3 p/gain0=0
23:41:05 Measure 3 id=3 p/gain1=0
23:41:05 Measure 3 id=3 os/master 1
23:41:05 Measure 4 id=4 assigned id=4 name=Measure 4 positions=[]
23:41:05 Measure 4 id=4 device_enabled=1 output=1
23:41:05 Measure 4 id=4 p/gain0=0
23:41:05 Measure 4 id=4 p/gain1=0
23:41:05 Measure 4 id=4 os/master 1
23:41:05 Measure 5 id=5 assigned id=5 name=Measure 5 positions=[]
23:41:05 Measure 5 id=5 device_enabled=1 output=1
23:41:05 Measure 5 id=5 p/gain0=0
23:41:05 Measure 5 id=5 p/gain1=0
23:41:05 Measure 5 id=5 os/master 1
23:41:05 Measure 6 id=6 assigned id=6 name=Measure 6 positions=[]
23:41:05 Measure 6 id=6 device_enabled=1 output=1
23:41:05 Measure 6 id=6 p/gain0=0
23:41:05 Measure 6 id=6 p/gain1=0
23:41:05 Measure 6 id=6 os/master 1
23:41:06 Measure 7 id=7 assigned id=7 name=Measure 7 positions=[]
23:41:06 Measure 7 id=7 device_enabled=1 output=1
23:41:06 Measure 7 id=7 p/gain0=0
23:41:06 Measure 7 id=7 p/gain1=0
23:41:06 Measure 7 id=7 os/master 1
23:41:06 Measure 8 id=8 assigned id=8 name=Measure 8 positions=[]
23:41:06 Measure 8 id=8 device_enabled=1 output=1
23:41:06 Measure 8 id=8 p/gain0=0
23:41:06 Measure 8 id=8 p/gain1=0
23:41:06 Measure 8 id=8 os/master 1
23:41:06 Measure 9 id=9 assigned id=9 name=Measure 9 positions=[]
23:41:06 Measure 9 id=9 device_enabled=1 output=1
23:41:06 Measure 9 id=9 p/gain0=0
23:41:06 Measure 9 id=9 p/gain1=0
23:41:06 Measure 9 id=9 os/master 1
23:41:06 Measure 10 id=10 assigned id=10 name=Measure 10 positions=[]
23:41:06 Measure 10 id=10 device_enabled=1 output=1
23:41:06 Measure 10 id=10 p/gain0=0
23:41:06 Measure 10 id=10 p/gain1=0
23:41:06 Measure 10 id=10 os/master 1
23:41:06 Measure 11 id=11 assigned id=11 name=Measure 11 positions=[]
23:41:06 Measure 11 id=11 device_enabled=1 output=1
23:41:06 Measure 11 id=11 p/gain0=0
23:41:06 Measure 11 id=11 p/gain1=0
23:41:06 Measure 11 id=11 os/master 1
23:41:06 Measure 12 id=12 assigned id=12 name=Measure 12 positions=[]
23:41:06 Measure 12 id=12 device_enabled=1 output=1
23:41:06 Measure 12 id=12 p/gain0=0
23:41:06 Measure 12 id=12 p/gain1=0
23:41:06 Measure 12 id=12 os/master 1
23:41:06 Measure 13 id=13 assigned id=13 name=Measure 13 positions=[]
23:41:06 Measure 13 id=13 device_enabled=1 output=1
23:41:06 Measure 13 id=13 p/gain0=0
23:41:06 Measure 13 id=13 p/gain1=0
23:41:06 Measure 13 id=13 os/master 1
23:41:06 Measure 14 id=14 assigned id=14 name=Measure 14 positions=[]
23:41:06 Measure 14 id=14 device_enabled=1 output=1
23:41:06 Measure 14 id=14 p/gain0=0
23:41:06 Measure 14 id=14 p/gain1=0
23:41:06 Measure 14 id=14 os/master 1
23:41:06 Measure 15 id=15 assigned id=15 name=Measure 15 positions=[]
23:41:06 Measure 15 id=15 device_enabled=1 output=1
23:41:06 Measure 15 id=15 p/gain0=0
23:41:06 Measure 15 id=15 p/gain1=0
23:41:06 Measure 15 id=15 os/master 1
23:41:06 Measure 16 id=16 assigned id=16 name=Measure 16 positions=[]
23:41:06 Measure 16 id=16 device_enabled=1 output=1
23:41:06 Measure 16 id=16 p/gain0=0
23:41:06 Measure 16 id=16 p/gain1=0
23:41:06 Measure 16 id=16 os/master 1
23:41:06 Measure 17 id=17 assigned id=17 name=Measure 17 positions=[]
23:41:06 Measure 17 id=17 device_enabled=1 output=1
23:41:06 Measure 17 id=17 p/gain0=0
23:41:06 Measure 17 id=17 p/gain1=0
23:41:06 Measure 17 id=17 os/master 1
23:41:06 Measure 18 id=18 assigned id=18 name=Measure 18 positions=[]
23:41:06 Measure 18 id=18 device_enabled=1 output=1
23:41:06 Measure 18 id=18 p/gain0=0
23:41:06 Measure 18 id=18 p/gain1=0
23:41:06 Measure 18 id=18 os/master 1
23:41:06 Measure 19 id=19 assigned id=19 name=Measure 19 positions=[]
23:41:06 Measure 19 id=19 device_enabled=1 output=1
23:41:06 Measure 19 id=19 p/gain0=0
23:41:06 Measure 19 id=19 p/gain1=0
23:41:06 Measure 19 id=19 os/master 1
23:41:06 Measure 20 id=20 assigned id=20 name=Measure 20 positions=[]
23:41:06 Measure 20 id=20 device_enabled=1 output=1
23:41:06 Measure 20 id=20 p/gain0=0
23:41:06 Measure 20 id=20 p/gain1=0
23:41:06 Measure 20 id=20 os/master 1
23:41:06 Measure 21 id=21 assigned id=21 name=Measure 21 positions=[]
23:41:06 Measure 21 id=21 device_enabled=1 output=1
23:41:06 Measure 21 id=21 p/gain0=0
23:41:06 Measure 21 id=21 p/gain1=0
23:41:06 Measure 21 id=21 os/master 1
23:41:06 Measure 22 id=22 assigned id=22 name=Measure 22 positions=[]
23:41:06 Measure 22 id=22 device_enabled=1 output=1
23:41:06 Measure 22 id=22 p/gain0=0
23:41:06 Measure 22 id=22 p/gain1=0
23:41:06 Measure 22 id=22 os/master 1
23:41:06 Measure 23 id=23 assigned id=23 name=Measure 23 positions=[]
23:41:06 Measure 23 id=23 device_enabled=1 output=1
23:41:06 Measure 23 id=23 p/gain0=0
23:41:06 Measure 23 id=23 p/gain1=0
23:41:06 Measure 23 id=23 os/master 1
23:41:06 Measure 24 id=24 assigned id=24 name=Measure 24 positions=[]
23:41:06 Measure 24 id=24 device_enabled=1 output=1
23:41:06 Measure 24 id=24 p/gain0=0
23:41:06 Measure 24 id=24 p/gain1=0
23:41:06 Measure 24 id=24 os/master 1
23:41:06 Measure 25 id=25 assigned id=25 name=Measure 25 positions=[]
23:41:06 Measure 25 id=25 device_enabled=1 output=1
23:41:06 Measure 25 id=25 p/gain0=0
23:41:06 Measure 25 id=25 p/gain1=0
23:41:06 Measure 25 id=25 os/master 1
23:41:06 Measure 1 id=1 state=running
23:41:06 Measure 2 id=2 state=running
23:41:06 Measure 3 id=3 state=running
23:41:06 Measure 4 id=4 state=running
23:41:06 Measure 5 id=5 state=running
23:41:06 Measure 6 id=6 state=running
23:41:06 Measure 7 id=7 state=running
23:41:06 Measure 8 id=8 state=running
23:41:06 Measure 9 id=9 state=running
23:41:06 Measure 10 id=10 state=running
23:41:06 Measure 11 id=11 state=running
23:41:06 Measure 12 id=12 state=running
23:41:06 Measure 13 id=13 state=running
23:41:06 Measure 14 id=14 state=running
23:41:06 Measure 15 id=15 state=running
23:41:06 Measure 16 id=16 state=running
23:41:06 Measure 17 id=17 state=running
23:41:06 Measure 18 id=18 state=running
23:41:06 Measure 19 id=19 state=running
23:41:06 Measure 20 id=20 state=running
23:41:06 Measure 21 id=21 state=running
23:41:06 Measure 22 id=22 state=running
23:41:06 Measure 23 id=23 state=running
23:41:06 Measure 24 id=24 state=running
23:41:06 Measure 25 id=25 state=running
23:41:06 sim26 id=26 state=running
23:41:06 sim27 id=27 state=running
23:41:06 sim28 id=28 state=running
23:41:06 sim29 id=29 state=running
23:41:06 sim30 id=30 state=running
23:41:06 sim31 id=31 state=running
23:41:06 sim32 id=32 state=running
23:41:06 sim33 id=33 state=running
23:41:06 sim34 id=34 state=running
23:41:06 sim35 id=35 state=running
23:41:06 sim36 id=36 state=running
23:41:06 sim37 id=37 state=running
23:41:06 sim38 id=38 state=running
23:41:06 sim39 id=39 state=running
23:41:06 sim40 id=40 state=running
23:41:06 sim41 id=41 state=running
23:41:06 sim42 id=42 state=running
23:41:06 sim43 id=43 state=running
23:41:06 sim44 id=44 state=running
23:41:06 sim45 id=45 state=running
23:41:06 sim46 id=46 state=running
23:41:06 sim47 id=47 state=running
23:41:06 sim48 id=48 state=running
23:41:06 sim49 id=49 state=running
23:41:06 sim50 id=50 state=running
23:41:06 Measure 26 id=26 assigned id=26 name=Measure 26 positions=[]
23:41:06 Measure 26 id=26 device_enabled=1 output=1
23:41:06 Measure 26 id=26 p/gain0=0
23:41:06 Measure 26 id=26 p/gain1=0
23:41:06 Measure 26 id=26 os/master 1
23:41:06 Measure 27 id=27 assigned id=27 name=Measure 27 positions=[]
23:41:06 Measure 27 id=27 device_enabled=1 output=1
23:41:06 Measure 27 id=27 p/gain0=0
23:41:06 Measure 27 id=27 p/gain1=0
23:41:06 Measure 27 id=27 os/master 1
23:41:06 Measure 28 id=28 assigned id=28 name=Measure 28 positions=[]
23:41:06 Measure 28 id=28 device_enabled=1 output=1
23:41:06 Measure 28 id=28 p/gain0=0
23:41:06 Measure 28 id=28 p/gain1=0
23:41:06 Measure 28 id=28 os/master 1
23:41:06 Measure 29 id=29 assigned id=29 name=Measure 29 positions=[]
23:41:06 Measure 29 id=29 device_enabled=1 output=1
23:41:06 Measure 29 id=29 p/gain0=0
23:41:06 Measure 29 id=29 p/gain1=0
23:41:06 Measure 29 id=29 os/master 1
23:41:06 Measure 30 id=30 assigned id=30 name=Measure 30 positions=[]
23:41:06 Measure 30 id=30 device_enabled=1 output=1
23:41:06 Measure 30 id=30 p/gain0=0
23:41:06 Measure 30 id=30 p/gain1=0
23:41:06 Measure 30 id=30 os/master 1
23:41:07 Measure 31 id=31 assigned id=31 name=Measure 31 positions=[]
23:41:07 Measure 31 id=31 device_enabled=1 output=1
23:41:07 Measure 31 id=31 p/gain0=0
23:41:07 Measure 31 id=31 p/gain1=0
23:41:07 Measure 31 id=31 os/master 1
23:41:07 Measure 32 id=32 assigned id=32 name=Measure 32 positions=[]
23:41:07 Measure 32 id=32 device_enabled=1 output=1
23:41:07 Measure 32 id=32 p/gain0=0
23:41:07 Measure 32 id=32 p/gain1=0
23:41:07 Measure 32 id=32 os/master 1
23:41:07 Measure 33 id=33 assigned id=33 name=Measure 33 positions=[]
23:41:07 Measure 33 id=33 device_enabled=1 output=1
23:41:07 Measure 33 id=33 p/gain0=0
23:41:07 Measure 33 id=33 p/gain1=0
23:41:07 Measure 33 id=33 os/master 1
23:41:07 Measure 1 id=1 sync offset=14010ns
23:41:07 Measure 2 id=2 sync offset=18219ns
23:41:07 Measure 3 id=3 sync offset=22958ns
23:41:07 Measure 4 id=4 sync offset=24041ns
23:41:07 Measure 5 id=5 sync offset=23468ns
23:41:07 Measure 6 id=6 sync offset=32479ns
23:41:07 Measure 7 id=7 sync offset=44489ns
23:41:07 Measure 8 id=8 sync offset=49583ns
23:41:07 Measure 9 id=9 sync offset=52875ns
23:41:07 Measure 10 id=10 sync offset=47416ns
23:41:07 Measure 34 id=34 assigned id=34 name=Measure 34 positions=[]
23:41:07 Measure 34 id=34 device_enabled=1 output=1
23:41:07 Measure 34 id=34 p/gain0=0
23:41:07 Measure 34 id=34 p/gain1=0
23:41:07 Measure 34 id=34 os/master 1
23:41:07 Measure 35 id=35 assigned id=35 name=Measure 35 positions=[]
23:41:07 Measure 35 id=35 device_enabled=1 output=1
23:41:07 Measure 35 id=35 p/gain0=0
23:41:07 Measure 35 id=35 p/gain1=0
23:41:07 Measure 35 id=35 os/master 1
23:41:07 Measure 36 id=36 assigned id=36 name=Measure 36 positions=[]
23:41:07 Measure 36 id=36 device_enabled=1 output=1
23:41:07 Measure 36 id=36 p/gain0=0
23:41:07 Measure 36 id=36 p/gain1=0
23:41:07 Measure 36 id=36 os/master 1
23:41:07 Measure 37 id=37 assigned id=37 name=Measure 37 positions=[]
23:41:07 Measure 37 id=37 device_enabled=1 output=1
23:41:07 Measure 37 id=37 p/gain0=0
23:41:07 Measure 37 id=37 p/gain1=0
23:41:07 Measure 37 id=37 os/master 1
23:41:07 Measure 38 id=38 assigned id=38 name=Measure 38 positions=[]
23:41:07 Measure 38 id=38 device_enabled=1 output=1
23:41:07 Measure 38 id=38 p/gain0=0
23:41:07 Measure 38 id=38 p/gain1=0
23:41:07 Measure 38 id=38 os/master 1
23:41:07 Measure 39 id=39 assigned id=39 name=Measure 39 positions=[]
23:41:07 Measure 39 id=39 device_enabled=1 output=1
23:41:07 Measure 39 id=39 p/gain0=0
23:41:07 Measure 39 id=39 p/gain1=0
23:41:07 Measure 39 id=39 os/master 1
23:41:07 Measure 40 id=40 assigned id=40 name=Measure 40 positions=[]
23:41:07 Measure 40 id=40 device_enabled=1 output=1
23:41:07 Measure 40 id=40 p/gain0=0
23:41:07 Measure 40 id=40 p/gain1=0
23:41:07 Measure 40 id=40 os/master 1
23:41:07 Measure 41 id=41 assigned id=41 name=Measure 41 positions=[]
23:41:07 Measure 41 id=41 device_enabled=1 output=1
23:41:07 Measure 41 id=41 p/gain0=0
23:41:07 Measure 41 id=41 p/gain1=0
23:41:07 Measure 41 id=41 os/master 1
23:41:07 Measure 42 id=42 assigned id=42 name=Measure 42 positions=[]
23:41:07 Measure 42 id=42 device_enabled=1 output=1
23:41:07 Measure 42 id=42 p/gain0=0
23:41:07 Measure 42 id=42 p/gain1=0
23:41:07 Measure 42 id=42 os/master 1
23:41:07 Measure 43 id=43 assigned id=43 name=Measure 43 positions=[]
23:41:07 Measure 43 id=43 device_enabled=1 output=1
23:41:07 Measure 43 id=43 p/gain0=0
23:41:07 Measure 43 id=43 p/gain1=0
23:41:07 Measure 43 id=43 os/master 1
23:41:07 Measure 44 id=44 assigned id=44 name=Measure 44 positions=[]
23:41:07 Measure 44 id=44 device_enabled=1 output=1
23:41:07 Measure 44 id=44 p/gain0=0
23:41:07 Measure 44 id=44 p/gain1=0
23:41:07 Measure 44 id=44 os/master 1
23:41:07 Measure 1 id=1 sync offset=14010ns
23:41:07 Measure 2 id=2 sync offset=18219ns
23:41:07 Measure 3 id=3 sync offset=22958ns
23:41:07 Measure 4 id=4 sync offset=24041ns
23:41:07 Measure 5 id=5 sync offset=23468ns
23:41:07 Measure 6 id=6 sync offset=32479ns
23:41:07 Measure 7 id=7 sync offset=44489ns
23:41:07 Measure 8 id=8 sync offset=49583ns
23:41:07 Measure 9 id=9 sync offset=52875ns
23:41:07 Measure 10 id=10 sync offset=47416ns
23:41:07 Measure 11 id=11 sync offset=48333ns
23:41:07 Measure 12 id=12 sync offset=47292ns
23:41:07 Measure 13 id=13 sync offset=48583ns
23:41:07 Measure 14 id=14 sync offset=50979ns
23:41:07 Measure 15 id=15 sync offset=53854ns
23:41:07 Measure 16 id=16 sync offset=55854ns
23:41:07 Measure 17 id=17 sync offset=57687ns
23:41:07 Measure 18 id=18 sync offset=59521ns
23:41:07 Measure 19 id=19 sync offset=57208ns
23:41:07 Measure 20 id=20 sync offset=51000ns
23:41:07 Measure 21 id=21 sync offset=40125ns
23:41:07 Measure 22 id=22 sync offset=40437ns
23:41:07 Measure 45 id=45 assigned id=45 name=Measure 45 positions=[]
23:41:07 Measure 45 id=45 device_enabled=1 output=1
23:41:07 Measure 45 id=45 p/gain0=0
23:41:07 Measure 45 id=45 p/gain1=0
23:41:07 Measure 45 id=45 os/master 1
23:41:07 Measure 46 id=46 assigned id=46 name=Measure 46 positions=[]
23:41:07 Measure 46 id=46 device_enabled=1 output=1
23:41:07 Measure 46 id=46 p/gain0=0
23:41:07 Measure 46 id=46 p/gain1=0
23:41:07 Measure 46 id=46 os/master 1
23:41:07 Measure 47 id=47 assigned id=47 name=Measure 47 positions=[]
23:41:07 Measure 47 id=47 device_enabled=1 output=1
23:41:07 Measure 47 id=47 p/gain0=0
23:41:07 Measure 47 id=47 p/gain1=0
23:41:07 Measure 47 id=47 os/master 1
23:41:07 Measure 48 id=48 assigned id=48 name=Measure 48 positions=[]
23:41:07 Measure 48 id=48 device_enabled=1 output=1
23:41:07 Measure 48 id=48 p/gain0=0
23:41:07 Measure 48 id=48 p/gain1=0
23:41:07 Measure 48 id=48 os/master 1
23:41:07 Measure 49 id=49 assigned id=49 name=Measure 49 positions=[]
23:41:07 Measure 49 id=49 device_enabled=1 output=1
23:41:07 Measure 49 id=49 p/gain0=0
23:41:07 Measure 49 id=49 p/gain1=0
23:41:07 Measure 49 id=49 os/master 1
23:41:07 Measure 50 id=50 assigned id=50 name=Measure 50 positions=[]
23:41:07 Measure 50 id=50 device_enabled=1 output=1
23:41:07 Measure 50 id=50 p/gain0=0
23:41:07 Measure 50 id=50 p/gain1=0
23:41:07 Measure 50 id=50 os/master 1
23:41:07 Measure 1 id=1 sync offset=14958ns
23:41:07 Measure 2 id=2 sync offset=18219ns
23:41:07 Measure 3 id=3 sync offset=22958ns
23:41:07 Measure 4 id=4 sync offset=24041ns
23:41:07 Measure 5 id=5 sync offset=23468ns
23:41:07 Measure 6 id=6 sync offset=32479ns
23:41:07 Measure 7 id=7 sync offset=44489ns
23:41:07 Measure 8 id=8 sync offset=49583ns
23:41:07 Measure 9 id=9 sync offset=52875ns
23:41:07 Measure 10 id=10 sync offset=47416ns
23:41:07 Measure 11 id=11 sync offset=48333ns
23:41:07 Measure 12 id=12 sync offset=47292ns
23:41:07 Measure 13 id=13 sync offset=48583ns
23:41:07 Measure 14 id=14 sync offset=50979ns
23:41:07 Measure 15 id=15 sync offset=53854ns
23:41:07 Measure 16 id=16 sync offset=55854ns
23:41:07 Measure 17 id=17 sync offset=57687ns
23:41:07 Measure 18 id=18 sync offset=59521ns
23:41:07 Measure 19 id=19 sync offset=57208ns
23:41:07 Measure 20 id=20 sync offset=51000ns
23:41:07 Measure 21 id=21 sync offset=40125ns
23:41:07 Measure 22 id=22 sync offset=40437ns
23:41:07 Measure 23 id=23 sync offset=-564156ns
23:41:07 Measure 24 id=24 sync offset=-573458ns
23:41:07 Measure 25 id=25 sync offset=-588271ns
23:41:07 Measure 26 id=26 sync offset=-601260ns
23:41:07 Measure 27 id=27 sync offset=-614125ns
23:41:07 Measure 28 id=28 sync offset=-633791ns
23:41:07 Measure 29 id=29 sync offset=-635948ns
23:41:07 Measure 30 id=30 sync offset=-631875ns
23:41:07 Measure 31 id=31 sync offset=-633427ns
23:41:07 Measure 32 id=32 sync offset=-634750ns
23:41:07 Measure 33 id=33 sync offset=-634500ns
23:41:08 Measure 1 id=1 sync offset=14958ns
23:41:08 Measure 2 id=2 sync offset=18219ns
23:41:08 Measure 3 id=3 sync offset=22958ns
23:41:08 Measure 4 id=4 sync offset=24041ns
23:41:08 Measure 5 id=5 sync offset=23468ns
23:41:08 Measure 6 id=6 sync offset=32479ns
23:41:08 Measure 7 id=7 sync offset=44489ns
23:41:08 Measure 8 id=8 sync offset=49583ns
23:41:08 Measure 9 id=9 sync offset=52875ns
23:41:08 Measure 10 id=10 sync offset=47416ns
23:41:08 Measure 11 id=11 sync offset=48333ns
23:41:08 Measure 12 id=12 sync offset=47292ns
23:41:08 Measure 13 id=13 sync offset=48583ns
23:41:08 Measure 14 id=14 sync offset=50979ns
23:41:08 Measure 15 id=15 sync offset=53854ns
23:41:08 Measure 16 id=16 sync offset=55854ns
23:41:08 Measure 17 id=17 sync offset=57687ns
23:41:08 Measure 18 id=18 sync offset=59521ns
23:41:08 Measure 19 id=19 sync offset=57208ns
23:41:08 Measure 20 id=20 sync offset=51000ns
23:41:08 Measure 21 id=21 sync offset=40125ns
23:41:08 Measure 22 id=22 sync offset=40437ns
23:41:08 Measure 23 id=23 sync offset=-165062ns
23:41:08 Measure 24 id=24 sync offset=-156313ns
23:41:08 Measure 25 id=25 sync offset=-159750ns
23:41:08 Measure 26 id=26 sync offset=-163062ns
23:41:08 Measure 27 id=27 sync offset=-175500ns
23:41:08 Measure 28 id=28 sync offset=-165958ns
23:41:08 Measure 29 id=29 sync offset=-156562ns
23:41:08 Measure 30 id=30 sync offset=-158167ns
23:41:08 Measure 31 id=31 sync offset=-161042ns
23:41:08 Measure 32 id=32 sync offset=-184230ns
23:41:08 Measure 33 id=33 sync offset=-192042ns
23:41:08 Measure 34 id=34 sync offset=-198208ns
23:41:08 Measure 35 id=35 sync offset=-202521ns
23:41:08 Measure 36 id=36 sync offset=-205813ns
23:41:08 Measure 37 id=37 sync offset=-207584ns
23:41:08 Measure 38 id=38 sync offset=-194875ns
23:41:08 Measure 39 id=39 sync offset=-180146ns
23:41:08 Measure 40 id=40 sync offset=-179854ns
23:41:08 Measure 41 id=41 sync offset=-183001ns
23:41:08 Measure 42 id=42 sync offset=-186542ns
23:41:08 Measure 43 id=43 sync offset=-190917ns
23:41:08 Measure 44 id=44 sync offset=-194376ns
23:41:08 Measure 1 id=1 sync offset=14958ns
23:41:08 Measure 2 id=2 sync offset=18219ns
23:41:08 Measure 3 id=3 sync offset=22958ns
23:41:08 Measure 4 id=4 sync offset=24041ns
23:41:08 Measure 5 id=5 sync offset=23468ns
23:41:08 Measure 6 id=6 sync offset=32479ns
23:41:08 Measure 7 id=7 sync offset=44489ns
23:41:08 Measure 8 id=8 sync offset=49583ns
23:41:08 Measure 9 id=9 sync offset=52875ns
23:41:08 Measure 10 id=10 sync offset=47416ns
23:41:08 Measure 11 id=11 sync offset=48333ns
23:41:08 Measure 12 id=12 sync offset=47292ns
23:41:08 Measure 13 id=13 sync offset=48583ns
23:41:08 Measure 14 id=14 sync offset=50979ns
23:41:08 Measure 15 id=15 sync offset=53854ns
23:41:08 Measure 16 id=16 sync offset=55854ns
23:41:08 Measure 17 id=17 sync offset=57687ns
23:41:08 Measure 18 id=18 sync offset=59521ns
23:41:08 Measure 19 id=19 sync offset=57208ns
23:41:08 Measure 20 id=20 sync offset=51000ns
23:41:08 Measure 21 id=21 sync offset=40125ns
23:41:08 Measure 22 id=22 sync offset=40437ns
23:41:08 Measure 23 id=23 sync offset=-137031ns
23:41:08 Measure 24 id=24 sync offset=-136938ns
23:41:08 Measure 25 id=25 sync offset=-141406ns
23:41:08 Measure 26 id=26 sync offset=-145125ns
23:41:08 Measure 27 id=27 sync offset=-157104ns
23:41:08 Measure 28 id=28 sync offset=-158666ns
23:41:08 Measure 29 id=29 sync offset=-157562ns
23:41:08 Measure 30 id=30 sync offset=-161239ns
23:41:08 Measure 31 id=31 sync offset=-165823ns
23:41:08 Measure 32 id=32 sync offset=-181959ns
23:41:08 Measure 33 id=33 sync offset=-187948ns
23:41:08 Measure 34 id=34 sync offset=-193708ns
23:41:08 Measure 35 id=35 sync offset=-201375ns
23:41:08 Measure 36 id=36 sync offset=-206948ns
23:41:08 Measure 37 id=37 sync offset=-211531ns
23:41:08 Measure 38 id=38 sync offset=-209562ns
23:41:08 Measure 39 id=39 sync offset=-208573ns
23:41:08 Measure 40 id=40 sync offset=-210844ns
23:41:08 Measure 41 id=41 sync offset=-215157ns
23:41:08 Measure 42 id=42 sync offset=-219344ns
23:41:08 Measure 43 id=43 sync offset=-232021ns
23:41:08 Measure 44 id=44 sync offset=-239396ns
23:41:08 Measure 45 id=45 sync offset=-244198ns
23:41:08 Measure 46 id=46 sync offset=-218479ns
23:41:08 Measure 47 id=47 sync offset=-196792ns
23:41:08 Measure 48 id=48 sync offset=-197396ns
23:41:08 Measure 49 id=49 sync offset=-196354ns
23:41:08 Measure 50 id=50 sync offset=-197989ns
23:41:09 Measure 1 id=1 sync offset=14958ns
23:41:09 Measure 2 id=2 sync offset=18219ns
23:41:09 Measure 3 id=3 sync offset=22958ns
23:41:09 Measure 4 id=4 sync offset=24041ns
23:41:09 Measure 5 id=5 sync offset=23468ns
23:41:09 Measure 6 id=6 sync offset=32479ns
23:41:09 Measure 7 id=7 sync offset=44489ns
23:41:09 Measure 8 id=8 sync offset=49583ns
23:41:09 Measure 9 id=9 sync offset=52875ns
23:41:09 Measure 10 id=10 sync offset=47416ns
23:41:09 Measure 11 id=11 sync offset=48333ns
23:41:09 Measure 12 id=12 sync offset=47292ns
23:41:09 Measure 13 id=13 sync offset=48583ns
23:41:09 Measure 14 id=14 sync offset=50979ns
23:41:09 Measure 15 id=15 sync offset=53854ns
23:41:09 Measure 16 id=16 sync offset=55854ns
23:41:09 Measure 17 id=17 sync offset=57687ns
23:41:09 Measure 18 id=18 sync offset=59521ns
23:41:09 Measure 19 id=19 sync offset=57208ns
23:41:09 Measure 20 id=20 sync offset=51000ns
23:41:09 Measure 21 id=21 sync offset=40125ns
23:41:09 Measure 22 id=22 sync offset=40437ns
23:41:09 Measure 23 id=23 sync offset=-137031ns
23:41:09 Measure 24 id=24 sync offset=-136938ns
23:41:09 Measure 25 id=25 sync offset=-141406ns
23:41:09 Measure 26 id=26 sync offset=-145125ns
23:41:09 Measure 27 id=27 sync offset=-157104ns
23:41:09 Measure 28 id=28 sync offset=-158666ns
23:41:09 Measure 29 id=29 sync offset=-157562ns
23:41:09 Measure 30 id=30 sync offset=-161239ns
23:41:09 Measure 31 id=31 sync offset=-165823ns
23:41:09 Measure 32 id=32 sync offset=-181959ns
23:41:09 Measure 33 id=33 sync offset=-187948ns
23:41:09 Measure 34 id=34 sync offset=-193708ns
23:41:09 Measure 35 id=35 sync offset=-201375ns
23:41:09 Measure 36 id=36 sync offset=-206948ns
23:41:09 Measure 37 id=37 sync offset=-211531ns
23:41:09 Measure 38 id=38 sync offset=-209562ns
23:41:09 Measure 39 id=39 sync offset=-208573ns
23:41:09 Measure 40 id=40 sync offset=-210844ns
23:41:09 Measure 41 id=41 sync offset=-215157ns
23:41:09 Measure 42 id=42 sync offset=-219344ns
23:41:09 Measure 43 id=43 sync offset=-232021ns
23:41:09 Measure 44 id=44 sync offset=-239396ns
23:41:09 Measure 45 id=45 sync offset=-244198ns
23:41:09 Measure 46 id=46 sync offset=-218479ns
23:41:09 Measure 47 id=47 sync offset=-196792ns
23:41:09 Measure 48 id=48 sync offset=-197396ns
23:41:09 Measure 49 id=49 sync offset=-196354ns
23:41:09 Measure 50 id=50 sync offset=-197989ns
23:41:09 Measure 1 id=1 sync offset=14958ns
23:41:09 Measure 2 id=2 sync offset=18219ns
23:41:09 Measure 3 id=3 sync offset=22958ns
23:41:09 Measure 4 id=4 sync offset=24041ns
23:41:09 Measure 5 id=5 sync offset=23468ns
23:41:09 Measure 6 id=6 sync offset=32479ns
23:41:09 Measure 7 id=7 sync offset=44489ns
23:41:09 Measure 8 id=8 sync offset=49583ns
23:41:09 Measure 9 id=9 sync offset=52875ns
23:41:09 Measure 10 id=10 sync offset=47416ns
23:41:09 Measure 11 id=11 sync offset=48333ns
23:41:09 Measure 12 id=12 sync offset=47292ns
23:41:09 Measure 13 id=13 sync offset=48583ns
23:41:09 Measure 14 id=14 sync offset=50979ns
23:41:09 Measure 15 id=15 sync offset=53854ns
23:41:09 Measure 16 id=16 sync offset=55854ns
23:41:09 Measure 17 id=17 sync offset=57687ns
23:41:09 Measure 18 id=18 sync offset=59521ns
23:41:09 Measure 19 id=19 sync offset=57208ns
23:41:09 Measure 20 id=20 sync offset=51000ns
23:41:09 Measure 21 id=21 sync offset=40125ns
23:41:09 Measure 22 id=22 sync offset=40437ns
23:41:09 Measure 23 id=23 sync offset=-137031ns
23:41:09 Measure 24 id=24 sync offset=-136938ns
23:41:09 Measure 25 id=25 sync offset=-141406ns
23:41:09 Measure 26 id=26 sync offset=-145125ns
23:41:09 Measure 27 id=27 sync offset=-157104ns
23:41:09 Measure 28 id=28 sync offset=-158666ns
23:41:09 Measure 29 id=29 sync offset=-157562ns
23:41:09 Measure 30 id=30 sync offset=-161239ns
23:41:09 Measure 31 id=31 sync offset=-165823ns
23:41:09 Measure 32 id=32 sync offset=-181959ns
23:41:09 Measure 33 id=33 sync offset=-187948ns
23:41:09 Measure 34 id=34 sync offset=-193708ns
23:41:09 Measure 35 id=35 sync offset=-201375ns
23:41:09 Measure 36 id=36 sync offset=-206948ns
23:41:09 Measure 37 id=37 sync offset=-211531ns
23:41:09 Measure 38 id=38 sync offset=-209562ns
23:41:09 Measure 39 id=39 sync offset=-208573ns
23:41:09 Measure 40 id=40 sync offset=-210844ns
23:41:09 Measure 41 id=41 sync offset=-215157ns
23:41:09 Measure 42 id=42 sync offset=-219344ns
23:41:09 Measure 43 id=43 sync offset=-232021ns
23:41:09 Measure 44 id=44 sync offset=-239396ns
23:41:09 Measure 45 id=45 sync offset=-244198ns
23:41:09 Measure 46 id=46 sync offset=-218479ns
23:41:09 Measure 47 id=47 sync offset=-196792ns
23:41:09 Measure 48 id=48 sync offset=-197396ns
23:41:09 Measure 49 id=49 sync offset=-196354ns
23:41:09 Measure 50 id=50 sync offset=-197989ns
23:41:10 Measure 1 id=1 sync offset=14958ns
23:41:10 Measure 2 id=2 sync offset=18219ns
23:41:10 Measure 3 id=3 sync offset=22958ns
23:41:10 Measure 4 id=4 sync offset=24041ns
23:41:10 Measure 5 id=5 sync offset=23468ns
23:41:10 Measure 6 id=6 sync offset=32479ns
23:41:10 Measure 7 id=7 sync offset=44489ns
23:41:10 Measure 8 id=8 sync offset=49583ns
23:41:10 Measure 9 id=9 sync offset=52875ns
23:41:10 Measure 10 id=10 sync offset=47416ns
23:41:10 Measure 11 id=11 sync offset=48333ns
23:41:10 Measure 12 id=12 sync offset=47292ns
23:41:10 Measure 13 id=13 sync offset=48583ns
23:41:10 Measure 14 id=14 sync offset=50979ns
23:41:10 Measure 15 id=15 sync offset=53854ns
23:41:10 Measure 16 id=16 sync offset=55854ns
23:41:10 Measure 17 id=17 sync offset=57687ns
23:41:10 Measure 18 id=18 sync offset=59521ns
23:41:10 Measure 19 id=19 sync offset=57208ns
23:41:10 Measure 20 id=20 sync offset=51000ns
23:41:10 Measure 21 id=21 sync offset=40125ns
23:41:10 Measure 22 id=22 sync offset=40437ns
23:41:10 Measure 23 id=23 sync offset=-117084ns
23:41:10 Measure 24 id=24 sync offset=-126105ns
23:41:10 Measure 25 id=25 sync offset=-150167ns
23:41:10 Measure 26 id=26 sync offset=-163062ns
23:41:10 Measure 27 id=27 sync offset=-175500ns
23:41:10 Measure 28 id=28 sync offset=-165958ns
23:41:10 Measure 29 id=29 sync offset=-158563ns
23:41:10 Measure 30 id=30 sync offset=-164312ns
23:41:10 Measure 31 id=31 sync offset=-170605ns
23:41:10 Measure 32 id=32 sync offset=-184230ns
23:41:10 Measure 33 id=33 sync offset=-192042ns
23:41:10 Measure 34 id=34 sync offset=-198208ns
23:41:10 Measure 35 id=35 sync offset=-202521ns
23:41:10 Measure 36 id=36 sync offset=-208083ns
23:41:10 Measure 37 id=37 sync offset=-215479ns
23:41:10 Measure 38 id=38 sync offset=-224250ns
23:41:10 Measure 39 id=39 sync offset=-237000ns
23:41:10 Measure 40 id=40 sync offset=-241834ns
23:41:10 Measure 41 id=41 sync offset=-247313ns
23:41:10 Measure 42 id=42 sync offset=-252146ns
23:41:10 Measure 43 id=43 sync offset=-273125ns
23:41:10 Measure 44 id=44 sync offset=-284417ns
23:41:10 Measure 45 id=45 sync offset=-291250ns
23:41:10 Measure 46 id=46 sync offset=-244542ns
23:41:10 Measure 47 id=47 sync offset=-228583ns
23:41:10 Measure 48 id=48 sync offset=-231896ns
23:41:10 Measure 49 id=49 sync offset=-231813ns
23:41:10 Measure 50 id=50 sync offset=-237312ns
23:41:10 Measure 1 id=1 sync offset=14958ns
23:41:10 Measure 2 id=2 sync offset=18219ns
23:41:10 Measure 3 id=3 sync offset=22958ns
23:41:10 Measure 4 id=4 sync offset=24041ns
23:41:10 Measure 5 id=5 sync offset=23468ns
23:41:10 Measure 6 id=6 sync offset=32479ns
23:41:10 Measure 7 id=7 sync offset=44489ns
23:41:10 Measure 8 id=8 sync offset=49583ns
23:41:10 Measure 9 id=9 sync offset=52875ns
23:41:10 Measure 10 id=10 sync offset=47416ns
23:41:10 Measure 11 id=11 sync offset=48333ns
23:41:10 Measure 12 id=12 sync offset=47292ns
23:41:10 Measure 13 id=13 sync offset=48583ns
23:41:10 Measure 14 id=14 sync offset=50979ns
23:41:10 Measure 15 id=15 sync offset=53854ns
23:41:10 Measure 16 id=16 sync offset=55854ns
23:41:10 Measure 17 id=17 sync offset=57687ns
23:41:10 Measure 18 id=18 sync offset=59521ns
23:41:10 Measure 19 id=19 sync offset=57208ns
23:41:10 Measure 20 id=20 sync offset=51000ns
23:41:10 Measure 21 id=21 sync offset=40125ns
23:41:10 Measure 22 id=22 sync offset=40437ns
23:41:10 Measure 23 id=23 sync offset=-117084ns
23:41:10 Measure 24 id=24 sync offset=-126105ns
23:41:10 Measure 25 id=25 sync offset=-150167ns
23:41:10 Measure 26 id=26 sync offset=-163062ns
23:41:10 Measure 27 id=27 sync offset=-175500ns
23:41:10 Measure 28 id=28 sync offset=-165958ns
23:41:10 Measure 29 id=29 sync offset=-158563ns
23:41:10 Measure 30 id=30 sync offset=-164312ns
23:41:10 Measure 31 id=31 sync offset=-170605ns
23:41:10 Measure 32 id=32 sync offset=-184230ns
23:41:10 Measure 33 id=33 sync offset=-192042ns
23:41:10 Measure 34 id=34 sync offset=-198208ns
23:41:10 Measure 35 id=35 sync offset=-202521ns
23:41:10 Measure 36 id=36 sync offset=-208083ns
23:41:10 Measure 37 id=37 sync offset=-215479ns
23:41:10 Measure 38 id=38 sync offset=-224250ns
23:41:10 Measure 39 id=39 sync offset=-237000ns
23:41:10 Measure 40 id=40 sync offset=-241834ns
23:41:10 Measure 41 id=41 sync offset=-247313ns
23:41:10 Measure 42 id=42 sync offset=-252146ns
23:41:10 Measure 43 id=43 sync offset=-273125ns
23:41:10 Measure 44 id=44 sync offset=-284417ns
23:41:10 Measure 45 id=45 sync offset=-291250ns
23:41:10 Measure 46 id=46 sync offset=-244542ns
23:41:10 Measure 47 id=47 sync offset=-228583ns
23:41:10 Measure 48 id=48 sync offset=-231896ns
23:41:10 Measure 49 id=49 sync offset=-231813ns
23:41:10 Measure 50 id=50 sync offset=-237312ns
23:41:11 Measure 1 id=1 sync offset=14958ns
23:41:11 Measure 2 id=2 sync offset=18219ns
23:41:11 Measure 3 id=3 sync offset=22958ns
23:41:11 Measure 4 id=4 sync offset=24041ns
23:41:11 Measure 5 id=5 sync offset=23468ns
23:41:11 Measure 6 id=6 sync offset=32479ns
23:41:11 Measure 7 id=7 sync offset=44489ns
23:41:11 Measure 8 id=8 sync offset=49583ns
23:41:11 Measure 9 id=9 sync offset=52875ns
23:41:11 Measure 10 id=10 sync offset=47416ns
23:41:11 Measure 11 id=11 sync offset=48333ns
23:41:11 Measure 12 id=12 sync offset=47292ns
23:41:11 Measure 13 id=13 sync offset=48583ns
23:41:11 Measure 14 id=14 sync offset=50979ns
23:41:11 Measure 15 id=15 sync offset=53854ns
23:41:11 Measure 16 id=16 sync offset=55854ns
23:41:11 Measure 17 id=17 sync offset=57687ns
23:41:11 Measure 18 id=18 sync offset=59521ns
23:41:11 Measure 19 id=19 sync offset=57208ns
23:41:11 Measure 20 id=20 sync offset=51000ns
23:41:11 Measure 21 id=21 sync offset=40125ns
23:41:11 Measure 22 id=22 sync offset=40437ns
23:41:11 Measure 23 id=23 sync offset=-123667ns
23:41:11 Measure 24 id=24 sync offset=-130750ns
23:41:11 Measure 25 id=25 sync offset=-145427ns
23:41:11 Measure 26 id=26 sync offset=-152104ns
23:41:11 Measure 27 id=27 sync offset=-158969ns
23:41:11 Measure 28 id=28 sync offset=-158666ns
23:41:11 Measure 29 id=29 sync offset=-157562ns
23:41:11 Measure 30 id=30 sync offset=-161239ns
23:41:11 Measure 31 id=31 sync offset=-165823ns
23:41:11 Measure 32 id=32 sync offset=-181959ns
23:41:11 Measure 33 id=33 sync offset=-187948ns
23:41:11 Measure 34 id=34 sync offset=-193708ns
23:41:11 Measure 35 id=35 sync offset=-201375ns
23:41:11 Measure 36 id=36 sync offset=-206948ns
23:41:11 Measure 37 id=37 sync offset=-211531ns
23:41:11 Measure 38 id=38 sync offset=-210010ns
23:41:11 Measure 39 id=39 sync offset=-220375ns
23:41:11 Measure 40 id=40 sync offset=-226000ns
23:41:11 Measure 41 id=41 sync offset=-231844ns
23:41:11 Measure 42 id=42 sync offset=-236375ns
23:41:11 Measure 43 id=43 sync offset=-249427ns
23:41:11 Measure 44 id=44 sync offset=-257448ns
23:41:11 Measure 45 id=45 sync offset=-261531ns
23:41:11 Measure 46 id=46 sync offset=-229406ns
23:41:11 Measure 47 id=47 sync offset=-215802ns
23:41:11 Measure 48 id=48 sync offset=-219542ns
23:41:11 Measure 49 id=49 sync offset=-223302ns
23:41:11 Measure 50 id=50 sync offset=-233604ns
23:41:11 Measure 1 id=1 sync offset=14958ns
23:41:11 Measure 2 id=2 sync offset=18219ns
23:41:11 Measure 3 id=3 sync offset=22958ns
23:41:11 Measure 4 id=4 sync offset=24041ns
23:41:11 Measure 5 id=5 sync offset=23468ns
23:41:11 Measure 6 id=6 sync offset=32479ns
23:41:11 Measure 7 id=7 sync offset=44489ns
23:41:11 Measure 8 id=8 sync offset=49583ns
23:41:11 Measure 9 id=9 sync offset=52875ns
23:41:11 Measure 10 id=10 sync offset=47416ns
23:41:11 Measure 11 id=11 sync offset=48333ns
23:41:11 Measure 12 id=12 sync offset=47292ns
23:41:11 Measure 13 id=13 sync offset=48583ns
23:41:11 Measure 14 id=14 sync offset=50979ns
23:41:11 Measure 15 id=15 sync offset=53854ns
23:41:11 Measure 16 id=16 sync offset=55854ns
23:41:11 Measure 17 id=17 sync offset=57687ns
23:41:11 Measure 18 id=18 sync offset=59521ns
23:41:11 Measure 19 id=19 sync offset=57208ns
23:41:11 Measure 20 id=20 sync offset=51000ns
23:41:11 Measure 21 id=21 sync offset=40125ns
23:41:11 Measure 22 id=22 sync offset=40437ns
23:41:11 Measure 23 id=23 sync offset=-123667ns
23:41:11 Measure 24 id=24 sync offset=-130750ns
23:41:11 Measure 25 id=25 sync offset=-145427ns
23:41:11 Measure 26 id=26 sync offset=-152104ns
23:41:11 Measure 27 id=27 sync offset=-158969ns
23:41:11 Measure 28 id=28 sync offset=-158666ns
23:41:11 Measure 29 id=29 sync offset=-157562ns
23:41:11 Measure 30 id=30 sync offset=-161239ns
23:41:11 Measure 31 id=31 sync offset=-165823ns
23:41:11 Measure 32 id=32 sync offset=-181959ns
23:41:11 Measure 33 id=33 sync offset=-187948ns
23:41:11 Measure 34 id=34 sync offset=-193708ns
23:41:11 Measure 35 id=35 sync offset=-201375ns
23:41:11 Measure 36 id=36 sync offset=-206948ns
23:41:11 Measure 37 id=37 sync offset=-211531ns
23:41:11 Measure 38 id=38 sync offset=-210010ns
23:41:11 Measure 39 id=39 sync offset=-220375ns
23:41:11 Measure 40 id=40 sync offset=-226000ns
23:41:11 Measure 41 id=41 sync offset=-231844ns
23:41:11 Measure 42 id=42 sync offset=-236375ns
23:41:11 Measure 43 id=43 sync offset=-249427ns
23:41:11 Measure 44 id=44 sync offset=-257448ns
23:41:11 Measure 45 id=45 sync offset=-261531ns
23:41:11 Measure 46 id=46 sync offset=-229406ns
23:41:11 Measure 47 id=47 sync offset=-215802ns
23:41:11 Measure 48 id=48 sync offset=-219542ns
23:41:11 Measure 49 id=49 sync offset=-223302ns
23:41:11 Measure 50 id=50 sync offset=-233604ns
23:41:12 Measure 1 id=1 sync offset=14958ns
23:41:12 Measure 2 id=2 sync offset=18219ns
23:41:12 Measure 3 id=3 sync offset=22958ns
23:41:12 Measure 4 id=4 sync offset=24041ns
23:41:12 Measure 5 id=5 sync offset=23468ns
23:41:12 Measure 6 id=6 sync offset=32479ns
23:41:12 Measure 7 id=7 sync offset=44489ns
23:41:12 Measure 8 id=8 sync offset=49583ns
23:41:12 Measure 9 id=9 sync offset=52875ns
23:41:12 Measure 10 id=10 sync offset=47416ns
23:41:12 Measure 11 id=11 sync offset=48333ns
23:41:12 Measure 12 id=12 sync offset=47292ns
23:41:12 Measure 13 id=13 sync offset=48583ns
23:41:12 Measure 14 id=14 sync offset=50979ns
23:41:12 Measure 15 id=15 sync offset=53854ns
23:41:12 Measure 16 id=16 sync offset=55854ns
23:41:12 Measure 17 id=17 sync offset=57687ns
23:41:12 Measure 18 id=18 sync offset=59521ns
23:41:12 Measure 19 id=19 sync offset=57208ns
23:41:12 Measure 20 id=20 sync offset=51000ns
23:41:12 Measure 21 id=21 sync offset=40125ns
23:41:12 Measure 22 id=22 sync offset=40437ns
23:41:12 Measure 23 id=23 sync offset=-123667ns
23:41:12 Measure 24 id=24 sync offset=-130750ns
23:41:12 Measure 25 id=25 sync offset=-145427ns
23:41:12 Measure 26 id=26 sync offset=-152104ns
23:41:12 Measure 27 id=27 sync offset=-158969ns
23:41:12 Measure 28 id=28 sync offset=-158666ns
23:41:12 Measure 29 id=29 sync offset=-157562ns
23:41:12 Measure 30 id=30 sync offset=-161239ns
23:41:12 Measure 31 id=31 sync offset=-165823ns
23:41:12 Measure 32 id=32 sync offset=-181959ns
23:41:12 Measure 33 id=33 sync offset=-187948ns
23:41:12 Measure 34 id=34 sync offset=-193708ns
23:41:12 Measure 35 id=35 sync offset=-201375ns
23:41:12 Measure 36 id=36 sync offset=-206948ns
23:41:12 Measure 37 id=37 sync offset=-211531ns
23:41:12 Measure 38 id=38 sync offset=-210010ns
23:41:12 Measure 39 id=39 sync offset=-220375ns
23:41:12 Measure 40 id=40 sync offset=-226000ns
23:41:12 Measure 41 id=41 sync offset=-231844ns
23:41:12 Measure 42 id=42 sync offset=-236375ns
23:41:12 Measure 43 id=43 sync offset=-249427ns
23:41:12 Measure 44 id=44 sync offset=-257448ns
23:41:12 Measure 45 id=45 sync offset=-261531ns
23:41:12 Measure 46 id=46 sync offset=-229406ns
23:41:12 Measure 47 id=47 sync offset=-215802ns
23:41:12 Measure 48 id=48 sync offset=-219542ns
23:41:12 Measure 49 id=49 sync offset=-223302ns
23:41:12 Measure 50 id=50 sync offset=-233604ns
23:41:12 Measure 1 id=1 sync offset=14958ns
23:41:12 Measure 2 id=2 sync offset=18219ns
23:41:12 Measure 3 id=3 sync offset=22958ns
23:41:12 Measure 4 id=4 sync offset=24041ns
23:41:12 Measure 5 id=5 sync offset=23468ns
23:41:12 Measure 6 id=6 sync offset=32479ns
23:41:12 Measure 7 id=7 sync offset=44489ns
23:41:12 Measure 8 id=8 sync offset=49583ns
23:41:12 Measure 9 id=9 sync offset=52875ns
23:41:12 Measure 10 id=10 sync offset=47416ns
23:41:12 Measure 11 id=11 sync offset=48333ns
23:41:12 Measure 12 id=12 sync offset=47292ns
23:41:12 Measure 13 id=13 sync offset=48583ns
23:41:12 Measure 14 id=14 sync offset=50979ns
23:41:12 Measure 15 id=15 sync offset=53854ns
23:41:12 Measure 16 id=16 sync offset=55854ns
23:41:12 Measure 17 id=17 sync offset=57687ns
23:41:12 Measure 18 id=18 sync offset=59521ns
23:41:12 Measure 19 id=19 sync offset=57208ns
23:41:12 Measure 20 id=20 sync offset=51000ns
23:41:12 Measure 21 id=21 sync offset=40125ns
23:41:12 Measure 22 id=22 sync offset=40437ns
23:41:12 Measure 23 id=23 sync offset=-123667ns
23:41:12 Measure 24 id=24 sync offset=-130750ns
23:41:12 Measure 25 id=25 sync offset=-145427ns
23:41:12 Measure 26 id=26 sync offset=-152104ns
23:41:12 Measure 27 id=27 sync offset=-158969ns
23:41:12 Measure 28 id=28 sync offset=-158666ns
23:41:12 Measure 29 id=29 sync offset=-157562ns
23:41:12 Measure 30 id=30 sync offset=-161239ns
23:41:12 Measure 31 id=31 sync offset=-165823ns
23:41:12 Measure 32 id=32 sync offset=-181959ns
23:41:12 Measure 33 id=33 sync offset=-187948ns
23:41:12 Measure 34 id=34 sync offset=-193708ns
23:41:12 Measure 35 id=35 sync offset=-201375ns
23:41:12 Measure 36 id=36 sync offset=-206948ns
23:41:12 Measure 37 id=37 sync offset=-211531ns
23:41:12 Measure 38 id=38 sync offset=-210010ns
23:41:12 Measure 39 id=39 sync offset=-220375ns
23:41:12 Measure 40 id=40 sync offset=-226000ns
23:41:12 Measure 41 id=41 sync offset=-231844ns
23:41:12 Measure 42 id=42 sync offset=-236375ns
23:41:12 Measure 43 id=43 sync offset=-249427ns
23:41:12 Measure 44 id=44 sync offset=-257448ns
23:41:12 Measure 45 id=45 sync offset=-261531ns
23:41:12 Measure 46 id=46 sync offset=-229406ns
23:41:12 Measure 47 id=47 sync offset=-215802ns
23:41:12 Measure 48 id=48 sync offset=-219542ns
23:41:12 Measure 49 id=49 sync offset=-223302ns
23:41:12 Measure 50 id=50 sync offset=-233604ns
23:41:13 Measure 1 id=1 sync offset=14958ns
23:41:13 Measure 2 id=2 sync offset=18219ns
23:41:13 Measure 3 id=3 sync offset=22958ns
23:41:13 Measure 4 id=4 sync offset=24041ns
23:41:13 Measure 5 id=5 sync offset=23468ns
23:41:13 Measure 6 id=6 sync offset=32479ns
23:41:13 Measure 7 id=7 sync offset=44489ns
23:41:13 Measure 8 id=8 sync offset=49583ns
23:41:13 Measure 9 id=9 sync offset=52875ns
23:41:13 Measure 10 id=10 sync offset=47416ns
23:41:13 Measure 11 id=11 sync offset=48333ns
23:41:13 Measure 12 id=12 sync offset=47292ns
23:41:13 Measure 13 id=13 sync offset=48583ns
23:41:13 Measure 14 id=14 sync offset=50979ns
23:41:13 Measure 15 id=15 sync offset=53854ns
23:41:13 Measure 16 id=16 sync offset=55854ns
23:41:13 Measure 17 id=17 sync offset=57687ns
23:41:13 Measure 18 id=18 sync offset=59521ns
23:41:13 Measure 19 id=19 sync offset=57208ns
23:41:13 Measure 20 id=20 sync offset=51000ns
23:41:13 Measure 21 id=21 sync offset=40125ns
23:41:13 Measure 22 id=22 sync offset=40437ns
23:41:13 Measure 23 id=23 sync offset=-123667ns
23:41:13 Measure 24 id=24 sync offset=-135396ns
23:41:13 Measure 25 id=25 sync offset=-150167ns
23:41:13 Measure 26 id=26 sync offset=-152104ns
23:41:13 Measure 27 id=27 sync offset=-158969ns
23:41:13 Measure 28 id=28 sync offset=-165958ns
23:41:13 Measure 29 id=29 sync offset=-158563ns
23:41:13 Measure 30 id=30 sync offset=-164312ns
23:41:13 Measure 31 id=31 sync offset=-170605ns
23:41:13 Measure 32 id=32 sync offset=-184230ns
23:41:13 Measure 33 id=33 sync offset=-192042ns
23:41:13 Measure 34 id=34 sync offset=-198208ns
23:41:13 Measure 35 id=35 sync offset=-202521ns
23:41:13 Measure 36 id=36 sync offset=-208083ns
23:41:13 Measure 37 id=37 sync offset=-215479ns
23:41:13 Measure 38 id=38 sync offset=-224250ns
23:41:13 Measure 39 id=39 sync offset=-237000ns
23:41:13 Measure 40 id=40 sync offset=-241834ns
23:41:13 Measure 41 id=41 sync offset=-247313ns
23:41:13 Measure 42 id=42 sync offset=-252146ns
23:41:13 Measure 43 id=43 sync offset=-273125ns
23:41:13 Measure 44 id=44 sync offset=-284417ns
23:41:13 Measure 45 id=45 sync offset=-291250ns
23:41:13 Measure 46 id=46 sync offset=-244542ns
23:41:13 Measure 47 id=47 sync offset=-228583ns
23:41:13 Measure 48 id=48 sync offset=-219542ns
23:41:13 Measure 49 id=49 sync offset=-223302ns
23:41:13 Measure 50 id=50 sync offset=-233604ns
23:41:13 Measure 1 id=1 sync offset=26625ns
23:41:13 Measure 2 id=2 sync offset=15541ns
23:41:13 Measure 3 id=3 sync offset=28833ns
23:41:13 Measure 4 id=4 sync offset=28625ns
23:41:13 Measure 5 id=5 sync offset=27437ns
23:41:13 Measure 6 id=6 sync offset=38459ns
23:41:13 Measure 7 id=7 sync offset=56167ns
23:41:13 Measure 8 id=8 sync offset=63500ns
23:41:13 Measure 9 id=9 sync offset=70584ns
23:41:13 Measure 10 id=10 sync offset=58104ns
23:41:13 Measure 11 id=11 sync offset=48333ns
23:41:13 Measure 12 id=12 sync offset=47292ns
23:41:13 Measure 13 id=13 sync offset=48583ns
23:41:13 Measure 14 id=14 sync offset=50979ns
23:41:13 Measure 15 id=15 sync offset=53854ns
23:41:13 Measure 16 id=16 sync offset=55854ns
23:41:13 Measure 17 id=17 sync offset=57687ns
23:41:13 Measure 18 id=18 sync offset=59521ns
23:41:13 Measure 19 id=19 sync offset=57208ns
23:41:13 Measure 20 id=20 sync offset=51000ns
23:41:13 Measure 21 id=21 sync offset=40125ns
23:41:13 Measure 22 id=22 sync offset=40437ns
23:41:13 Measure 23 id=23 sync offset=-123667ns
23:41:13 Measure 24 id=24 sync offset=-135396ns
23:41:13 Measure 25 id=25 sync offset=-150167ns
23:41:13 Measure 26 id=26 sync offset=-152104ns
23:41:13 Measure 27 id=27 sync offset=-158969ns
23:41:13 Measure 28 id=28 sync offset=-165958ns
23:41:13 Measure 29 id=29 sync offset=-158563ns
23:41:13 Measure 30 id=30 sync offset=-164312ns
23:41:13 Measure 31 id=31 sync offset=-170605ns
23:41:13 Measure 32 id=32 sync offset=-184230ns
23:41:13 Measure 33 id=33 sync offset=-192042ns
23:41:13 Measure 34 id=34 sync offset=-198208ns
23:41:13 Measure 35 id=35 sync offset=-202521ns
23:41:13 Measure 36 id=36 sync offset=-208083ns
23:41:13 Measure 37 id=37 sync offset=-215479ns
23:41:13 Measure 38 id=38 sync offset=-224250ns
23:41:13 Measure 39 id=39 sync offset=-237000ns
23:41:13 Measure 40 id=40 sync offset=-241834ns
23:41:13 Measure 41 id=41 sync offset=-247313ns
23:41:13 Measure 42 id=42 sync offset=-252146ns
23:41:13 Measure 43 id=43 sync offset=-273125ns
23:41:13 Measure 44 id=44 sync offset=-284417ns
23:41:13 Measure 45 id=45 sync offset=-291250ns
23:41:13 Measure 46 id=46 sync offset=-244542ns
23:41:13 Measure 47 id=47 sync offset=-228583ns
23:41:13 Measure 48 id=48 sync offset=-219542ns
23:41:13 Measure 49 id=49 sync offset=-223302ns
23:41:13 Measure 50 id=50 sync offset=-233604ns
23:41:14 Measure 1 id=1 sync offset=28166ns
23:41:14 Measure 2 id=2 sync offset=12354ns
23:41:14 Measure 3 id=3 sync offset=5312ns
23:41:14 Measure 4 id=4 sync offset=-4521ns
23:41:14 Measure 5 id=5 sync offset=-9479ns
23:41:14 Measure 6 id=6 sync offset=-15042ns
23:41:14 Measure 7 id=7 sync offset=-48146ns
23:41:14 Measure 8 id=8 sync offset=-58146ns
23:41:14 Measure 9 id=9 sync offset=-68396ns
23:41:14 Measure 10 id=10 sync offset=-75312ns
23:41:14 Measure 11 id=11 sync offset=-70740ns
23:41:14 Measure 12 id=12 sync offset=-69416ns
23:41:14 Measure 13 id=13 sync offset=-78844ns
23:41:14 Measure 14 id=14 sync offset=-90542ns
23:41:14 Measure 15 id=15 sync offset=-98209ns
23:41:14 Measure 16 id=16 sync offset=-103521ns
23:41:14 Measure 17 id=17 sync offset=-104000ns
23:41:14 Measure 18 id=18 sync offset=-114021ns
23:41:14 Measure 19 id=19 sync offset=-115375ns
23:41:14 Measure 20 id=20 sync offset=-114979ns
23:41:14 Measure 21 id=21 sync offset=-120042ns
23:41:14 Measure 22 id=22 sync offset=-126250ns
23:41:14 Measure 23 id=23 sync offset=-130250ns
23:41:14 Measure 24 id=24 sync offset=-145854ns
23:41:14 Measure 25 id=25 sync offset=-154958ns
23:41:14 Measure 26 id=26 sync offset=-163062ns
23:41:14 Measure 27 id=27 sync offset=-175500ns
23:41:14 Measure 28 id=28 sync offset=-178364ns
23:41:14 Measure 29 id=29 sync offset=-177646ns
23:41:14 Measure 30 id=30 sync offset=-183468ns
23:41:14 Measure 31 id=31 sync offset=-189406ns
23:41:14 Measure 32 id=32 sync offset=-200583ns
23:41:14 Measure 33 id=33 sync offset=-207156ns
23:41:14 Measure 34 id=34 sync offset=-212604ns
23:41:14 Measure 35 id=35 sync offset=-217052ns
23:41:14 Measure 36 id=36 sync offset=-221302ns
23:41:14 Measure 37 id=37 sync offset=-226395ns
23:41:14 Measure 38 id=38 sync offset=-237687ns
23:41:14 Measure 39 id=39 sync offset=-250645ns
23:41:14 Measure 40 id=40 sync offset=-255386ns
23:41:14 Measure 41 id=41 sync offset=-262542ns
23:41:14 Measure 42 id=42 sync offset=-267604ns
23:41:14 Measure 43 id=43 sync offset=-281115ns
23:41:14 Measure 44 id=44 sync offset=-289239ns
23:41:14 Measure 45 id=45 sync offset=-295541ns
23:41:14 Measure 46 id=46 sync offset=-275458ns
23:41:14 Measure 47 id=47 sync offset=-263979ns
23:41:14 Measure 48 id=48 sync offset=-231896ns
23:41:14 Measure 49 id=49 sync offset=-231813ns
23:41:14 Measure 50 id=50 sync offset=-237312ns
23:41:14 Measure 1 id=1 sync offset=28728ns
23:41:14 Measure 2 id=2 sync offset=13718ns
23:41:14 Measure 3 id=3 sync offset=2645ns
23:41:14 Measure 4 id=4 sync offset=-7000ns
23:41:14 Measure 5 id=5 sync offset=-9646ns
23:41:14 Measure 6 id=6 sync offset=-20146ns
23:41:14 Measure 7 id=7 sync offset=-48344ns
23:41:14 Measure 8 id=8 sync offset=-62708ns
23:41:14 Measure 9 id=9 sync offset=-75521ns
23:41:14 Measure 10 id=10 sync offset=-83239ns
23:41:14 Measure 11 id=11 sync offset=-81521ns
23:41:14 Measure 12 id=12 sync offset=-86187ns
23:41:14 Measure 13 id=13 sync offset=-92000ns
23:41:14 Measure 14 id=14 sync offset=-101501ns
23:41:14 Measure 15 id=15 sync offset=-106084ns
23:41:14 Measure 16 id=16 sync offset=-111459ns
23:41:14 Measure 17 id=17 sync offset=-109802ns
23:41:14 Measure 18 id=18 sync offset=-114760ns
23:41:14 Measure 19 id=19 sync offset=-117166ns
23:41:14 Measure 20 id=20 sync offset=-125406ns
23:41:14 Measure 21 id=21 sync offset=-138625ns
23:41:14 Measure 22 id=22 sync offset=-146354ns
23:41:14 Measure 23 id=23 sync offset=-147656ns
23:41:14 Measure 24 id=24 sync offset=-156313ns
23:41:14 Measure 25 id=25 sync offset=-159750ns
23:41:14 Measure 26 id=26 sync offset=-163572ns
23:41:14 Measure 27 id=27 sync offset=-175896ns
23:41:14 Measure 28 id=28 sync offset=-190771ns
23:41:14 Measure 29 id=29 sync offset=-196729ns
23:41:14 Measure 30 id=30 sync offset=-202625ns
23:41:14 Measure 31 id=31 sync offset=-208208ns
23:41:14 Measure 32 id=32 sync offset=-216937ns
23:41:14 Measure 33 id=33 sync offset=-222271ns
23:41:14 Measure 34 id=34 sync offset=-227000ns
23:41:14 Measure 35 id=35 sync offset=-231583ns
23:41:14 Measure 36 id=36 sync offset=-234521ns
23:41:14 Measure 37 id=37 sync offset=-237312ns
23:41:14 Measure 38 id=38 sync offset=-251125ns
23:41:14 Measure 39 id=39 sync offset=-264291ns
23:41:14 Measure 40 id=40 sync offset=-268938ns
23:41:14 Measure 41 id=41 sync offset=-277771ns
23:41:14 Measure 42 id=42 sync offset=-283063ns
23:41:14 Measure 43 id=43 sync offset=-289105ns
23:41:14 Measure 44 id=44 sync offset=-294062ns
23:41:14 Measure 45 id=45 sync offset=-299833ns
23:41:14 Measure 46 id=46 sync offset=-306375ns
23:41:14 Measure 47 id=47 sync offset=-299375ns
23:41:14 Measure 48 id=48 sync offset=-265354ns
23:41:14 Measure 49 id=49 sync offset=-266989ns
23:41:14 Measure 50 id=50 sync offset=-262885ns
23:41:15 Measure 1 id=1 sync offset=29291ns
23:41:15 Measure 2 id=2 sync offset=15083ns
23:41:15 Measure 3 id=3 sync offset=5312ns
23:41:15 Measure 4 id=4 sync offset=-8063ns
23:41:15 Measure 5 id=5 sync offset=-9813ns
23:41:15 Measure 6 id=6 sync offset=-25250ns
23:41:15 Measure 7 id=7 sync offset=-48542ns
23:41:15 Measure 8 id=8 sync offset=-67271ns
23:41:15 Measure 9 id=9 sync offset=-80188ns
23:41:15 Measure 10 id=10 sync offset=-88272ns
23:41:15 Measure 11 id=11 sync offset=-88667ns
23:41:15 Measure 12 id=12 sync offset=-100604ns
23:41:15 Measure 13 id=13 sync offset=-117896ns
23:41:15 Measure 14 id=14 sync offset=-130521ns
23:41:15 Measure 15 id=15 sync offset=-137979ns
23:41:15 Measure 16 id=16 sync offset=-144729ns
23:41:15 Measure 17 id=17 sync offset=-115605ns
23:41:15 Measure 18 id=18 sync offset=-115500ns
23:41:15 Measure 19 id=19 sync offset=-118958ns
23:41:15 Measure 20 id=20 sync offset=-135834ns
23:41:15 Measure 21 id=21 sync offset=-157209ns
23:41:15 Measure 22 id=22 sync offset=-166459ns
23:41:15 Measure 23 id=23 sync offset=-165062ns
23:41:15 Measure 24 id=24 sync offset=-193625ns
23:41:15 Measure 25 id=25 sync offset=-199042ns
23:41:15 Measure 26 id=26 sync offset=-164083ns
23:41:15 Measure 27 id=27 sync offset=-176292ns
23:41:15 Measure 28 id=28 sync offset=-217948ns
23:41:15 Measure 29 id=29 sync offset=-222406ns
23:41:15 Measure 30 id=30 sync offset=-227708ns
23:41:15 Measure 31 id=31 sync offset=-232125ns
23:41:15 Measure 32 id=32 sync offset=-238656ns
23:41:15 Measure 33 id=33 sync offset=-243646ns
23:41:15 Measure 34 id=34 sync offset=-248083ns
23:41:15 Measure 35 id=35 sync offset=-254823ns
23:41:15 Measure 36 id=36 sync offset=-258385ns
23:41:15 Measure 37 id=37 sync offset=-262645ns
23:41:15 Measure 38 id=38 sync offset=-272010ns
23:41:15 Measure 39 id=39 sync offset=-280802ns
23:41:15 Measure 40 id=40 sync offset=-290094ns
23:41:15 Measure 41 id=41 sync offset=-295343ns
23:41:15 Measure 42 id=42 sync offset=-299771ns
23:41:15 Measure 43 id=43 sync offset=-307188ns
23:41:15 Measure 44 id=44 sync offset=-312968ns
23:41:15 Measure 45 id=45 sync offset=-318281ns
23:41:15 Measure 46 id=46 sync offset=-324573ns
23:41:15 Measure 47 id=47 sync offset=-323635ns
23:41:15 Measure 48 id=48 sync offset=-298813ns
23:41:15 Measure 49 id=49 sync offset=-302166ns
23:41:15 Measure 50 id=50 sync offset=-288458ns
23:41:15 Measure 1 id=1 sync offset=29291ns
23:41:15 Measure 2 id=2 sync offset=18854ns
23:41:15 Measure 3 id=3 sync offset=5312ns
23:41:15 Measure 4 id=4 sync offset=-8063ns
23:41:15 Measure 5 id=5 sync offset=-9813ns
23:41:15 Measure 6 id=6 sync offset=-25250ns
23:41:15 Measure 7 id=7 sync offset=-48146ns
23:41:15 Measure 8 id=8 sync offset=-58146ns
23:41:15 Measure 9 id=9 sync offset=-68396ns
23:41:15 Measure 10 id=10 sync offset=-75312ns
23:41:15 Measure 11 id=11 sync offset=-81521ns
23:41:15 Measure 12 id=12 sync offset=-86187ns
23:41:15 Measure 13 id=13 sync offset=-92000ns
23:41:15 Measure 14 id=14 sync offset=-101501ns
23:41:15 Measure 15 id=15 sync offset=-106084ns
23:41:15 Measure 16 id=16 sync offset=-111459ns
23:41:15 Measure 17 id=17 sync offset=-112156ns
23:41:15 Measure 18 id=18 sync offset=-122656ns
23:41:15 Measure 19 id=19 sync offset=-125239ns
23:41:15 Measure 20 id=20 sync offset=-134813ns
23:41:15 Measure 21 id=21 sync offset=-145480ns
23:41:15 Measure 22 id=22 sync offset=-165198ns
23:41:15 Measure 23 id=23 sync offset=-169583ns
23:41:15 Measure 24 id=24 sync offset=-180042ns
23:41:15 Measure 25 id=25 sync offset=-185542ns
23:41:15 Measure 26 id=26 sync offset=-179917ns
23:41:15 Measure 27 id=27 sync offset=-190271ns
23:41:15 Measure 28 id=28 sync offset=-210313ns
23:41:15 Measure 29 id=29 sync offset=-215792ns
23:41:15 Measure 30 id=30 sync offset=-225230ns
23:41:15 Measure 31 id=31 sync offset=-234042ns
23:41:15 Measure 32 id=32 sync offset=-239396ns
23:41:15 Measure 33 id=33 sync offset=-253229ns
23:41:15 Measure 34 id=34 sync offset=-256646ns
23:41:15 Measure 35 id=35 sync offset=-261292ns
23:41:15 Measure 36 id=36 sync offset=-263792ns
23:41:15 Measure 37 id=37 sync offset=-272146ns
23:41:15 Measure 38 id=38 sync offset=-279250ns
23:41:15 Measure 39 id=39 sync offset=-294521ns
23:41:15 Measure 40 id=40 sync offset=-305563ns
23:41:15 Measure 41 id=41 sync offset=-312916ns
23:41:15 Measure 42 id=42 sync offset=-316480ns
23:41:15 Measure 43 id=43 sync offset=-325271ns
23:41:15 Measure 44 id=44 sync offset=-331875ns
23:41:15 Measure 45 id=45 sync offset=-336729ns
23:41:15 Measure 46 id=46 sync offset=-342771ns
23:41:15 Measure 47 id=47 sync offset=-347896ns
23:41:15 Measure 48 id=48 sync offset=-314031ns
23:41:15 Measure 49 id=49 sync offset=-308135ns
23:41:15 Measure 50 id=50 sync offset=-301906ns
23:41:16 Measure 1 id=1 sync offset=29312ns
23:41:16 Measure 2 id=2 sync offset=18854ns
23:41:16 Measure 3 id=3 sync offset=3989ns
23:41:16 Measure 4 id=4 sync offset=-9479ns
23:41:16 Measure 5 id=5 sync offset=-27105ns
23:41:16 Measure 6 id=6 sync offset=-35042ns
23:41:16 Measure 7 id=7 sync offset=-48542ns
23:41:16 Measure 8 id=8 sync offset=-67271ns
23:41:16 Measure 9 id=9 sync offset=-80188ns
23:41:16 Measure 10 id=10 sync offset=-88272ns
23:41:16 Measure 11 id=11 sync offset=-95813ns
23:41:16 Measure 12 id=12 sync offset=-115021ns
23:41:16 Measure 13 id=13 sync offset=-140042ns
23:41:16 Measure 14 id=14 sync offset=-148042ns
23:41:16 Measure 15 id=15 sync offset=-153729ns
23:41:16 Measure 16 id=16 sync offset=-157251ns
23:41:16 Measure 17 id=17 sync offset=-161146ns
23:41:16 Measure 18 id=18 sync offset=-166250ns
23:41:16 Measure 19 id=19 sync offset=-171958ns
23:41:16 Measure 20 id=20 sync offset=-173272ns
23:41:16 Measure 21 id=21 sync offset=-175354ns
23:41:16 Measure 22 id=22 sync offset=-179750ns
23:41:16 Measure 23 id=23 sync offset=-187021ns
23:41:16 Measure 24 id=24 sync offset=-198042ns
23:41:16 Measure 25 id=25 sync offset=-208313ns
23:41:16 Measure 26 id=26 sync offset=-216792ns
23:41:16 Measure 27 id=27 sync offset=-224375ns
23:41:16 Measure 28 id=28 sync offset=-234229ns
23:41:16 Measure 29 id=29 sync offset=-245531ns
23:41:16 Measure 30 id=30 sync offset=-251708ns
23:41:16 Measure 31 id=31 sync offset=-256302ns
23:41:16 Measure 32 id=32 sync offset=-259031ns
23:41:16 Measure 33 id=33 sync offset=-258855ns
23:41:16 Measure 34 id=34 sync offset=-282115ns
23:41:16 Measure 35 id=35 sync offset=-296677ns
23:41:16 Measure 36 id=36 sync offset=-282250ns
23:41:16 Measure 37 id=37 sync offset=-287979ns
23:41:16 Measure 38 id=38 sync offset=-292896ns
23:41:16 Measure 39 id=39 sync offset=-295917ns
23:41:16 Measure 40 id=40 sync offset=-308406ns
23:41:16 Measure 41 id=41 sync offset=-317718ns
23:41:16 Measure 42 id=42 sync offset=-323959ns
23:41:16 Measure 43 id=43 sync offset=-331386ns
23:41:16 Measure 44 id=44 sync offset=-337198ns
23:41:16 Measure 45 id=45 sync offset=-345260ns
23:41:16 Measure 46 id=46 sync offset=-351614ns
23:41:16 Measure 47 id=47 sync offset=-357750ns
23:41:16 Measure 48 id=48 sync offset=-342791ns
23:41:16 Measure 49 id=49 sync offset=-338969ns
23:41:16 Measure 50 id=50 sync offset=-343229ns
23:41:16 Measure 1 id=1 sync offset=29312ns
23:41:16 Measure 2 id=2 sync offset=16968ns
23:41:16 Measure 3 id=3 sync offset=2604ns
23:41:16 Measure 4 id=4 sync offset=-13271ns
23:41:16 Measure 5 id=5 sync offset=-27552ns
23:41:16 Measure 6 id=6 sync offset=-44990ns
23:41:16 Measure 7 id=7 sync offset=-56771ns
23:41:16 Measure 8 id=8 sync offset=-71062ns
23:41:16 Measure 9 id=9 sync offset=-81417ns
23:41:16 Measure 10 id=10 sync offset=-88428ns
23:41:16 Measure 11 id=11 sync offset=-102709ns
23:41:16 Measure 12 id=12 sync offset=-118521ns
23:41:16 Measure 13 id=13 sync offset=-141917ns
23:41:16 Measure 14 id=14 sync offset=-153792ns
23:41:16 Measure 15 id=15 sync offset=-161802ns
23:41:16 Measure 16 id=16 sync offset=-167625ns
23:41:16 Measure 17 id=17 sync offset=-171604ns
23:41:16 Measure 18 id=18 sync offset=-177333ns
23:41:16 Measure 19 id=19 sync offset=-192250ns
23:41:16 Measure 20 id=20 sync offset=-201751ns
23:41:16 Measure 21 id=21 sync offset=-206500ns
23:41:16 Measure 22 id=22 sync offset=-204145ns
23:41:16 Measure 23 id=23 sync offset=-207969ns
23:41:16 Measure 24 id=24 sync offset=-214490ns
23:41:16 Measure 25 id=25 sync offset=-223323ns
23:41:16 Measure 26 id=26 sync offset=-231281ns
23:41:16 Measure 27 id=27 sync offset=-235239ns
23:41:16 Measure 28 id=28 sync offset=-239677ns
23:41:16 Measure 29 id=29 sync offset=-248084ns
23:41:16 Measure 30 id=30 sync offset=-252791ns
23:41:16 Measure 31 id=31 sync offset=-256563ns
23:41:16 Measure 32 id=32 sync offset=-260375ns
23:41:16 Measure 33 id=33 sync offset=-261938ns
23:41:16 Measure 34 id=34 sync offset=-295063ns
23:41:16 Measure 35 id=35 sync offset=-315292ns
23:41:16 Measure 36 id=36 sync offset=-309104ns
23:41:16 Measure 37 id=37 sync offset=-315052ns
23:41:16 Measure 38 id=38 sync offset=-292896ns
23:41:16 Measure 39 id=39 sync offset=-297313ns
23:41:16 Measure 40 id=40 sync offset=-311250ns
23:41:16 Measure 41 id=41 sync offset=-322521ns
23:41:16 Measure 42 id=42 sync offset=-331438ns
23:41:16 Measure 43 id=43 sync offset=-337501ns
23:41:16 Measure 44 id=44 sync offset=-342521ns
23:41:16 Measure 45 id=45 sync offset=-353792ns
23:41:16 Measure 46 id=46 sync offset=-360458ns
23:41:16 Measure 47 id=47 sync offset=-367604ns
23:41:16 Measure 48 id=48 sync offset=-356333ns
23:41:16 Measure 49 id=49 sync offset=-363833ns
23:41:16 Measure 50 id=50 sync offset=-371105ns
23:41:17 Measure 1 id=1 sync offset=29312ns
23:41:17 Measure 2 id=2 sync offset=16968ns
23:41:17 Measure 3 id=3 sync offset=2604ns
23:41:17 Measure 4 id=4 sync offset=-13271ns
23:41:17 Measure 5 id=5 sync offset=-27552ns
23:41:17 Measure 6 id=6 sync offset=-44990ns
23:41:17 Measure 7 id=7 sync offset=-56771ns
23:41:17 Measure 8 id=8 sync offset=-71062ns
23:41:17 Measure 9 id=9 sync offset=-81417ns
23:41:17 Measure 10 id=10 sync offset=-88428ns
23:41:17 Measure 11 id=11 sync offset=-102709ns
23:41:17 Measure 12 id=12 sync offset=-118521ns
23:41:17 Measure 13 id=13 sync offset=-141917ns
23:41:17 Measure 14 id=14 sync offset=-153792ns
23:41:17 Measure 15 id=15 sync offset=-161802ns
23:41:17 Measure 16 id=16 sync offset=-167625ns
23:41:17 Measure 17 id=17 sync offset=-171604ns
23:41:17 Measure 18 id=18 sync offset=-177333ns
23:41:17 Measure 19 id=19 sync offset=-192250ns
23:41:17 Measure 20 id=20 sync offset=-201751ns
23:41:17 Measure 21 id=21 sync offset=-206500ns
23:41:17 Measure 22 id=22 sync offset=-204145ns
23:41:17 Measure 23 id=23 sync offset=-207969ns
23:41:17 Measure 24 id=24 sync offset=-214490ns
23:41:17 Measure 25 id=25 sync offset=-223323ns
23:41:17 Measure 26 id=26 sync offset=-231281ns
23:41:17 Measure 27 id=27 sync offset=-235239ns
23:41:17 Measure 28 id=28 sync offset=-239677ns
23:41:17 Measure 29 id=29 sync offset=-248084ns
23:41:17 Measure 30 id=30 sync offset=-252791ns
23:41:17 Measure 31 id=31 sync offset=-256563ns
23:41:17 Measure 32 id=32 sync offset=-260375ns
23:41:17 Measure 33 id=33 sync offset=-261938ns
23:41:17 Measure 34 id=34 sync offset=-295063ns
23:41:17 Measure 35 id=35 sync offset=-315292ns
23:41:17 Measure 36 id=36 sync offset=-309104ns
23:41:17 Measure 37 id=37 sync offset=-315052ns
23:41:17 Measure 38 id=38 sync offset=-292896ns
23:41:17 Measure 39 id=39 sync offset=-297313ns
23:41:17 Measure 40 id=40 sync offset=-311250ns
23:41:17 Measure 41 id=41 sync offset=-322521ns
23:41:17 Measure 42 id=42 sync offset=-331438ns
23:41:17 Measure 43 id=43 sync offset=-337501ns
23:41:17 Measure 44 id=44 sync offset=-342521ns
23:41:17 Measure 45 id=45 sync offset=-353792ns
23:41:17 Measure 46 id=46 sync offset=-360458ns
23:41:17 Measure 47 id=47 sync offset=-367604ns
23:41:17 Measure 48 id=48 sync offset=-356333ns
23:41:17 Measure 49 id=49 sync offset=-363833ns
23:41:17 Measure 50 id=50 sync offset=-371105ns
23:41:17 Measure 1 id=1 sync offset=27208ns
23:41:17 Measure 2 id=2 sync offset=12999ns
23:41:17 Measure 3 id=3 sync offset=1291ns
23:41:17 Measure 4 id=4 sync offset=-13271ns
23:41:17 Measure 5 id=5 sync offset=-27552ns
23:41:17 Measure 6 id=6 sync offset=-43313ns
23:41:17 Measure 7 id=7 sync offset=-48542ns
23:41:17 Measure 8 id=8 sync offset=-67271ns
23:41:17 Measure 9 id=9 sync offset=-80188ns
23:41:17 Measure 10 id=10 sync offset=-88272ns
23:41:17 Measure 11 id=11 sync offset=-100729ns
23:41:17 Measure 12 id=12 sync offset=-115021ns
23:41:17 Measure 13 id=13 sync offset=-140042ns
23:41:17 Measure 14 id=14 sync offset=-148042ns
23:41:17 Measure 15 id=15 sync offset=-153729ns
23:41:17 Measure 16 id=16 sync offset=-157251ns
23:41:17 Measure 17 id=17 sync offset=-161146ns
23:41:17 Measure 18 id=18 sync offset=-148031ns
23:41:17 Measure 19 id=19 sync offset=-151739ns
23:41:17 Measure 20 id=20 sync offset=-153532ns
23:41:17 Measure 21 id=21 sync offset=-154552ns
23:41:17 Measure 22 id=22 sync offset=-171843ns
23:41:17 Measure 23 id=23 sync offset=-180562ns
23:41:17 Measure 24 id=24 sync offset=-189042ns
23:41:17 Measure 25 id=25 sync offset=-196927ns
23:41:17 Measure 26 id=26 sync offset=-206271ns
23:41:17 Measure 27 id=27 sync offset=-214312ns
23:41:17 Measure 28 id=28 sync offset=-222271ns
23:41:17 Measure 29 id=29 sync offset=-229385ns
23:41:17 Measure 30 id=30 sync offset=-237927ns
23:41:17 Measure 31 id=31 sync offset=-245042ns
23:41:17 Measure 32 id=32 sync offset=-248542ns
23:41:17 Measure 33 id=33 sync offset=-258855ns
23:41:17 Measure 34 id=34 sync offset=-282115ns
23:41:17 Measure 35 id=35 sync offset=-300864ns
23:41:17 Measure 36 id=36 sync offset=-284646ns
23:41:17 Measure 37 id=37 sync offset=-293417ns
23:41:17 Measure 38 id=38 sync offset=-303271ns
23:41:17 Measure 39 id=39 sync offset=-309969ns
23:41:17 Measure 40 id=40 sync offset=-332479ns
23:41:17 Measure 41 id=41 sync offset=-340656ns
23:41:17 Measure 42 id=42 sync offset=-347760ns
23:41:17 Measure 43 id=43 sync offset=-359771ns
23:41:17 Measure 44 id=44 sync offset=-369823ns
23:41:17 Measure 45 id=45 sync offset=-379854ns
23:41:17 Measure 46 id=46 sync offset=-386875ns
23:41:17 Measure 47 id=47 sync offset=-401021ns
23:41:17 Measure 48 id=48 sync offset=-398854ns
23:41:17 Measure 49 id=49 sync offset=-404864ns
23:41:17 Measure 50 id=50 sync offset=-398459ns
23:41:17 Measure 1 id=1 sync offset=27208ns
23:41:17 Measure 2 id=2 sync offset=17062ns
23:41:17 Measure 3 id=3 sync offset=1291ns
23:41:17 Measure 4 id=4 sync offset=-13271ns
23:41:17 Measure 5 id=5 sync offset=-27552ns
23:41:17 Measure 6 id=6 sync offset=-43313ns
23:41:17 Measure 7 id=7 sync offset=-48542ns
23:41:17 Measure 8 id=8 sync offset=-67271ns
23:41:17 Measure 9 id=9 sync offset=-81813ns
23:41:17 Measure 10 id=10 sync offset=-88584ns
23:41:17 Measure 11 id=11 sync offset=-109605ns
23:41:17 Measure 12 id=12 sync offset=-118397ns
23:41:17 Measure 13 id=13 sync offset=-140042ns
23:41:17 Measure 14 id=14 sync offset=-148042ns
23:41:17 Measure 15 id=15 sync offset=-153729ns
23:41:17 Measure 16 id=16 sync offset=-157251ns
23:41:17 Measure 17 id=17 sync offset=-161146ns
23:41:17 Measure 18 id=18 sync offset=-164989ns
23:41:17 Measure 19 id=19 sync offset=-173000ns
23:41:17 Measure 20 id=20 sync offset=-176428ns
23:41:17 Measure 21 id=21 sync offset=-180135ns
23:41:17 Measure 22 id=22 sync offset=-185198ns
23:41:17 Measure 23 id=23 sync offset=-192719ns
23:41:17 Measure 24 id=24 sync offset=-208312ns
23:41:17 Measure 25 id=25 sync offset=-202219ns
23:41:17 Measure 26 id=26 sync offset=-206271ns
23:41:17 Measure 27 id=27 sync offset=-214312ns
23:41:17 Measure 28 id=28 sync offset=-222271ns
23:41:17 Measure 29 id=29 sync offset=-229385ns
23:41:17 Measure 30 id=30 sync offset=-237927ns
23:41:17 Measure 31 id=31 sync offset=-245042ns
23:41:17 Measure 32 id=32 sync offset=-248542ns
23:41:17 Measure 33 id=33 sync offset=-258855ns
23:41:17 Measure 34 id=34 sync offset=-282115ns
23:41:17 Measure 35 id=35 sync offset=-300864ns
23:41:17 Measure 36 id=36 sync offset=-284646ns
23:41:17 Measure 37 id=37 sync offset=-293417ns
23:41:17 Measure 38 id=38 sync offset=-303271ns
23:41:17 Measure 39 id=39 sync offset=-309969ns
23:41:17 Measure 40 id=40 sync offset=-332479ns
23:41:17 Measure 41 id=41 sync offset=-340656ns
23:41:17 Measure 42 id=42 sync offset=-347760ns
23:41:17 Measure 43 id=43 sync offset=-359771ns
23:41:17 Measure 44 id=44 sync offset=-369823ns
23:41:17 Measure 45 id=45 sync offset=-379854ns
23:41:17 Measure 46 id=46 sync offset=-386875ns
23:41:17 Measure 47 id=47 sync offset=-401021ns
23:41:17 Measure 48 id=48 sync offset=-398854ns
23:41:17 Measure 49 id=49 sync offset=-404864ns
23:41:17 Measure 50 id=50 sync offset=-398459ns
23:41:18 Measure 1 id=1 sync offset=27208ns
23:41:18 Measure 2 id=2 sync offset=17062ns
23:41:18 Measure 3 id=3 sync offset=2604ns
23:41:18 Measure 4 id=4 sync offset=-9479ns
23:41:18 Measure 5 id=5 sync offset=-27105ns
23:41:18 Measure 6 id=6 sync offset=-49125ns
23:41:18 Measure 7 id=7 sync offset=-56771ns
23:41:18 Measure 8 id=8 sync offset=-71062ns
23:41:18 Measure 9 id=9 sync offset=-82229ns
23:41:18 Measure 10 id=10 sync offset=-88584ns
23:41:18 Measure 11 id=11 sync offset=-109782ns
23:41:18 Measure 12 id=12 sync offset=-120209ns
23:41:18 Measure 13 id=13 sync offset=-141917ns
23:41:18 Measure 14 id=14 sync offset=-153792ns
23:41:18 Measure 15 id=15 sync offset=-161802ns
23:41:18 Measure 16 id=16 sync offset=-167625ns
23:41:18 Measure 17 id=17 sync offset=-171604ns
23:41:18 Measure 18 id=18 sync offset=-166250ns
23:41:18 Measure 19 id=19 sync offset=-174042ns
23:41:18 Measure 20 id=20 sync offset=-179584ns
23:41:18 Measure 21 id=21 sync offset=-184917ns
23:41:18 Measure 22 id=22 sync offset=-190646ns
23:41:18 Measure 23 id=23 sync offset=-198417ns
23:41:18 Measure 24 id=24 sync offset=-218583ns
23:41:18 Measure 25 id=25 sync offset=-208313ns
23:41:18 Measure 26 id=26 sync offset=-216792ns
23:41:18 Measure 27 id=27 sync offset=-224375ns
23:41:18 Measure 28 id=28 sync offset=-234229ns
23:41:18 Measure 29 id=29 sync offset=-242979ns
23:41:18 Measure 30 id=30 sync offset=-250625ns
23:41:18 Measure 31 id=31 sync offset=-256042ns
23:41:18 Measure 32 id=32 sync offset=-257688ns
23:41:18 Measure 33 id=33 sync offset=-261938ns
23:41:18 Measure 34 id=34 sync offset=-295063ns
23:41:18 Measure 35 id=35 sync offset=-315292ns
23:41:18 Measure 36 id=36 sync offset=-310302ns
23:41:18 Measure 37 id=37 sync offset=-317771ns
23:41:18 Measure 38 id=38 sync offset=-313646ns
23:41:18 Measure 39 id=39 sync offset=-322625ns
23:41:18 Measure 40 id=40 sync offset=-353709ns
23:41:18 Measure 41 id=41 sync offset=-358792ns
23:41:18 Measure 42 id=42 sync offset=-364083ns
23:41:18 Measure 43 id=43 sync offset=-382042ns
23:41:18 Measure 44 id=44 sync offset=-397125ns
23:41:18 Measure 45 id=45 sync offset=-405917ns
23:41:18 Measure 46 id=46 sync offset=-413292ns
23:41:18 Measure 47 id=47 sync offset=-434438ns
23:41:18 Measure 48 id=48 sync offset=-441375ns
23:41:18 Measure 49 id=49 sync offset=-445896ns
23:41:18 Measure 50 id=50 sync offset=-425813ns
23:41:19 Measure 1 id=1 sync offset=27208ns
23:41:19 Measure 2 id=2 sync offset=17062ns
23:41:19 Measure 3 id=3 sync offset=1291ns
23:41:19 Measure 4 id=4 sync offset=-17063ns
23:41:19 Measure 5 id=5 sync offset=-27552ns
23:41:19 Measure 6 id=6 sync offset=-54938ns
23:41:19 Measure 7 id=7 sync offset=-65000ns
23:41:19 Measure 8 id=8 sync offset=-80969ns
23:41:19 Measure 9 id=9 sync offset=-88427ns
23:41:19 Measure 10 id=10 sync offset=-91167ns
23:41:19 Measure 11 id=11 sync offset=-114146ns
23:41:19 Measure 12 id=12 sync offset=-132854ns
23:41:19 Measure 13 id=13 sync offset=-149885ns
23:41:19 Measure 14 id=14 sync offset=-158136ns
23:41:19 Measure 15 id=15 sync offset=-162219ns
23:41:19 Measure 16 id=16 sync offset=-167625ns
23:41:19 Measure 17 id=17 sync offset=-177417ns
23:41:19 Measure 18 id=18 sync offset=-183501ns
23:41:19 Measure 19 id=19 sync offset=-192355ns
23:41:19 Measure 20 id=20 sync offset=-202209ns
23:41:19 Measure 21 id=21 sync offset=-209375ns
23:41:19 Measure 22 id=22 sync offset=-214855ns
23:41:19 Measure 23 id=23 sync offset=-216375ns
23:41:19 Measure 24 id=24 sync offset=-221647ns
23:41:19 Measure 25 id=25 sync offset=-238334ns
23:41:19 Measure 26 id=26 sync offset=-245771ns
23:41:19 Measure 27 id=27 sync offset=-246104ns
23:41:19 Measure 28 id=28 sync offset=-245125ns
23:41:19 Measure 29 id=29 sync offset=-248084ns
23:41:19 Measure 30 id=30 sync offset=-252791ns
23:41:19 Measure 31 id=31 sync offset=-256563ns
23:41:19 Measure 32 id=32 sync offset=-260375ns
23:41:19 Measure 33 id=33 sync offset=-284198ns
23:41:19 Measure 34 id=34 sync offset=-310084ns
23:41:19 Measure 35 id=35 sync offset=-315292ns
23:41:19 Measure 36 id=36 sync offset=-327927ns
23:41:19 Measure 37 id=37 sync offset=-317771ns
23:41:19 Measure 38 id=38 sync offset=-313646ns
23:41:19 Measure 39 id=39 sync offset=-322625ns
23:41:19 Measure 40 id=40 sync offset=-353709ns
23:41:19 Measure 41 id=41 sync offset=-358792ns
23:41:19 Measure 42 id=42 sync offset=-364083ns
23:41:19 Measure 43 id=43 sync offset=-382042ns
23:41:19 Measure 44 id=44 sync offset=-397125ns
23:41:19 Measure 45 id=45 sync offset=-405917ns
23:41:19 Measure 46 id=46 sync offset=-413292ns
23:41:19 Measure 47 id=47 sync offset=-434438ns
23:41:19 Measure 48 id=48 sync offset=-441375ns
23:41:19 Measure 49 id=49 sync offset=-445896ns
23:41:19 Measure 50 id=50 sync offset=-425813ns
23:41:19 Measure 1 id=1 sync offset=27208ns
23:41:19 Measure 2 id=2 sync offset=17062ns
23:41:19 Measure 3 id=3 sync offset=1291ns
23:41:19 Measure 4 id=4 sync offset=-17063ns
23:41:19 Measure 5 id=5 sync offset=-27552ns
23:41:19 Measure 6 id=6 sync offset=-54938ns
23:41:19 Measure 7 id=7 sync offset=-65000ns
23:41:19 Measure 8 id=8 sync offset=-80969ns
23:41:19 Measure 9 id=9 sync offset=-88427ns
23:41:19 Measure 10 id=10 sync offset=-91167ns
23:41:19 Measure 11 id=11 sync offset=-114146ns
23:41:19 Measure 12 id=12 sync offset=-132854ns
23:41:19 Measure 13 id=13 sync offset=-149885ns
23:41:19 Measure 14 id=14 sync offset=-158136ns
23:41:19 Measure 15 id=15 sync offset=-162219ns
23:41:19 Measure 16 id=16 sync offset=-167625ns
23:41:19 Measure 17 id=17 sync offset=-177417ns
23:41:19 Measure 18 id=18 sync offset=-183501ns
23:41:19 Measure 19 id=19 sync offset=-192355ns
23:41:19 Measure 20 id=20 sync offset=-202209ns
23:41:19 Measure 21 id=21 sync offset=-209375ns
23:41:19 Measure 22 id=22 sync offset=-214855ns
23:41:19 Measure 23 id=23 sync offset=-216375ns
23:41:19 Measure 24 id=24 sync offset=-221647ns
23:41:19 Measure 25 id=25 sync offset=-238334ns
23:41:19 Measure 26 id=26 sync offset=-245771ns
23:41:19 Measure 27 id=27 sync offset=-246104ns
23:41:19 Measure 28 id=28 sync offset=-245125ns
23:41:19 Measure 29 id=29 sync offset=-248084ns
23:41:19 Measure 30 id=30 sync offset=-252791ns
23:41:19 Measure 31 id=31 sync offset=-256563ns
23:41:19 Measure 32 id=32 sync offset=-260375ns
23:41:19 Measure 33 id=33 sync offset=-284198ns
23:41:19 Measure 34 id=34 sync offset=-310084ns
23:41:19 Measure 35 id=35 sync offset=-315292ns
23:41:19 Measure 36 id=36 sync offset=-335959ns
23:41:19 Measure 37 id=37 sync offset=-342126ns
23:41:19 Measure 38 id=38 sync offset=-331302ns
23:41:19 Measure 39 id=39 sync offset=-339479ns
23:41:19 Measure 40 id=40 sync offset=-364854ns
23:41:19 Measure 41 id=41 sync offset=-371792ns
23:41:19 Measure 42 id=42 sync offset=-377114ns
23:41:19 Measure 43 id=43 sync offset=-390292ns
23:41:19 Measure 44 id=44 sync offset=-411989ns
23:41:19 Measure 45 id=45 sync offset=-428500ns
23:41:19 Measure 46 id=46 sync offset=-436625ns
23:41:19 Measure 47 id=47 sync offset=-450958ns
23:41:19 Measure 48 id=48 sync offset=-441375ns
23:41:19 Measure 49 id=49 sync offset=-445896ns
23:41:19 Measure 50 id=50 sync offset=-425813ns
23:41:20 Measure 1 id=1 sync offset=27208ns
23:41:20 Measure 2 id=2 sync offset=17062ns
23:41:20 Measure 3 id=3 sync offset=1291ns
23:41:20 Measure 4 id=4 sync offset=-17063ns
23:41:20 Measure 5 id=5 sync offset=-27552ns
23:41:20 Measure 6 id=6 sync offset=-54938ns
23:41:20 Measure 7 id=7 sync offset=-65000ns
23:41:20 Measure 8 id=8 sync offset=-80969ns
23:41:20 Measure 9 id=9 sync offset=-88427ns
23:41:20 Measure 10 id=10 sync offset=-91167ns
23:41:20 Measure 11 id=11 sync offset=-114146ns
23:41:20 Measure 12 id=12 sync offset=-132854ns
23:41:20 Measure 13 id=13 sync offset=-149885ns
23:41:20 Measure 14 id=14 sync offset=-158136ns
23:41:20 Measure 15 id=15 sync offset=-162219ns
23:41:20 Measure 16 id=16 sync offset=-167625ns
23:41:20 Measure 17 id=17 sync offset=-177417ns
23:41:20 Measure 18 id=18 sync offset=-183501ns
23:41:20 Measure 19 id=19 sync offset=-192355ns
23:41:20 Measure 20 id=20 sync offset=-202209ns
23:41:20 Measure 21 id=21 sync offset=-209375ns
23:41:20 Measure 22 id=22 sync offset=-214855ns
23:41:20 Measure 23 id=23 sync offset=-216375ns
23:41:20 Measure 24 id=24 sync offset=-221647ns
23:41:20 Measure 25 id=25 sync offset=-238334ns
23:41:20 Measure 26 id=26 sync offset=-245771ns
23:41:20 Measure 27 id=27 sync offset=-246104ns
23:41:20 Measure 28 id=28 sync offset=-245125ns
23:41:20 Measure 29 id=29 sync offset=-248084ns
23:41:20 Measure 30 id=30 sync offset=-252791ns
23:41:20 Measure 31 id=31 sync offset=-256563ns
23:41:20 Measure 32 id=32 sync offset=-260375ns
23:41:20 Measure 33 id=33 sync offset=-284198ns
23:41:20 Measure 34 id=34 sync offset=-302573ns
23:41:20 Measure 35 id=35 sync offset=-315011ns
23:41:20 Measure 36 id=36 sync offset=-327927ns
23:41:20 Measure 37 id=37 sync offset=-317771ns
23:41:20 Measure 38 id=38 sync offset=-331302ns
23:41:20 Measure 39 id=39 sync offset=-339479ns
23:41:20 Measure 40 id=40 sync offset=-364854ns
23:41:20 Measure 41 id=41 sync offset=-371792ns
23:41:20 Measure 42 id=42 sync offset=-377114ns
23:41:20 Measure 43 id=43 sync offset=-390292ns
23:41:20 Measure 44 id=44 sync offset=-411989ns
23:41:20 Measure 45 id=45 sync offset=-428500ns
23:41:20 Measure 46 id=46 sync offset=-436625ns
23:41:20 Measure 47 id=47 sync offset=-450958ns
23:41:20 Measure 48 id=48 sync offset=-441375ns
23:41:20 Measure 49 id=49 sync offset=-445896ns
23:41:20 Measure 50 id=50 sync offset=-425813ns
23:41:20 Measure 1 id=1 sync offset=27208ns
23:41:20 Measure 2 id=2 sync offset=17062ns
23:41:20 Measure 3 id=3 sync offset=1291ns
23:41:20 Measure 4 id=4 sync offset=-17063ns
23:41:20 Measure 5 id=5 sync offset=-27552ns
23:41:20 Measure 6 id=6 sync offset=-54938ns
23:41:20 Measure 7 id=7 sync offset=-65000ns
23:41:20 Measure 8 id=8 sync offset=-80969ns
23:41:20 Measure 9 id=9 sync offset=-88427ns
23:41:20 Measure 10 id=10 sync offset=-91167ns
23:41:20 Measure 11 id=11 sync offset=-114146ns
23:41:20 Measure 12 id=12 sync offset=-132854ns
23:41:20 Measure 13 id=13 sync offset=-149885ns
23:41:20 Measure 14 id=14 sync offset=-158136ns
23:41:20 Measure 15 id=15 sync offset=-162219ns
23:41:20 Measure 16 id=16 sync offset=-167625ns
23:41:20 Measure 17 id=17 sync offset=-177417ns
23:41:20 Measure 18 id=18 sync offset=-183501ns
23:41:20 Measure 19 id=19 sync offset=-192355ns
23:41:20 Measure 20 id=20 sync offset=-202209ns
23:41:20 Measure 21 id=21 sync offset=-209375ns
23:41:20 Measure 22 id=22 sync offset=-214855ns
23:41:20 Measure 23 id=23 sync offset=-216375ns
23:41:20 Measure 24 id=24 sync offset=-221647ns
23:41:20 Measure 25 id=25 sync offset=-238334ns
23:41:20 Measure 26 id=26 sync offset=-245771ns
23:41:20 Measure 27 id=27 sync offset=-246104ns
23:41:20 Measure 28 id=28 sync offset=-245125ns
23:41:20 Measure 29 id=29 sync offset=-248084ns
23:41:20 Measure 30 id=30 sync offset=-252791ns
23:41:20 Measure 31 id=31 sync offset=-256563ns
23:41:20 Measure 32 id=32 sync offset=-260375ns
23:41:20 Measure 33 id=33 sync offset=-284198ns
23:41:20 Measure 34 id=34 sync offset=-302573ns
23:41:20 Measure 35 id=35 sync offset=-315011ns
23:41:20 Measure 36 id=36 sync offset=-327927ns
23:41:20 Measure 37 id=37 sync offset=-317771ns
23:41:20 Measure 38 id=38 sync offset=-331302ns
23:41:20 Measure 39 id=39 sync offset=-339479ns
23:41:20 Measure 40 id=40 sync offset=-364854ns
23:41:20 Measure 41 id=41 sync offset=-371792ns
23:41:20 Measure 42 id=42 sync offset=-377114ns
23:41:20 Measure 43 id=43 sync offset=-390292ns
23:41:20 Measure 44 id=44 sync offset=-411989ns
23:41:20 Measure 45 id=45 sync offset=-428500ns
23:41:20 Measure 46 id=46 sync offset=-436625ns
23:41:20 Measure 47 id=47 sync offset=-450958ns
23:41:20 Measure 48 id=48 sync offset=-441375ns
23:41:20 Measure 49 id=49 sync offset=-445896ns
23:41:20 Measure 50 id=50 sync offset=-425813ns
23:41:21 Measure 1 id=1 sync offset=21031ns
23:41:21 Measure 2 id=2 sync offset=12103ns
23:41:21 Measure 3 id=3 sync offset=2604ns
23:41:21 Measure 4 id=4 sync offset=-13271ns
23:41:21 Measure 5 id=5 sync offset=-27105ns
23:41:21 Measure 6 id=6 sync offset=-49125ns
23:41:21 Measure 7 id=7 sync offset=-56771ns
23:41:21 Measure 8 id=8 sync offset=-74854ns
23:41:21 Measure 9 id=9 sync offset=-82646ns
23:41:21 Measure 10 id=10 sync offset=-89875ns
23:41:21 Measure 11 id=11 sync offset=-109959ns
23:41:21 Measure 12 id=12 sync offset=-122021ns
23:41:21 Measure 13 id=13 sync offset=-143792ns
23:41:21 Measure 14 id=14 sync offset=-156730ns
23:41:21 Measure 15 id=15 sync offset=-154563ns
23:41:21 Measure 16 id=16 sync offset=-157251ns
23:41:21 Measure 17 id=17 sync offset=-172771ns
23:41:21 Measure 18 id=18 sync offset=-183501ns
23:41:21 Measure 19 id=19 sync offset=-192355ns
23:41:21 Measure 20 id=20 sync offset=-202209ns
23:41:21 Measure 21 id=21 sync offset=-209375ns
23:41:21 Measure 22 id=22 sync offset=-214855ns
23:41:21 Measure 23 id=23 sync offset=-216375ns
23:41:21 Measure 24 id=24 sync offset=-221647ns
23:41:21 Measure 25 id=25 sync offset=-238334ns
23:41:21 Measure 26 id=26 sync offset=-245771ns
23:41:21 Measure 27 id=27 sync offset=-246104ns
23:41:21 Measure 28 id=28 sync offset=-245125ns
23:41:21 Measure 29 id=29 sync offset=-248084ns
23:41:21 Measure 30 id=30 sync offset=-252791ns
23:41:21 Measure 31 id=31 sync offset=-256563ns
23:41:21 Measure 32 id=32 sync offset=-260375ns
23:41:21 Measure 33 id=33 sync offset=-265021ns
23:41:21 Measure 34 id=34 sync offset=-295063ns
23:41:21 Measure 35 id=35 sync offset=-314730ns
23:41:21 Measure 36 id=36 sync offset=-319896ns
23:41:21 Measure 37 id=37 sync offset=-293417ns
23:41:21 Measure 38 id=38 sync offset=-313646ns
23:41:21 Measure 39 id=39 sync offset=-322625ns
23:41:21 Measure 40 id=40 sync offset=-353709ns
23:41:21 Measure 41 id=41 sync offset=-358792ns
23:41:21 Measure 42 id=42 sync offset=-364083ns
23:41:21 Measure 43 id=43 sync offset=-382042ns
23:41:21 Measure 44 id=44 sync offset=-397125ns
23:41:21 Measure 45 id=45 sync offset=-405917ns
23:41:21 Measure 46 id=46 sync offset=-413292ns
23:41:21 Measure 47 id=47 sync offset=-434438ns
23:41:21 Measure 48 id=48 sync offset=-398854ns
23:41:21 Measure 49 id=49 sync offset=-404864ns
23:41:21 Measure 50 id=50 sync offset=-398459ns
23:41:21 Measure 1 id=1 sync offset=21031ns
23:41:21 Measure 2 id=2 sync offset=12103ns
23:41:21 Measure 3 id=3 sync offset=2604ns
23:41:21 Measure 4 id=4 sync offset=-13271ns
23:41:21 Measure 5 id=5 sync offset=-27105ns
23:41:21 Measure 6 id=6 sync offset=-49125ns
23:41:21 Measure 7 id=7 sync offset=-56771ns
23:41:21 Measure 8 id=8 sync offset=-74854ns
23:41:21 Measure 9 id=9 sync offset=-82646ns
23:41:21 Measure 10 id=10 sync offset=-89875ns
23:41:21 Measure 11 id=11 sync offset=-109959ns
23:41:21 Measure 12 id=12 sync offset=-122021ns
23:41:21 Measure 13 id=13 sync offset=-143792ns
23:41:21 Measure 14 id=14 sync offset=-156730ns
23:41:21 Measure 15 id=15 sync offset=-154563ns
23:41:21 Measure 16 id=16 sync offset=-157251ns
23:41:21 Measure 17 id=17 sync offset=-172771ns
23:41:21 Measure 18 id=18 sync offset=-183501ns
23:41:21 Measure 19 id=19 sync offset=-192355ns
23:41:21 Measure 20 id=20 sync offset=-202209ns
23:41:21 Measure 21 id=21 sync offset=-209375ns
23:41:21 Measure 22 id=22 sync offset=-214855ns
23:41:21 Measure 23 id=23 sync offset=-216375ns
23:41:21 Measure 24 id=24 sync offset=-221647ns
23:41:21 Measure 25 id=25 sync offset=-238334ns
23:41:21 Measure 26 id=26 sync offset=-245771ns
23:41:21 Measure 27 id=27 sync offset=-246104ns
23:41:21 Measure 28 id=28 sync offset=-245125ns
23:41:21 Measure 29 id=29 sync offset=-248084ns
23:41:21 Measure 30 id=30 sync offset=-252791ns
23:41:21 Measure 31 id=31 sync offset=-256563ns
23:41:21 Measure 32 id=32 sync offset=-260375ns
23:41:21 Measure 33 id=33 sync offset=-265021ns
23:41:21 Measure 34 id=34 sync offset=-295063ns
23:41:21 Measure 35 id=35 sync offset=-314730ns
23:41:21 Measure 36 id=36 sync offset=-319896ns
23:41:21 Measure 37 id=37 sync offset=-293417ns
23:41:21 Measure 38 id=38 sync offset=-313646ns
23:41:21 Measure 39 id=39 sync offset=-322625ns
23:41:21 Measure 40 id=40 sync offset=-353709ns
23:41:21 Measure 41 id=41 sync offset=-358792ns
23:41:21 Measure 42 id=42 sync offset=-364083ns
23:41:21 Measure 43 id=43 sync offset=-382042ns
23:41:21 Measure 44 id=44 sync offset=-397125ns
23:41:21 Measure 45 id=45 sync offset=-405917ns
23:41:21 Measure 46 id=46 sync offset=-413292ns
23:41:21 Measure 47 id=47 sync offset=-434438ns
23:41:21 Measure 48 id=48 sync offset=-398854ns
23:41:21 Measure 49 id=49 sync offset=-404864ns
23:41:21 Measure 50 id=50 sync offset=-398459ns
23:41:22 Measure 1 id=1 sync offset=21031ns
23:41:22 Measure 2 id=2 sync offset=17062ns
23:41:22 Measure 3 id=3 sync offset=2604ns
23:41:22 Measure 4 id=4 sync offset=-19875ns
23:41:22 Measure 5 id=5 sync offset=-28000ns
23:41:22 Measure 6 id=6 sync offset=-54938ns
23:41:22 Measure 7 id=7 sync offset=-65000ns
23:41:22 Measure 8 id=8 sync offset=-87084ns
23:41:22 Measure 9 id=9 sync offset=-94209ns
23:41:22 Measure 10 id=10 sync offset=-93563ns
23:41:22 Measure 11 id=11 sync offset=-109959ns
23:41:22 Measure 12 id=12 sync offset=-122021ns
23:41:22 Measure 13 id=13 sync offset=-143792ns
23:41:22 Measure 14 id=14 sync offset=-156730ns
23:41:22 Measure 15 id=15 sync offset=-154563ns
23:41:22 Measure 16 id=16 sync offset=-157251ns
23:41:22 Measure 17 id=17 sync offset=-172771ns
23:41:22 Measure 18 id=18 sync offset=-183501ns
23:41:22 Measure 19 id=19 sync offset=-192355ns
23:41:22 Measure 20 id=20 sync offset=-202209ns
23:41:22 Measure 21 id=21 sync offset=-209375ns
23:41:22 Measure 22 id=22 sync offset=-214855ns
23:41:22 Measure 23 id=23 sync offset=-216375ns
23:41:22 Measure 24 id=24 sync offset=-221647ns
23:41:22 Measure 25 id=25 sync offset=-258667ns
23:41:22 Measure 26 id=26 sync offset=-263938ns
23:41:22 Measure 27 id=27 sync offset=-269876ns
23:41:22 Measure 28 id=28 sync offset=-272563ns
23:41:22 Measure 29 id=29 sync offset=-276959ns
23:41:22 Measure 30 id=30 sync offset=-274083ns
23:41:22 Measure 31 id=31 sync offset=-278458ns
23:41:22 Measure 32 id=32 sync offset=-262250ns
23:41:22 Measure 33 id=33 sync offset=-258855ns
23:41:22 Measure 34 id=34 sync offset=-295063ns
23:41:22 Measure 35 id=35 sync offset=-314730ns
23:41:22 Measure 36 id=36 sync offset=-319896ns
23:41:22 Measure 37 id=37 sync offset=-293417ns
23:41:22 Measure 38 id=38 sync offset=-313646ns
23:41:22 Measure 39 id=39 sync offset=-322625ns
23:41:22 Measure 40 id=40 sync offset=-353709ns
23:41:22 Measure 41 id=41 sync offset=-358792ns
23:41:22 Measure 42 id=42 sync offset=-364083ns
23:41:22 Measure 43 id=43 sync offset=-382042ns
23:41:22 Measure 44 id=44 sync offset=-397125ns
23:41:22 Measure 45 id=45 sync offset=-405917ns
23:41:22 Measure 46 id=46 sync offset=-413292ns
23:41:22 Measure 47 id=47 sync offset=-434438ns
23:41:22 Measure 48 id=48 sync offset=-415198ns
23:41:22 Measure 49 id=49 sync offset=-421031ns
23:41:22 Measure 50 id=50 sync offset=-414094ns
23:41:22 Measure 1 id=1 sync offset=21031ns
23:41:22 Measure 2 id=2 sync offset=17062ns
23:41:22 Measure 3 id=3 sync offset=2604ns
23:41:22 Measure 4 id=4 sync offset=-19875ns
23:41:22 Measure 5 id=5 sync offset=-28000ns
23:41:22 Measure 6 id=6 sync offset=-49125ns
23:41:22 Measure 7 id=7 sync offset=-56625ns
23:41:22 Measure 8 id=8 sync offset=-85979ns
23:41:22 Measure 9 id=9 sync offset=-88781ns
23:41:22 Measure 10 id=10 sync offset=-88584ns
23:41:22 Measure 11 id=11 sync offset=-109782ns
23:41:22 Measure 12 id=12 sync offset=-120209ns
23:41:22 Measure 13 id=13 sync offset=-141917ns
23:41:22 Measure 14 id=14 sync offset=-152386ns
23:41:22 Measure 15 id=15 sync offset=-154146ns
23:41:22 Measure 16 id=16 sync offset=-156886ns
23:41:22 Measure 17 id=17 sync offset=-166958ns
23:41:22 Measure 18 id=18 sync offset=-174875ns
23:41:22 Measure 19 id=19 sync offset=-183198ns
23:41:22 Measure 20 id=20 sync offset=-190896ns
23:41:22 Measure 21 id=21 sync offset=-197146ns
23:41:22 Measure 22 id=22 sync offset=-202750ns
23:41:22 Measure 23 id=23 sync offset=-207396ns
23:41:22 Measure 24 id=24 sync offset=-220115ns
23:41:22 Measure 25 id=25 sync offset=-233490ns
23:41:22 Measure 26 id=26 sync offset=-240365ns
23:41:22 Measure 27 id=27 sync offset=-247125ns
23:41:22 Measure 28 id=28 sync offset=-253396ns
23:41:22 Measure 29 id=29 sync offset=-259969ns
23:41:22 Measure 30 id=30 sync offset=-262354ns
23:41:22 Measure 31 id=31 sync offset=-267510ns
23:41:22 Measure 32 id=32 sync offset=-259969ns
23:41:22 Measure 33 id=33 sync offset=-256042ns
23:41:22 Measure 34 id=34 sync offset=-278886ns
23:41:22 Measure 35 id=35 sync offset=-300583ns
23:41:22 Measure 36 id=36 sync offset=-302271ns
23:41:22 Measure 37 id=37 sync offset=-288250ns
23:41:22 Measure 38 id=38 sync offset=-296448ns
23:41:22 Measure 39 id=39 sync offset=-308573ns
23:41:22 Measure 40 id=40 sync offset=-329636ns
23:41:22 Measure 41 id=41 sync offset=-341240ns
23:41:22 Measure 42 id=42 sync offset=-353656ns
23:41:22 Measure 43 id=43 sync offset=-367427ns
23:41:22 Measure 44 id=44 sync offset=-377541ns
23:41:22 Measure 45 id=45 sync offset=-387885ns
23:41:22 Measure 46 id=46 sync offset=-398229ns
23:41:22 Measure 47 id=47 sync offset=-412219ns
23:41:22 Measure 48 id=48 sync offset=-389021ns
23:41:22 Measure 49 id=49 sync offset=-396167ns
23:41:22 Measure 50 id=50 sync offset=-402375ns
23:41:23 Measure 1 id=1 sync offset=14854ns
23:41:23 Measure 2 id=2 sync offset=4426ns
23:41:23 Measure 3 id=3 sync offset=-11448ns
23:41:23 Measure 4 id=4 sync offset=-28167ns
23:41:23 Measure 5 id=5 sync offset=-37396ns
23:41:23 Measure 6 id=6 sync offset=-51385ns
23:41:23 Measure 7 id=7 sync offset=-63344ns
23:41:23 Measure 8 id=8 sync offset=-98448ns
23:41:23 Measure 9 id=9 sync offset=-96406ns
23:41:23 Measure 10 id=10 sync offset=-98542ns
23:41:23 Measure 11 id=11 sync offset=-120479ns
23:41:23 Measure 12 id=12 sync offset=-132260ns
23:41:23 Measure 13 id=13 sync offset=-149063ns
23:41:23 Measure 14 id=14 sync offset=-152386ns
23:41:23 Measure 15 id=15 sync offset=-154146ns
23:41:23 Measure 16 id=16 sync offset=-156886ns
23:41:23 Measure 17 id=17 sync offset=-166958ns
23:41:23 Measure 18 id=18 sync offset=-174875ns
23:41:23 Measure 19 id=19 sync offset=-183198ns
23:41:23 Measure 20 id=20 sync offset=-190896ns
23:41:23 Measure 21 id=21 sync offset=-197146ns
23:41:23 Measure 22 id=22 sync offset=-202750ns
23:41:23 Measure 23 id=23 sync offset=-207396ns
23:41:23 Measure 24 id=24 sync offset=-220115ns
23:41:23 Measure 25 id=25 sync offset=-233490ns
23:41:23 Measure 26 id=26 sync offset=-240365ns
23:41:23 Measure 27 id=27 sync offset=-247125ns
23:41:23 Measure 28 id=28 sync offset=-253396ns
23:41:23 Measure 29 id=29 sync offset=-259969ns
23:41:23 Measure 30 id=30 sync offset=-262354ns
23:41:23 Measure 31 id=31 sync offset=-267510ns
23:41:23 Measure 32 id=32 sync offset=-259969ns
23:41:23 Measure 33 id=33 sync offset=-256042ns
23:41:23 Measure 34 id=34 sync offset=-278886ns
23:41:23 Measure 35 id=35 sync offset=-300583ns
23:41:23 Measure 36 id=36 sync offset=-302271ns
23:41:23 Measure 37 id=37 sync offset=-288250ns
23:41:23 Measure 38 id=38 sync offset=-296448ns
23:41:23 Measure 39 id=39 sync offset=-308573ns
23:41:23 Measure 40 id=40 sync offset=-340781ns
23:41:23 Measure 41 id=41 sync offset=-354240ns
23:41:23 Measure 42 id=42 sync offset=-366687ns
23:41:23 Measure 43 id=43 sync offset=-375677ns
23:41:23 Measure 44 id=44 sync offset=-391979ns
23:41:23 Measure 45 id=45 sync offset=-395187ns
23:41:23 Measure 46 id=46 sync offset=-405906ns
23:41:23 Measure 47 id=47 sync offset=-411468ns
23:41:23 Measure 48 id=48 sync offset=-389021ns
23:41:23 Measure 49 id=49 sync offset=-396167ns
23:41:23 Measure 50 id=50 sync offset=-402375ns
23:41:23 Measure 1 id=1 sync offset=14854ns
23:41:23 Measure 2 id=2 sync offset=1541ns
23:41:23 Measure 3 id=3 sync offset=-11198ns
23:41:23 Measure 4 id=4 sync offset=-28167ns
23:41:23 Measure 5 id=5 sync offset=-37396ns
23:41:23 Measure 6 id=6 sync offset=-51385ns
23:41:23 Measure 7 id=7 sync offset=-63344ns
23:41:23 Measure 8 id=8 sync offset=-98448ns
23:41:23 Measure 9 id=9 sync offset=-96406ns
23:41:23 Measure 10 id=10 sync offset=-101021ns
23:41:23 Measure 11 id=11 sync offset=-131000ns
23:41:23 Measure 12 id=12 sync offset=-142500ns
23:41:23 Measure 13 id=13 sync offset=-158084ns
23:41:23 Measure 14 id=14 sync offset=-156730ns
23:41:23 Measure 15 id=15 sync offset=-154563ns
23:41:23 Measure 16 id=16 sync offset=-157251ns
23:41:23 Measure 17 id=17 sync offset=-172771ns
23:41:23 Measure 18 id=18 sync offset=-183501ns
23:41:23 Measure 19 id=19 sync offset=-192355ns
23:41:23 Measure 20 id=20 sync offset=-202209ns
23:41:23 Measure 21 id=21 sync offset=-209375ns
23:41:23 Measure 22 id=22 sync offset=-214855ns
23:41:23 Measure 23 id=23 sync offset=-216375ns
23:41:23 Measure 24 id=24 sync offset=-221647ns
23:41:23 Measure 25 id=25 sync offset=-258667ns
23:41:23 Measure 26 id=26 sync offset=-263938ns
23:41:23 Measure 27 id=27 sync offset=-269876ns
23:41:23 Measure 28 id=28 sync offset=-272563ns
23:41:23 Measure 29 id=29 sync offset=-276959ns
23:41:23 Measure 30 id=30 sync offset=-274083ns
23:41:23 Measure 31 id=31 sync offset=-278458ns
23:41:23 Measure 32 id=32 sync offset=-262250ns
23:41:23 Measure 33 id=33 sync offset=-258855ns
23:41:23 Measure 34 id=34 sync offset=-295063ns
23:41:23 Measure 35 id=35 sync offset=-314730ns
23:41:23 Measure 36 id=36 sync offset=-319896ns
23:41:23 Measure 37 id=37 sync offset=-293417ns
23:41:23 Measure 38 id=38 sync offset=-313646ns
23:41:23 Measure 39 id=39 sync offset=-322625ns
23:41:23 Measure 40 id=40 sync offset=-376000ns
23:41:23 Measure 41 id=41 sync offset=-384792ns
23:41:23 Measure 42 id=42 sync offset=-390146ns
23:41:23 Measure 43 id=43 sync offset=-398542ns
23:41:23 Measure 44 id=44 sync offset=-426001ns
23:41:23 Measure 45 id=45 sync offset=-420521ns
23:41:23 Measure 46 id=46 sync offset=-428646ns
23:41:23 Measure 47 id=47 sync offset=-432937ns
23:41:23 Measure 48 id=48 sync offset=-413240ns
23:41:23 Measure 49 id=49 sync offset=-419198ns
23:41:23 Measure 50 id=50 sync offset=-425625ns
23:41:24 Measure 1 id=1 sync offset=14218ns
23:41:24 Measure 2 id=2 sync offset=11291ns
23:41:24 Measure 3 id=3 sync offset=3104ns
23:41:24 Measure 4 id=4 sync offset=-22688ns
23:41:24 Measure 5 id=5 sync offset=-32229ns
23:41:24 Measure 6 id=6 sync offset=-43313ns
23:41:24 Measure 7 id=7 sync offset=-48251ns
23:41:24 Measure 8 id=8 sync offset=-99792ns
23:41:24 Measure 9 id=9 sync offset=-97063ns
23:41:24 Measure 10 id=10 sync offset=-112708ns
23:41:24 Measure 11 id=11 sync offset=-137438ns
23:41:24 Measure 12 id=12 sync offset=-150312ns
23:41:24 Measure 13 id=13 sync offset=-161438ns
23:41:24 Measure 14 id=14 sync offset=-162594ns
23:41:24 Measure 15 id=15 sync offset=-165812ns
23:41:24 Measure 16 id=16 sync offset=-171396ns
23:41:24 Measure 17 id=17 sync offset=-182261ns
23:41:24 Measure 18 id=18 sync offset=-193886ns
23:41:24 Measure 19 id=19 sync offset=-204125ns
23:41:24 Measure 20 id=20 sync offset=-213573ns
23:41:24 Measure 21 id=21 sync offset=-222229ns
23:41:24 Measure 22 id=22 sync offset=-229521ns
23:41:24 Measure 23 id=23 sync offset=-233188ns
23:41:24 Measure 24 id=24 sync offset=-239980ns
23:41:24 Measure 25 id=25 sync offset=-261021ns
23:41:24 Measure 26 id=26 sync offset=-270365ns
23:41:24 Measure 27 id=27 sync offset=-281136ns
23:41:24 Measure 28 id=28 sync offset=-285906ns
23:41:24 Measure 29 id=29 sync offset=-291167ns
23:41:24 Measure 30 id=30 sync offset=-277833ns
23:41:24 Measure 31 id=31 sync offset=-288208ns
23:41:24 Measure 32 id=32 sync offset=-282604ns
23:41:24 Measure 33 id=33 sync offset=-276562ns
23:41:24 Measure 34 id=34 sync offset=-286396ns
23:41:24 Measure 35 id=35 sync offset=-300583ns
23:41:24 Measure 36 id=36 sync offset=-302271ns
23:41:24 Measure 37 id=37 sync offset=-288250ns
23:41:24 Measure 38 id=38 sync offset=-295135ns
23:41:24 Measure 39 id=39 sync offset=-301291ns
23:41:24 Measure 40 id=40 sync offset=-342156ns
23:41:24 Measure 41 id=41 sync offset=-374084ns
23:41:24 Measure 42 id=42 sync offset=-387448ns
23:41:24 Measure 43 id=43 sync offset=-395438ns
23:41:24 Measure 44 id=44 sync offset=-391979ns
23:41:24 Measure 45 id=45 sync offset=-395187ns
23:41:24 Measure 46 id=46 sync offset=-405906ns
23:41:24 Measure 47 id=47 sync offset=-411468ns
23:41:24 Measure 48 id=48 sync offset=-389021ns
23:41:24 Measure 49 id=49 sync offset=-396167ns
23:41:24 Measure 50 id=50 sync offset=-402375ns
23:41:24 Measure 1 id=1 sync offset=14218ns
23:41:24 Measure 2 id=2 sync offset=11291ns
23:41:24 Measure 3 id=3 sync offset=3104ns
23:41:24 Measure 4 id=4 sync offset=-22688ns
23:41:24 Measure 5 id=5 sync offset=-32229ns
23:41:24 Measure 6 id=6 sync offset=-43313ns
23:41:24 Measure 7 id=7 sync offset=-48251ns
23:41:24 Measure 8 id=8 sync offset=-99792ns
23:41:24 Measure 9 id=9 sync offset=-97063ns
23:41:24 Measure 10 id=10 sync offset=-112708ns
23:41:24 Measure 11 id=11 sync offset=-137438ns
23:41:24 Measure 12 id=12 sync offset=-150312ns
23:41:24 Measure 13 id=13 sync offset=-161438ns
23:41:24 Measure 14 id=14 sync offset=-162594ns
23:41:24 Measure 15 id=15 sync offset=-165812ns
23:41:24 Measure 16 id=16 sync offset=-171396ns
23:41:24 Measure 17 id=17 sync offset=-182261ns
23:41:24 Measure 18 id=18 sync offset=-193886ns
23:41:24 Measure 19 id=19 sync offset=-204125ns
23:41:24 Measure 20 id=20 sync offset=-213573ns
23:41:24 Measure 21 id=21 sync offset=-222229ns
23:41:24 Measure 22 id=22 sync offset=-229521ns
23:41:24 Measure 23 id=23 sync offset=-233188ns
23:41:24 Measure 24 id=24 sync offset=-239980ns
23:41:24 Measure 25 id=25 sync offset=-261021ns
23:41:24 Measure 26 id=26 sync offset=-270365ns
23:41:24 Measure 27 id=27 sync offset=-281136ns
23:41:24 Measure 28 id=28 sync offset=-285906ns
23:41:24 Measure 29 id=29 sync offset=-291167ns
23:41:24 Measure 30 id=30 sync offset=-277833ns
23:41:24 Measure 31 id=31 sync offset=-288208ns
23:41:24 Measure 32 id=32 sync offset=-282604ns
23:41:24 Measure 33 id=33 sync offset=-276562ns
23:41:24 Measure 34 id=34 sync offset=-286396ns
23:41:24 Measure 35 id=35 sync offset=-300583ns
23:41:24 Measure 36 id=36 sync offset=-302271ns
23:41:24 Measure 37 id=37 sync offset=-288250ns
23:41:24 Measure 38 id=38 sync offset=-295135ns
23:41:24 Measure 39 id=39 sync offset=-301291ns
23:41:24 Measure 40 id=40 sync offset=-342156ns
23:41:24 Measure 41 id=41 sync offset=-374084ns
23:41:24 Measure 42 id=42 sync offset=-387448ns
23:41:24 Measure 43 id=43 sync offset=-395438ns
23:41:24 Measure 44 id=44 sync offset=-391979ns
23:41:24 Measure 45 id=45 sync offset=-395187ns
23:41:24 Measure 46 id=46 sync offset=-405906ns
23:41:24 Measure 47 id=47 sync offset=-411468ns
23:41:24 Measure 48 id=48 sync offset=-389021ns
23:41:24 Measure 49 id=49 sync offset=-396167ns
23:41:24 Measure 50 id=50 sync offset=-402375ns
23:41:25 Measure 1 id=1 sync offset=14218ns
23:41:25 Measure 2 id=2 sync offset=11291ns
23:41:25 Measure 3 id=3 sync offset=3104ns
23:41:25 Measure 4 id=4 sync offset=-22688ns
23:41:25 Measure 5 id=5 sync offset=-32229ns
23:41:25 Measure 6 id=6 sync offset=-43313ns
23:41:25 Measure 7 id=7 sync offset=-48251ns
23:41:25 Measure 8 id=8 sync offset=-99792ns
23:41:25 Measure 9 id=9 sync offset=-97063ns
23:41:25 Measure 10 id=10 sync offset=-112708ns
23:41:25 Measure 11 id=11 sync offset=-137438ns
23:41:25 Measure 12 id=12 sync offset=-150312ns
23:41:25 Measure 13 id=13 sync offset=-161438ns
23:41:25 Measure 14 id=14 sync offset=-162594ns
23:41:25 Measure 15 id=15 sync offset=-165812ns
23:41:25 Measure 16 id=16 sync offset=-171396ns
23:41:25 Measure 17 id=17 sync offset=-182261ns
23:41:25 Measure 18 id=18 sync offset=-193886ns
23:41:25 Measure 19 id=19 sync offset=-204125ns
23:41:25 Measure 20 id=20 sync offset=-213573ns
23:41:25 Measure 21 id=21 sync offset=-222229ns
23:41:25 Measure 22 id=22 sync offset=-229521ns
23:41:25 Measure 23 id=23 sync offset=-233188ns
23:41:25 Measure 24 id=24 sync offset=-239980ns
23:41:25 Measure 25 id=25 sync offset=-261021ns
23:41:25 Measure 26 id=26 sync offset=-270365ns
23:41:25 Measure 27 id=27 sync offset=-281136ns
23:41:25 Measure 28 id=28 sync offset=-285906ns
23:41:25 Measure 29 id=29 sync offset=-291167ns
23:41:25 Measure 30 id=30 sync offset=-277833ns
23:41:25 Measure 31 id=31 sync offset=-288208ns
23:41:25 Measure 32 id=32 sync offset=-282604ns
23:41:25 Measure 33 id=33 sync offset=-276562ns
23:41:25 Measure 34 id=34 sync offset=-286396ns
23:41:25 Measure 35 id=35 sync offset=-300583ns
23:41:25 Measure 36 id=36 sync offset=-302271ns
23:41:25 Measure 37 id=37 sync offset=-288250ns
23:41:25 Measure 38 id=38 sync offset=-295135ns
23:41:25 Measure 39 id=39 sync offset=-301291ns
23:41:25 Measure 40 id=40 sync offset=-342156ns
23:41:25 Measure 41 id=41 sync offset=-374084ns
23:41:25 Measure 42 id=42 sync offset=-387448ns
23:41:25 Measure 43 id=43 sync offset=-395438ns
23:41:25 Measure 44 id=44 sync offset=-391979ns
23:41:25 Measure 45 id=45 sync offset=-395187ns
23:41:25 Measure 46 id=46 sync offset=-405906ns
23:41:25 Measure 47 id=47 sync offset=-411468ns
23:41:25 Measure 48 id=48 sync offset=-389021ns
23:41:25 Measure 49 id=49 sync offset=-396167ns
23:41:25 Measure 50 id=50 sync offset=-402375ns
23:41:25 Measure 1 id=1 sync offset=31062ns
23:41:25 Measure 2 id=2 sync offset=11771ns
23:41:25 Measure 3 id=3 sync offset=3104ns
23:41:25 Measure 4 id=4 sync offset=-4250ns
23:41:25 Measure 5 id=5 sync offset=-27063ns
23:41:25 Measure 6 id=6 sync offset=-59458ns
23:41:25 Measure 7 id=7 sync offset=-78438ns
23:41:25 Measure 8 id=8 sync offset=-99792ns
23:41:25 Measure 9 id=9 sync offset=-97063ns
23:41:25 Measure 10 id=10 sync offset=-124396ns
23:41:25 Measure 11 id=11 sync offset=-146584ns
23:41:25 Measure 12 id=12 sync offset=-158396ns
23:41:25 Measure 13 id=13 sync offset=-165896ns
23:41:25 Measure 14 id=14 sync offset=-176604ns
23:41:25 Measure 15 id=15 sync offset=-177062ns
23:41:25 Measure 16 id=16 sync offset=-179864ns
23:41:25 Measure 17 id=17 sync offset=-186000ns
23:41:25 Measure 18 id=18 sync offset=-193886ns
23:41:25 Measure 19 id=19 sync offset=-204125ns
23:41:25 Measure 20 id=20 sync offset=-213573ns
23:41:25 Measure 21 id=21 sync offset=-234052ns
23:41:25 Measure 22 id=22 sync offset=-244520ns
23:41:25 Measure 23 id=23 sync offset=-253959ns
23:41:25 Measure 24 id=24 sync offset=-261021ns
23:41:25 Measure 25 id=25 sync offset=-270094ns
23:41:25 Measure 26 id=26 sync offset=-280198ns
23:41:25 Measure 27 id=27 sync offset=-296542ns
23:41:25 Measure 28 id=28 sync offset=-307031ns
23:41:25 Measure 29 id=29 sync offset=-311895ns
23:41:25 Measure 30 id=30 sync offset=-305990ns
23:41:25 Measure 31 id=31 sync offset=-319302ns
23:41:25 Measure 32 id=32 sync offset=-325885ns
23:41:25 Measure 33 id=33 sync offset=-329438ns
23:41:25 Measure 34 id=34 sync offset=-335365ns
23:41:25 Measure 35 id=35 sync offset=-340802ns
23:41:25 Measure 36 id=36 sync offset=-346354ns
23:41:25 Measure 37 id=37 sync offset=-332740ns
23:41:25 Measure 38 id=38 sync offset=-332687ns
23:41:25 Measure 39 id=39 sync offset=-338083ns
23:41:25 Measure 40 id=40 sync offset=-350031ns
23:41:25 Measure 41 id=41 sync offset=-362646ns
23:41:25 Measure 42 id=42 sync offset=-375281ns
23:41:25 Measure 43 id=43 sync offset=-385709ns
23:41:25 Measure 44 id=44 sync offset=-391979ns
23:41:25 Measure 45 id=45 sync offset=-395187ns
23:41:25 Measure 46 id=46 sync offset=-405906ns
23:41:25 Measure 47 id=47 sync offset=-411468ns
23:41:25 Measure 48 id=48 sync offset=-389021ns
23:41:25 Measure 49 id=49 sync offset=-396167ns
23:41:25 Measure 50 id=50 sync offset=-402375ns
23:41:26 Measure 1 id=1 sync offset=36770ns
23:41:26 Measure 2 id=2 sync offset=11771ns
23:41:26 Measure 3 id=3 sync offset=-9230ns
23:41:26 Measure 4 id=4 sync offset=-22688ns
23:41:26 Measure 5 id=5 sync offset=-44021ns
23:41:26 Measure 6 id=6 sync offset=-62646ns
23:41:26 Measure 7 id=7 sync offset=-86146ns
23:41:26 Measure 8 id=8 sync offset=-99792ns
23:41:26 Measure 9 id=9 sync offset=-107771ns
23:41:26 Measure 10 id=10 sync offset=-124396ns
23:41:26 Measure 11 id=11 sync offset=-146584ns
23:41:26 Measure 12 id=12 sync offset=-158396ns
23:41:26 Measure 13 id=13 sync offset=-165896ns
23:41:26 Measure 14 id=14 sync offset=-178354ns
23:41:26 Measure 15 id=15 sync offset=-203126ns
23:41:26 Measure 16 id=16 sync offset=-207979ns
23:41:26 Measure 17 id=17 sync offset=-211000ns
23:41:26 Measure 18 id=18 sync offset=-210698ns
23:41:26 Measure 19 id=19 sync offset=-220167ns
23:41:26 Measure 20 id=20 sync offset=-226083ns
23:41:26 Measure 21 id=21 sync offset=-234636ns
23:41:26 Measure 22 id=22 sync offset=-251687ns
23:41:26 Measure 23 id=23 sync offset=-264187ns
23:41:26 Measure 24 id=24 sync offset=-262937ns
23:41:26 Measure 25 id=25 sync offset=-274552ns
23:41:26 Measure 26 id=26 sync offset=-280198ns
23:41:26 Measure 27 id=27 sync offset=-292396ns
23:41:26 Measure 28 id=28 sync offset=-299250ns
23:41:26 Measure 29 id=29 sync offset=-307958ns
23:41:26 Measure 30 id=30 sync offset=-322166ns
23:41:26 Measure 31 id=31 sync offset=-334510ns
23:41:26 Measure 32 id=32 sync offset=-344656ns
23:41:26 Measure 33 id=33 sync offset=-350354ns
23:41:26 Measure 34 id=34 sync offset=-346646ns
23:41:26 Measure 35 id=35 sync offset=-343864ns
23:41:26 Measure 36 id=36 sync offset=-342656ns
23:41:26 Measure 37 id=37 sync offset=-342219ns
23:41:26 Measure 38 id=38 sync offset=-347573ns
23:41:26 Measure 39 id=39 sync offset=-343188ns
23:41:26 Measure 40 id=40 sync offset=-337541ns
23:41:26 Measure 41 id=41 sync offset=-350823ns
23:41:26 Measure 42 id=42 sync offset=-362948ns
23:41:26 Measure 43 id=43 sync offset=-370188ns
23:41:26 Measure 44 id=44 sync offset=-375489ns
23:41:26 Measure 45 id=45 sync offset=-384958ns
23:41:26 Measure 46 id=46 sync offset=-394823ns
23:41:26 Measure 47 id=47 sync offset=-401114ns
23:41:26 Measure 48 id=48 sync offset=-403375ns
23:41:26 Measure 49 id=49 sync offset=-410510ns
23:41:26 Measure 50 id=50 sync offset=-417563ns
23:41:26 Measure 1 id=1 sync offset=36770ns
23:41:26 Measure 2 id=2 sync offset=11771ns
23:41:26 Measure 3 id=3 sync offset=-13229ns
23:41:26 Measure 4 id=4 sync offset=-28479ns
23:41:26 Measure 5 id=5 sync offset=-49865ns
23:41:26 Measure 6 id=6 sync offset=-70219ns
23:41:26 Measure 7 id=7 sync offset=-82292ns
23:41:26 Measure 8 id=8 sync offset=-97479ns
23:41:26 Measure 9 id=9 sync offset=-102417ns
23:41:26 Measure 10 id=10 sync offset=-121479ns
23:41:26 Measure 11 id=11 sync offset=-145230ns
23:41:26 Measure 12 id=12 sync offset=-158260ns
23:41:26 Measure 13 id=13 sync offset=-165344ns
23:41:26 Measure 14 id=14 sync offset=-177479ns
23:41:26 Measure 15 id=15 sync offset=-190094ns
23:41:26 Measure 16 id=16 sync offset=-197125ns
23:41:26 Measure 17 id=17 sync offset=-201375ns
23:41:26 Measure 18 id=18 sync offset=-204271ns
23:41:26 Measure 19 id=19 sync offset=-215896ns
23:41:26 Measure 20 id=20 sync offset=-224938ns
23:41:26 Measure 21 id=21 sync offset=-234188ns
23:41:26 Measure 22 id=22 sync offset=-244854ns
23:41:26 Measure 23 id=23 sync offset=-257917ns
23:41:26 Measure 24 id=24 sync offset=-262146ns
23:41:26 Measure 25 id=25 sync offset=-272292ns
23:41:26 Measure 26 id=26 sync offset=-276792ns
23:41:26 Measure 27 id=27 sync offset=-290073ns
23:41:26 Measure 28 id=28 sync offset=-298844ns
23:41:26 Measure 29 id=29 sync offset=-306666ns
23:41:26 Measure 30 id=30 sync offset=-313937ns
23:41:26 Measure 31 id=31 sync offset=-328375ns
23:41:26 Measure 32 id=32 sync offset=-340501ns
23:41:26 Measure 33 id=33 sync offset=-348958ns
23:41:26 Measure 34 id=34 sync offset=-338396ns
23:41:26 Measure 35 id=35 sync offset=-325604ns
23:41:26 Measure 36 id=36 sync offset=-319896ns
23:41:26 Measure 37 id=37 sync offset=-313771ns
23:41:26 Measure 38 id=38 sync offset=-319625ns
23:41:26 Measure 39 id=39 sync offset=-318021ns
23:41:26 Measure 40 id=40 sync offset=-306583ns
23:41:26 Measure 41 id=41 sync offset=-323688ns
23:41:26 Measure 42 id=42 sync offset=-343229ns
23:41:26 Measure 43 id=43 sync offset=-352813ns
23:41:26 Measure 44 id=44 sync offset=-357958ns
23:41:26 Measure 45 id=45 sync offset=-369854ns
23:41:26 Measure 46 id=46 sync offset=-383167ns
23:41:26 Measure 47 id=47 sync offset=-390000ns
23:41:26 Measure 48 id=48 sync offset=-389021ns
23:41:26 Measure 49 id=49 sync offset=-396167ns
23:41:26 Measure 50 id=50 sync offset=-402375ns
23:41:27 Measure 1 id=1 sync offset=25541ns
23:41:27 Measure 2 id=2 sync offset=11291ns
23:41:27 Measure 3 id=3 sync offset=-19823ns
23:41:27 Measure 4 id=4 sync offset=-39146ns
23:41:27 Measure 5 id=5 sync offset=-44021ns
23:41:27 Measure 6 id=6 sync offset=-62646ns
23:41:27 Measure 7 id=7 sync offset=-78438ns
23:41:27 Measure 8 id=8 sync offset=-95167ns
23:41:27 Measure 9 id=9 sync offset=-107771ns
23:41:27 Measure 10 id=10 sync offset=-124396ns
23:41:27 Measure 11 id=11 sync offset=-146584ns
23:41:27 Measure 12 id=12 sync offset=-158125ns
23:41:27 Measure 13 id=13 sync offset=-165896ns
23:41:27 Measure 14 id=14 sync offset=-178354ns
23:41:27 Measure 15 id=15 sync offset=-203126ns
23:41:27 Measure 16 id=16 sync offset=-207979ns
23:41:27 Measure 17 id=17 sync offset=-211000ns
23:41:27 Measure 18 id=18 sync offset=-210698ns
23:41:27 Measure 19 id=19 sync offset=-220167ns
23:41:27 Measure 20 id=20 sync offset=-226083ns
23:41:27 Measure 21 id=21 sync offset=-234636ns
23:41:27 Measure 22 id=22 sync offset=-251687ns
23:41:27 Measure 23 id=23 sync offset=-264187ns
23:41:27 Measure 24 id=24 sync offset=-262937ns
23:41:27 Measure 25 id=25 sync offset=-274552ns
23:41:27 Measure 26 id=26 sync offset=-280198ns
23:41:27 Measure 27 id=27 sync offset=-292396ns
23:41:27 Measure 28 id=28 sync offset=-299250ns
23:41:27 Measure 29 id=29 sync offset=-307958ns
23:41:27 Measure 30 id=30 sync offset=-324104ns
23:41:27 Measure 31 id=31 sync offset=-334510ns
23:41:27 Measure 32 id=32 sync offset=-344656ns
23:41:27 Measure 33 id=33 sync offset=-350354ns
23:41:27 Measure 34 id=34 sync offset=-346646ns
23:41:27 Measure 35 id=35 sync offset=-343864ns
23:41:27 Measure 36 id=36 sync offset=-337750ns
23:41:27 Measure 37 id=37 sync offset=-342219ns
23:41:27 Measure 38 id=38 sync offset=-347573ns
23:41:27 Measure 39 id=39 sync offset=-343188ns
23:41:27 Measure 40 id=40 sync offset=-337541ns
23:41:27 Measure 41 id=41 sync offset=-350823ns
23:41:27 Measure 42 id=42 sync offset=-362948ns
23:41:27 Measure 43 id=43 sync offset=-370188ns
23:41:27 Measure 44 id=44 sync offset=-375489ns
23:41:27 Measure 45 id=45 sync offset=-384958ns
23:41:27 Measure 46 id=46 sync offset=-394823ns
23:41:27 Measure 47 id=47 sync offset=-401114ns
23:41:27 Measure 48 id=48 sync offset=-403375ns
23:41:27 Measure 49 id=49 sync offset=-410510ns
23:41:27 Measure 50 id=50 sync offset=-417563ns
23:41:27 Measure 1 id=1 sync offset=25541ns
23:41:27 Measure 2 id=2 sync offset=11291ns
23:41:27 Measure 3 id=3 sync offset=-19823ns
23:41:27 Measure 4 id=4 sync offset=-39146ns
23:41:27 Measure 5 id=5 sync offset=-44021ns
23:41:27 Measure 6 id=6 sync offset=-62646ns
23:41:27 Measure 7 id=7 sync offset=-78438ns
23:41:27 Measure 8 id=8 sync offset=-95167ns
23:41:27 Measure 9 id=9 sync offset=-107771ns
23:41:27 Measure 10 id=10 sync offset=-124396ns
23:41:27 Measure 11 id=11 sync offset=-146584ns
23:41:27 Measure 12 id=12 sync offset=-158125ns
23:41:27 Measure 13 id=13 sync offset=-165896ns
23:41:27 Measure 14 id=14 sync offset=-178354ns
23:41:27 Measure 15 id=15 sync offset=-203126ns
23:41:27 Measure 16 id=16 sync offset=-207979ns
23:41:27 Measure 17 id=17 sync offset=-211000ns
23:41:27 Measure 18 id=18 sync offset=-210698ns
23:41:27 Measure 19 id=19 sync offset=-220167ns
23:41:27 Measure 20 id=20 sync offset=-226083ns
23:41:27 Measure 21 id=21 sync offset=-234636ns
23:41:27 Measure 22 id=22 sync offset=-251687ns
23:41:27 Measure 23 id=23 sync offset=-264187ns
23:41:27 Measure 24 id=24 sync offset=-262937ns
23:41:27 Measure 25 id=25 sync offset=-274552ns
23:41:27 Measure 26 id=26 sync offset=-280198ns
23:41:27 Measure 27 id=27 sync offset=-292396ns
23:41:27 Measure 28 id=28 sync offset=-299250ns
23:41:27 Measure 29 id=29 sync offset=-307958ns
23:41:27 Measure 30 id=30 sync offset=-324104ns
23:41:27 Measure 31 id=31 sync offset=-334510ns
23:41:27 Measure 32 id=32 sync offset=-344656ns
23:41:27 Measure 33 id=33 sync offset=-350354ns
23:41:27 Measure 34 id=34 sync offset=-346646ns
23:41:27 Measure 35 id=35 sync offset=-343864ns
23:41:27 Measure 36 id=36 sync offset=-337750ns
23:41:27 Measure 37 id=37 sync offset=-342219ns
23:41:27 Measure 38 id=38 sync offset=-347573ns
23:41:27 Measure 39 id=39 sync offset=-343188ns
23:41:27 Measure 40 id=40 sync offset=-337541ns
23:41:27 Measure 41 id=41 sync offset=-350823ns
23:41:27 Measure 42 id=42 sync offset=-362948ns
23:41:27 Measure 43 id=43 sync offset=-370188ns
23:41:27 Measure 44 id=44 sync offset=-375489ns
23:41:27 Measure 45 id=45 sync offset=-384958ns
23:41:27 Measure 46 id=46 sync offset=-394823ns
23:41:27 Measure 47 id=47 sync offset=-401114ns
23:41:27 Measure 48 id=48 sync offset=-403375ns
23:41:27 Measure 49 id=49 sync offset=-410510ns
23:41:27 Measure 50 id=50 sync offset=-417563ns
23:41:28 Measure 1 id=1 sync offset=25541ns
23:41:28 Measure 2 id=2 sync offset=11291ns
23:41:28 Measure 3 id=3 sync offset=-19823ns
23:41:28 Measure 4 id=4 sync offset=-39146ns
23:41:28 Measure 5 id=5 sync offset=-44021ns
23:41:28 Measure 6 id=6 sync offset=-62646ns
23:41:28 Measure 7 id=7 sync offset=-78438ns
23:41:28 Measure 8 id=8 sync offset=-95167ns
23:41:28 Measure 9 id=9 sync offset=-107771ns
23:41:28 Measure 10 id=10 sync offset=-124396ns
23:41:28 Measure 11 id=11 sync offset=-146584ns
23:41:28 Measure 12 id=12 sync offset=-158125ns
23:41:28 Measure 13 id=13 sync offset=-165896ns
23:41:28 Measure 14 id=14 sync offset=-178354ns
23:41:28 Measure 15 id=15 sync offset=-203126ns
23:41:28 Measure 16 id=16 sync offset=-207979ns
23:41:28 Measure 17 id=17 sync offset=-211000ns
23:41:28 Measure 18 id=18 sync offset=-210698ns
23:41:28 Measure 19 id=19 sync offset=-220167ns
23:41:28 Measure 20 id=20 sync offset=-226083ns
23:41:28 Measure 21 id=21 sync offset=-234636ns
23:41:28 Measure 22 id=22 sync offset=-251687ns
23:41:28 Measure 23 id=23 sync offset=-264187ns
23:41:28 Measure 24 id=24 sync offset=-262937ns
23:41:28 Measure 25 id=25 sync offset=-274552ns
23:41:28 Measure 26 id=26 sync offset=-280198ns
23:41:28 Measure 27 id=27 sync offset=-292396ns
23:41:28 Measure 28 id=28 sync offset=-299250ns
23:41:28 Measure 29 id=29 sync offset=-307958ns
23:41:28 Measure 30 id=30 sync offset=-324104ns
23:41:28 Measure 31 id=31 sync offset=-334510ns
23:41:28 Measure 32 id=32 sync offset=-344656ns
23:41:28 Measure 33 id=33 sync offset=-350354ns
23:41:28 Measure 34 id=34 sync offset=-346646ns
23:41:28 Measure 35 id=35 sync offset=-343864ns
23:41:28 Measure 36 id=36 sync offset=-337750ns
23:41:28 Measure 37 id=37 sync offset=-342219ns
23:41:28 Measure 38 id=38 sync offset=-347573ns
23:41:28 Measure 39 id=39 sync offset=-343188ns
23:41:28 Measure 40 id=40 sync offset=-337541ns
23:41:28 Measure 41 id=41 sync offset=-350823ns
23:41:28 Measure 42 id=42 sync offset=-362948ns
23:41:28 Measure 43 id=43 sync offset=-370188ns
23:41:28 Measure 44 id=44 sync offset=-375489ns
23:41:28 Measure 45 id=45 sync offset=-384958ns
23:41:28 Measure 46 id=46 sync offset=-394823ns
23:41:28 Measure 47 id=47 sync offset=-401114ns
23:41:28 Measure 48 id=48 sync offset=-403375ns
23:41:28 Measure 49 id=49 sync offset=-410510ns
23:41:28 Measure 50 id=50 sync offset=-417563ns
23:41:28 Measure 1 id=1 sync offset=25541ns
23:41:28 Measure 2 id=2 sync offset=11291ns
23:41:28 Measure 3 id=3 sync offset=-19823ns
23:41:28 Measure 4 id=4 sync offset=-39146ns
23:41:28 Measure 5 id=5 sync offset=-44021ns
23:41:28 Measure 6 id=6 sync offset=-62646ns
23:41:28 Measure 7 id=7 sync offset=-78438ns
23:41:28 Measure 8 id=8 sync offset=-95167ns
23:41:28 Measure 9 id=9 sync offset=-107771ns
23:41:28 Measure 10 id=10 sync offset=-124396ns
23:41:28 Measure 11 id=11 sync offset=-146584ns
23:41:28 Measure 12 id=12 sync offset=-158125ns
23:41:28 Measure 13 id=13 sync offset=-165896ns
23:41:28 Measure 14 id=14 sync offset=-178354ns
23:41:28 Measure 15 id=15 sync offset=-203126ns
23:41:28 Measure 16 id=16 sync offset=-207979ns
23:41:28 Measure 17 id=17 sync offset=-211000ns
23:41:28 Measure 18 id=18 sync offset=-210698ns
23:41:28 Measure 19 id=19 sync offset=-220167ns
23:41:28 Measure 20 id=20 sync offset=-226083ns
23:41:28 Measure 21 id=21 sync offset=-234636ns
23:41:28 Measure 22 id=22 sync offset=-251687ns
23:41:28 Measure 23 id=23 sync offset=-264187ns
23:41:28 Measure 24 id=24 sync offset=-262937ns
23:41:28 Measure 25 id=25 sync offset=-274552ns
23:41:28 Measure 26 id=26 sync offset=-280198ns
23:41:28 Measure 27 id=27 sync offset=-292396ns
23:41:28 Measure 28 id=28 sync offset=-299250ns
23:41:28 Measure 29 id=29 sync offset=-307958ns
23:41:28 Measure 30 id=30 sync offset=-324104ns
23:41:28 Measure 31 id=31 sync offset=-334510ns
23:41:28 Measure 32 id=32 sync offset=-344656ns
23:41:28 Measure 33 id=33 sync offset=-350354ns
23:41:28 Measure 34 id=34 sync offset=-346646ns
23:41:28 Measure 35 id=35 sync offset=-343864ns
23:41:28 Measure 36 id=36 sync offset=-337750ns
23:41:28 Measure 37 id=37 sync offset=-342219ns
23:41:28 Measure 38 id=38 sync offset=-347573ns
23:41:28 Measure 39 id=39 sync offset=-343188ns
23:41:28 Measure 40 id=40 sync offset=-337541ns
23:41:28 Measure 41 id=41 sync offset=-350823ns
23:41:28 Measure 42 id=42 sync offset=-362948ns
23:41:28 Measure 43 id=43 sync offset=-370188ns
23:41:28 Measure 44 id=44 sync offset=-375489ns
23:41:28 Measure 45 id=45 sync offset=-384958ns
23:41:28 Measure 46 id=46 sync offset=-394823ns
23:41:28 Measure 47 id=47 sync offset=-401114ns
23:41:28 Measure 48 id=48 sync offset=-403375ns
23:41:28 Measure 49 id=49 sync offset=-410510ns
23:41:28 Measure 50 id=50 sync offset=-417563ns
23:41:29 Measure 1 id=1 sync offset=32280ns
23:41:29 Measure 2 id=2 sync offset=11531ns
23:41:29 Measure 3 id=3 sync offset=-17229ns
23:41:29 Measure 4 id=4 sync offset=-34271ns
23:41:29 Measure 5 id=5 sync offset=-29364ns
23:41:29 Measure 6 id=6 sync offset=-46281ns
23:41:29 Measure 7 id=7 sync offset=-64615ns
23:41:29 Measure 8 id=8 sync offset=-74698ns
23:41:29 Measure 9 id=9 sync offset=-97437ns
23:41:29 Measure 10 id=10 sync offset=-121479ns
23:41:29 Measure 11 id=11 sync offset=-138792ns
23:41:29 Measure 12 id=12 sync offset=-150312ns
23:41:29 Measure 13 id=13 sync offset=-162198ns
23:41:29 Measure 14 id=14 sync offset=-177479ns
23:41:29 Measure 15 id=15 sync offset=-190094ns
23:41:29 Measure 16 id=16 sync offset=-197125ns
23:41:29 Measure 17 id=17 sync offset=-191751ns
23:41:29 Measure 18 id=18 sync offset=-204271ns
23:41:29 Measure 19 id=19 sync offset=-215896ns
23:41:29 Measure 20 id=20 sync offset=-224938ns
23:41:29 Measure 21 id=21 sync offset=-234188ns
23:41:29 Measure 22 id=22 sync offset=-244854ns
23:41:29 Measure 23 id=23 sync offset=-257917ns
23:41:29 Measure 24 id=24 sync offset=-262146ns
23:41:29 Measure 25 id=25 sync offset=-272292ns
23:41:29 Measure 26 id=26 sync offset=-276792ns
23:41:29 Measure 27 id=27 sync offset=-292396ns
23:41:29 Measure 28 id=28 sync offset=-299250ns
23:41:29 Measure 29 id=29 sync offset=-306666ns
23:41:29 Measure 30 id=30 sync offset=-313937ns
23:41:29 Measure 31 id=31 sync offset=-328375ns
23:41:29 Measure 32 id=32 sync offset=-340501ns
23:41:29 Measure 33 id=33 sync offset=-348958ns
23:41:29 Measure 34 id=34 sync offset=-338396ns
23:41:29 Measure 35 id=35 sync offset=-325604ns
23:41:29 Measure 36 id=36 sync offset=-310084ns
23:41:29 Measure 37 id=37 sync offset=-313771ns
23:41:29 Measure 38 id=38 sync offset=-319625ns
23:41:29 Measure 39 id=39 sync offset=-318021ns
23:41:29 Measure 40 id=40 sync offset=-306583ns
23:41:29 Measure 41 id=41 sync offset=-323688ns
23:41:29 Measure 42 id=42 sync offset=-343229ns
23:41:29 Measure 43 id=43 sync offset=-352813ns
23:41:29 Measure 44 id=44 sync offset=-357958ns
23:41:29 Measure 45 id=45 sync offset=-369854ns
23:41:29 Measure 46 id=46 sync offset=-383167ns
23:41:29 Measure 47 id=47 sync offset=-390000ns
23:41:29 Measure 48 id=48 sync offset=-389021ns
23:41:29 Measure 49 id=49 sync offset=-396167ns
23:41:29 Measure 50 id=50 sync offset=-402375ns
23:41:29 Measure 1 id=1 sync offset=32280ns
23:41:29 Measure 2 id=2 sync offset=11531ns
23:41:29 Measure 3 id=3 sync offset=-17229ns
23:41:29 Measure 4 id=4 sync offset=-34271ns
23:41:29 Measure 5 id=5 sync offset=-29364ns
23:41:29 Measure 6 id=6 sync offset=-46281ns
23:41:29 Measure 7 id=7 sync offset=-64615ns
23:41:29 Measure 8 id=8 sync offset=-74698ns
23:41:29 Measure 9 id=9 sync offset=-97437ns
23:41:29 Measure 10 id=10 sync offset=-121479ns
23:41:29 Measure 11 id=11 sync offset=-138792ns
23:41:29 Measure 12 id=12 sync offset=-150312ns
23:41:29 Measure 13 id=13 sync offset=-162198ns
23:41:29 Measure 14 id=14 sync offset=-177479ns
23:41:29 Measure 15 id=15 sync offset=-190094ns
23:41:29 Measure 16 id=16 sync offset=-197125ns
23:41:29 Measure 17 id=17 sync offset=-191751ns
23:41:29 Measure 18 id=18 sync offset=-204271ns
23:41:29 Measure 19 id=19 sync offset=-215896ns
23:41:29 Measure 20 id=20 sync offset=-224938ns
23:41:29 Measure 21 id=21 sync offset=-234188ns
23:41:29 Measure 22 id=22 sync offset=-244854ns
23:41:29 Measure 23 id=23 sync offset=-257917ns
23:41:29 Measure 24 id=24 sync offset=-262146ns
23:41:29 Measure 25 id=25 sync offset=-272292ns
23:41:29 Measure 26 id=26 sync offset=-276792ns
23:41:29 Measure 27 id=27 sync offset=-292396ns
23:41:29 Measure 28 id=28 sync offset=-299250ns
23:41:29 Measure 29 id=29 sync offset=-306666ns
23:41:29 Measure 30 id=30 sync offset=-313937ns
23:41:29 Measure 31 id=31 sync offset=-328375ns
23:41:29 Measure 32 id=32 sync offset=-340501ns
23:41:29 Measure 33 id=33 sync offset=-348958ns
23:41:29 Measure 34 id=34 sync offset=-338396ns
23:41:29 Measure 35 id=35 sync offset=-325604ns
23:41:29 Measure 36 id=36 sync offset=-310084ns
23:41:29 Measure 37 id=37 sync offset=-313771ns
23:41:29 Measure 38 id=38 sync offset=-319625ns
23:41:29 Measure 39 id=39 sync offset=-318021ns
23:41:29 Measure 40 id=40 sync offset=-306583ns
23:41:29 Measure 41 id=41 sync offset=-323688ns
23:41:29 Measure 42 id=42 sync offset=-343229ns
23:41:29 Measure 43 id=43 sync offset=-352813ns
23:41:29 Measure 44 id=44 sync offset=-357958ns
23:41:29 Measure 45 id=45 sync offset=-369854ns
23:41:29 Measure 46 id=46 sync offset=-383167ns
23:41:29 Measure 47 id=47 sync offset=-390000ns
23:41:29 Measure 48 id=48 sync offset=-389021ns
23:41:29 Measure 49 id=49 sync offset=-396167ns
23:41:29 Measure 50 id=50 sync offset=-402375ns
23:41:29 Measure 1 id=1 sync offset=39020ns
23:41:29 Measure 2 id=2 sync offset=11771ns
23:41:29 Measure 3 id=3 sync offset=-6177ns
23:41:29 Measure 4 id=4 sync offset=-19239ns
23:41:29 Measure 5 id=5 sync offset=-14708ns
23:41:29 Measure 6 id=6 sync offset=-29917ns
23:41:29 Measure 7 id=7 sync offset=-50792ns
23:41:29 Measure 8 id=8 sync offset=-54230ns
23:41:29 Measure 9 id=9 sync offset=-87104ns
23:41:29 Measure 10 id=10 sync offset=-118563ns
23:41:29 Measure 11 id=11 sync offset=-131000ns
23:41:29 Measure 12 id=12 sync offset=-142500ns
23:41:29 Measure 13 id=13 sync offset=-158501ns
23:41:29 Measure 14 id=14 sync offset=-176604ns
23:41:29 Measure 15 id=15 sync offset=-177062ns
23:41:29 Measure 16 id=16 sync offset=-186271ns
23:41:29 Measure 17 id=17 sync offset=-186000ns
23:41:29 Measure 18 id=18 sync offset=-183156ns
23:41:29 Measure 19 id=19 sync offset=-192937ns
23:41:29 Measure 20 id=20 sync offset=-202177ns
23:41:29 Measure 21 id=21 sync offset=-233604ns
23:41:29 Measure 22 id=22 sync offset=-244520ns
23:41:29 Measure 23 id=23 sync offset=-253959ns
23:41:29 Measure 24 id=24 sync offset=-260229ns
23:41:29 Measure 25 id=25 sync offset=-267833ns
23:41:29 Measure 26 id=26 sync offset=-273729ns
23:41:29 Measure 27 id=27 sync offset=-294219ns
23:41:29 Measure 28 id=28 sync offset=-306729ns
23:41:29 Measure 29 id=29 sync offset=-307958ns
23:41:29 Measure 30 id=30 sync offset=-324104ns
23:41:29 Measure 31 id=31 sync offset=-334510ns
23:41:29 Measure 32 id=32 sync offset=-344656ns
23:41:29 Measure 33 id=33 sync offset=-352229ns
23:41:29 Measure 34 id=34 sync offset=-346646ns
23:41:29 Measure 35 id=35 sync offset=-343864ns
23:41:29 Measure 36 id=36 sync offset=-337750ns
23:41:29 Measure 37 id=37 sync offset=-342219ns
23:41:29 Measure 38 id=38 sync offset=-347573ns
23:41:29 Measure 39 id=39 sync offset=-343188ns
23:41:29 Measure 40 id=40 sync offset=-337541ns
23:41:29 Measure 41 id=41 sync offset=-336313ns
23:41:29 Measure 42 id=42 sync offset=-332406ns
23:41:29 Measure 43 id=43 sync offset=-330000ns
23:41:29 Measure 44 id=44 sync offset=-332208ns
23:41:29 Measure 45 id=45 sync offset=-331260ns
23:41:29 Measure 46 id=46 sync offset=-335260ns
23:41:29 Measure 47 id=47 sync offset=-340010ns
23:41:29 Measure 48 id=48 sync offset=-348656ns
23:41:29 Measure 49 id=49 sync offset=-355312ns
23:41:29 Measure 50 id=50 sync offset=-361636ns
23:41:30 Measure 1 id=1 sync offset=39020ns
23:41:30 Measure 2 id=2 sync offset=11771ns
23:41:30 Measure 3 id=3 sync offset=-6177ns
23:41:30 Measure 4 id=4 sync offset=-19239ns
23:41:30 Measure 5 id=5 sync offset=-14708ns
23:41:30 Measure 6 id=6 sync offset=-29917ns
23:41:30 Measure 7 id=7 sync offset=-50792ns
23:41:30 Measure 8 id=8 sync offset=-54230ns
23:41:30 Measure 9 id=9 sync offset=-87104ns
23:41:30 Measure 10 id=10 sync offset=-118563ns
23:41:30 Measure 11 id=11 sync offset=-131000ns
23:41:30 Measure 12 id=12 sync offset=-142500ns
23:41:30 Measure 13 id=13 sync offset=-158501ns
23:41:30 Measure 14 id=14 sync offset=-176604ns
23:41:30 Measure 15 id=15 sync offset=-177062ns
23:41:30 Measure 16 id=16 sync offset=-186271ns
23:41:30 Measure 17 id=17 sync offset=-186000ns
23:41:30 Measure 18 id=18 sync offset=-183156ns
23:41:30 Measure 19 id=19 sync offset=-192937ns
23:41:30 Measure 20 id=20 sync offset=-202177ns
23:41:30 Measure 21 id=21 sync offset=-233604ns
23:41:30 Measure 22 id=22 sync offset=-244520ns
23:41:30 Measure 23 id=23 sync offset=-253959ns
23:41:30 Measure 24 id=24 sync offset=-260229ns
23:41:30 Measure 25 id=25 sync offset=-267833ns
23:41:30 Measure 26 id=26 sync offset=-273729ns
23:41:30 Measure 27 id=27 sync offset=-294219ns
23:41:30 Measure 28 id=28 sync offset=-306729ns
23:41:30 Measure 29 id=29 sync offset=-307958ns
23:41:30 Measure 30 id=30 sync offset=-324104ns
23:41:30 Measure 31 id=31 sync offset=-334510ns
23:41:30 Measure 32 id=32 sync offset=-344656ns
23:41:30 Measure 33 id=33 sync offset=-352229ns
23:41:30 Measure 34 id=34 sync offset=-346646ns
23:41:30 Measure 35 id=35 sync offset=-343864ns
23:41:30 Measure 36 id=36 sync offset=-337750ns
23:41:30 Measure 37 id=37 sync offset=-342219ns
23:41:30 Measure 38 id=38 sync offset=-347573ns
23:41:30 Measure 39 id=39 sync offset=-343188ns
23:41:30 Measure 40 id=40 sync offset=-337541ns
23:41:30 Measure 41 id=41 sync offset=-336313ns
23:41:30 Measure 42 id=42 sync offset=-332406ns
23:41:30 Measure 43 id=43 sync offset=-330000ns
23:41:30 Measure 44 id=44 sync offset=-332208ns
23:41:30 Measure 45 id=45 sync offset=-331260ns
23:41:30 Measure 46 id=46 sync offset=-335260ns
23:41:30 Measure 47 id=47 sync offset=-340010ns
23:41:30 Measure 48 id=48 sync offset=-348656ns
23:41:30 Measure 49 id=49 sync offset=-355312ns
23:41:30 Measure 50 id=50 sync offset=-361636ns
23:41:31 Measure 1 id=1 sync offset=32896ns
23:41:31 Measure 2 id=2 sync offset=11291ns
23:41:31 Measure 3 id=3 sync offset=-6177ns
23:41:31 Measure 4 id=4 sync offset=-21187ns
23:41:31 Measure 5 id=5 sync offset=-14708ns
23:41:31 Measure 6 id=6 sync offset=-29917ns
23:41:31 Measure 7 id=7 sync offset=-50792ns
23:41:31 Measure 8 id=8 sync offset=-54230ns
23:41:31 Measure 9 id=9 sync offset=-87104ns
23:41:31 Measure 10 id=10 sync offset=-114438ns
23:41:31 Measure 11 id=11 sync offset=-119541ns
23:41:31 Measure 12 id=12 sync offset=-128041ns
23:41:31 Measure 13 id=13 sync offset=-158501ns
23:41:31 Measure 14 id=14 sync offset=-176604ns
23:41:31 Measure 15 id=15 sync offset=-166791ns
23:41:31 Measure 16 id=16 sync offset=-180938ns
23:41:31 Measure 17 id=17 sync offset=-185135ns
23:41:31 Measure 18 id=18 sync offset=-175917ns
23:41:31 Measure 19 id=19 sync offset=-183531ns
23:41:31 Measure 20 id=20 sync offset=-192374ns
23:41:31 Measure 21 id=21 sync offset=-231989ns
23:41:31 Measure 22 id=22 sync offset=-241666ns
23:41:31 Measure 23 id=23 sync offset=-253615ns
23:41:31 Measure 24 id=24 sync offset=-259760ns
23:41:31 Measure 25 id=25 sync offset=-268250ns
23:41:31 Measure 26 id=26 sync offset=-280396ns
23:41:31 Measure 27 id=27 sync offset=-293010ns
23:41:31 Measure 28 id=28 sync offset=-305740ns
23:41:31 Measure 29 id=29 sync offset=-307958ns
23:41:31 Measure 30 id=30 sync offset=-316520ns
23:41:31 Measure 31 id=31 sync offset=-323656ns
23:41:31 Measure 32 id=32 sync offset=-332625ns
23:41:31 Measure 33 id=33 sync offset=-341343ns
23:41:31 Measure 34 id=34 sync offset=-339437ns
23:41:31 Measure 35 id=35 sync offset=-338427ns
23:41:31 Measure 36 id=36 sync offset=-337750ns
23:41:31 Measure 37 id=37 sync offset=-342219ns
23:41:31 Measure 38 id=38 sync offset=-347573ns
23:41:31 Measure 39 id=39 sync offset=-343188ns
23:41:31 Measure 40 id=40 sync offset=-337541ns
23:41:31 Measure 41 id=41 sync offset=-336313ns
23:41:31 Measure 42 id=42 sync offset=-332406ns
23:41:31 Measure 43 id=43 sync offset=-330000ns
23:41:31 Measure 44 id=44 sync offset=-332208ns
23:41:31 Measure 45 id=45 sync offset=-331260ns
23:41:31 Measure 46 id=46 sync offset=-335260ns
23:41:31 Measure 47 id=47 sync offset=-340010ns
23:41:31 Measure 48 id=48 sync offset=-348656ns
23:41:31 Measure 49 id=49 sync offset=-355312ns
23:41:31 Measure 50 id=50 sync offset=-361636ns
23:41:31 Measure 1 id=1 sync offset=32896ns
23:41:31 Measure 2 id=2 sync offset=16697ns
23:41:31 Measure 3 id=3 sync offset=1792ns
23:41:31 Measure 4 id=4 sync offset=1500ns
23:41:31 Measure 5 id=5 sync offset=-6917ns
23:41:31 Measure 6 id=6 sync offset=-18458ns
23:41:31 Measure 7 id=7 sync offset=-50792ns
23:41:31 Measure 8 id=8 sync offset=-54230ns
23:41:31 Measure 9 id=9 sync offset=-87104ns
23:41:31 Measure 10 id=10 sync offset=-109396ns
23:41:31 Measure 11 id=11 sync offset=-118813ns
23:41:31 Measure 12 id=12 sync offset=-125646ns
23:41:31 Measure 13 id=13 sync offset=-133167ns
23:41:31 Measure 14 id=14 sync offset=-140042ns
23:41:31 Measure 15 id=15 sync offset=-162041ns
23:41:31 Measure 16 id=16 sync offset=-173458ns
23:41:31 Measure 17 id=17 sync offset=-180250ns
23:41:31 Measure 18 id=18 sync offset=-162042ns
23:41:31 Measure 19 id=19 sync offset=-172417ns
23:41:31 Measure 20 id=20 sync offset=-205333ns
23:41:31 Measure 21 id=21 sync offset=-230958ns
23:41:31 Measure 22 id=22 sync offset=-244854ns
23:41:31 Measure 23 id=23 sync offset=-257917ns
23:41:31 Measure 24 id=24 sync offset=-262146ns
23:41:31 Measure 25 id=25 sync offset=-264209ns
23:41:31 Measure 26 id=26 sync offset=-270667ns
23:41:31 Measure 27 id=27 sync offset=-287750ns
23:41:31 Measure 28 id=28 sync offset=-298438ns
23:41:31 Measure 29 id=29 sync offset=-301031ns
23:41:31 Measure 30 id=30 sync offset=-313937ns
23:41:31 Measure 31 id=31 sync offset=-318938ns
23:41:31 Measure 32 id=32 sync offset=-324750ns
23:41:31 Measure 33 id=33 sync offset=-333729ns
23:41:31 Measure 34 id=34 sync offset=-334458ns
23:41:31 Measure 35 id=35 sync offset=-347333ns
23:41:31 Measure 36 id=36 sync offset=-360740ns
23:41:31 Measure 37 id=37 sync offset=-369771ns
23:41:31 Measure 38 id=38 sync offset=-376417ns
23:41:31 Measure 39 id=39 sync offset=-375427ns
23:41:31 Measure 40 id=40 sync offset=-378719ns
23:41:31 Measure 41 id=41 sync offset=-386271ns
23:41:31 Measure 42 id=42 sync offset=-391906ns
23:41:31 Measure 43 id=43 sync offset=-397573ns
23:41:31 Measure 44 id=44 sync offset=-402916ns
23:41:31 Measure 45 id=45 sync offset=-408927ns
23:41:31 Measure 46 id=46 sync offset=-414750ns
23:41:31 Measure 47 id=47 sync offset=-420500ns
23:41:31 Measure 48 id=48 sync offset=-426083ns
23:41:31 Measure 49 id=49 sync offset=-432416ns
23:41:31 Measure 50 id=50 sync offset=-442261ns
23:41:32 Measure 1 id=1 sync offset=32896ns
23:41:32 Measure 2 id=2 sync offset=16697ns
23:41:32 Measure 3 id=3 sync offset=1792ns
23:41:32 Measure 4 id=4 sync offset=1500ns
23:41:32 Measure 5 id=5 sync offset=-6917ns
23:41:32 Measure 6 id=6 sync offset=-18458ns
23:41:32 Measure 7 id=7 sync offset=-50792ns
23:41:32 Measure 8 id=8 sync offset=-54230ns
23:41:32 Measure 9 id=9 sync offset=-87104ns
23:41:32 Measure 10 id=10 sync offset=-109396ns
23:41:32 Measure 11 id=11 sync offset=-118813ns
23:41:32 Measure 12 id=12 sync offset=-125646ns
23:41:32 Measure 13 id=13 sync offset=-133167ns
23:41:32 Measure 14 id=14 sync offset=-140042ns
23:41:32 Measure 15 id=15 sync offset=-162041ns
23:41:32 Measure 16 id=16 sync offset=-173458ns
23:41:32 Measure 17 id=17 sync offset=-180250ns
23:41:32 Measure 18 id=18 sync offset=-162042ns
23:41:32 Measure 19 id=19 sync offset=-172417ns
23:41:32 Measure 20 id=20 sync offset=-205333ns
23:41:32 Measure 21 id=21 sync offset=-230958ns
23:41:32 Measure 22 id=22 sync offset=-244854ns
23:41:32 Measure 23 id=23 sync offset=-257917ns
23:41:32 Measure 24 id=24 sync offset=-262146ns
23:41:32 Measure 25 id=25 sync offset=-264209ns
23:41:32 Measure 26 id=26 sync offset=-270667ns
23:41:32 Measure 27 id=27 sync offset=-287750ns
23:41:32 Measure 28 id=28 sync offset=-298438ns
23:41:32 Measure 29 id=29 sync offset=-301031ns
23:41:32 Measure 30 id=30 sync offset=-313937ns
23:41:32 Measure 31 id=31 sync offset=-318938ns
23:41:32 Measure 32 id=32 sync offset=-324750ns
23:41:32 Measure 33 id=33 sync offset=-333729ns
23:41:32 Measure 34 id=34 sync offset=-334458ns
23:41:32 Measure 35 id=35 sync offset=-347333ns
23:41:32 Measure 36 id=36 sync offset=-360740ns
23:41:32 Measure 37 id=37 sync offset=-369771ns
23:41:32 Measure 38 id=38 sync offset=-376417ns
23:41:32 Measure 39 id=39 sync offset=-375427ns
23:41:32 Measure 40 id=40 sync offset=-378719ns
23:41:32 Measure 41 id=41 sync offset=-386271ns
23:41:32 Measure 42 id=42 sync offset=-391906ns
23:41:32 Measure 43 id=43 sync offset=-397573ns
23:41:32 Measure 44 id=44 sync offset=-402916ns
23:41:32 Measure 45 id=45 sync offset=-408927ns
23:41:32 Measure 46 id=46 sync offset=-406479ns
23:41:32 Measure 47 id=47 sync offset=-412229ns
23:41:32 Measure 48 id=48 sync offset=-417729ns
23:41:32 Measure 49 id=49 sync offset=-424854ns
23:41:32 Measure 50 id=50 sync offset=-432751ns
23:41:32 Measure 1 id=1 sync offset=33489ns
23:41:32 Measure 2 id=2 sync offset=12687ns
23:41:32 Measure 3 id=3 sync offset=-3239ns
23:41:32 Measure 4 id=4 sync offset=-1885ns
23:41:32 Measure 5 id=5 sync offset=-11708ns
23:41:32 Measure 6 id=6 sync offset=-21708ns
23:41:32 Measure 7 id=7 sync offset=-39750ns
23:41:32 Measure 8 id=8 sync offset=-54115ns
23:41:32 Measure 9 id=9 sync offset=-80364ns
23:41:32 Measure 10 id=10 sync offset=-97771ns
23:41:32 Measure 11 id=11 sync offset=-106052ns
23:41:32 Measure 12 id=12 sync offset=-114604ns
23:41:32 Measure 13 id=13 sync offset=-121250ns
23:41:32 Measure 14 id=14 sync offset=-126906ns
23:41:32 Measure 15 id=15 sync offset=-142427ns
23:41:32 Measure 16 id=16 sync offset=-150249ns
23:41:32 Measure 17 id=17 sync offset=-161833ns
23:41:32 Measure 18 id=18 sync offset=-162000ns
23:41:32 Measure 19 id=19 sync offset=-171198ns
23:41:32 Measure 20 id=20 sync offset=-192374ns
23:41:32 Measure 21 id=21 sync offset=-228125ns
23:41:32 Measure 22 id=22 sync offset=-241666ns
23:41:32 Measure 23 id=23 sync offset=-253615ns
23:41:32 Measure 24 id=24 sync offset=-259760ns
23:41:32 Measure 25 id=25 sync offset=-262323ns
23:41:32 Measure 26 id=26 sync offset=-264635ns
23:41:32 Measure 27 id=27 sync offset=-279760ns
23:41:32 Measure 28 id=28 sync offset=-290240ns
23:41:32 Measure 29 id=29 sync offset=-301031ns
23:41:32 Measure 30 id=30 sync offset=-306322ns
23:41:32 Measure 31 id=31 sync offset=-310823ns
23:41:32 Measure 32 id=32 sync offset=-320187ns
23:41:32 Measure 33 id=33 sync offset=-327781ns
23:41:32 Measure 34 id=34 sync offset=-334458ns
23:41:32 Measure 35 id=35 sync offset=-347333ns
23:41:32 Measure 36 id=36 sync offset=-360740ns
23:41:32 Measure 37 id=37 sync offset=-369771ns
23:41:32 Measure 38 id=38 sync offset=-376417ns
23:41:32 Measure 39 id=39 sync offset=-375427ns
23:41:32 Measure 40 id=40 sync offset=-378719ns
23:41:32 Measure 41 id=41 sync offset=-386271ns
23:41:32 Measure 42 id=42 sync offset=-391906ns
23:41:32 Measure 43 id=43 sync offset=-387563ns
23:41:32 Measure 44 id=44 sync offset=-393021ns
23:41:32 Measure 45 id=45 sync offset=-400062ns
23:41:32 Measure 46 id=46 sync offset=-365823ns
23:41:32 Measure 47 id=47 sync offset=-383333ns
23:41:32 Measure 48 id=48 sync offset=-389781ns
23:41:32 Measure 49 id=49 sync offset=-399823ns
23:41:32 Measure 50 id=50 sync offset=-409865ns
23:41:33 Measure 1 id=1 sync offset=33489ns
23:41:33 Measure 2 id=2 sync offset=12687ns
23:41:33 Measure 3 id=3 sync offset=-3239ns
23:41:33 Measure 4 id=4 sync offset=-1885ns
23:41:33 Measure 5 id=5 sync offset=-11708ns
23:41:33 Measure 6 id=6 sync offset=-21708ns
23:41:33 Measure 7 id=7 sync offset=-39750ns
23:41:33 Measure 8 id=8 sync offset=-54115ns
23:41:33 Measure 9 id=9 sync offset=-80364ns
23:41:33 Measure 10 id=10 sync offset=-97771ns
23:41:33 Measure 11 id=11 sync offset=-106052ns
23:41:33 Measure 12 id=12 sync offset=-114604ns
23:41:33 Measure 13 id=13 sync offset=-121250ns
23:41:33 Measure 14 id=14 sync offset=-126906ns
23:41:33 Measure 15 id=15 sync offset=-142427ns
23:41:33 Measure 16 id=16 sync offset=-150249ns
23:41:33 Measure 17 id=17 sync offset=-161833ns
23:41:33 Measure 18 id=18 sync offset=-162000ns
23:41:33 Measure 19 id=19 sync offset=-171198ns
23:41:33 Measure 20 id=20 sync offset=-192374ns
23:41:33 Measure 21 id=21 sync offset=-228125ns
23:41:33 Measure 22 id=22 sync offset=-241666ns
23:41:33 Measure 23 id=23 sync offset=-253615ns
23:41:33 Measure 24 id=24 sync offset=-259760ns
23:41:33 Measure 25 id=25 sync offset=-262323ns
23:41:33 Measure 26 id=26 sync offset=-264635ns
23:41:33 Measure 27 id=27 sync offset=-279760ns
23:41:33 Measure 28 id=28 sync offset=-290240ns
23:41:33 Measure 29 id=29 sync offset=-301031ns
23:41:33 Measure 30 id=30 sync offset=-306322ns
23:41:33 Measure 31 id=31 sync offset=-310823ns
23:41:33 Measure 32 id=32 sync offset=-320187ns
23:41:33 Measure 33 id=33 sync offset=-327781ns
23:41:33 Measure 34 id=34 sync offset=-334458ns
23:41:33 Measure 35 id=35 sync offset=-347333ns
23:41:33 Measure 36 id=36 sync offset=-360740ns
23:41:33 Measure 37 id=37 sync offset=-369771ns
23:41:33 Measure 38 id=38 sync offset=-376417ns
23:41:33 Measure 39 id=39 sync offset=-375427ns
23:41:33 Measure 40 id=40 sync offset=-378719ns
23:41:33 Measure 41 id=41 sync offset=-386271ns
23:41:33 Measure 42 id=42 sync offset=-391906ns
23:41:33 Measure 43 id=43 sync offset=-387563ns
23:41:33 Measure 44 id=44 sync offset=-393021ns
23:41:33 Measure 45 id=45 sync offset=-400062ns
23:41:33 Measure 46 id=46 sync offset=-365823ns
23:41:33 Measure 47 id=47 sync offset=-383333ns
23:41:33 Measure 48 id=48 sync offset=-389781ns
23:41:33 Measure 49 id=49 sync offset=-399823ns
23:41:33 Measure 50 id=50 sync offset=-409865ns
23:41:33 Measure 1 id=1 sync offset=32896ns
23:41:33 Measure 2 id=2 sync offset=10781ns
23:41:33 Measure 3 id=3 sync offset=-8271ns
23:41:33 Measure 4 id=4 sync offset=-5271ns
23:41:33 Measure 5 id=5 sync offset=-16500ns
23:41:33 Measure 6 id=6 sync offset=-24958ns
23:41:33 Measure 7 id=7 sync offset=-50792ns
23:41:33 Measure 8 id=8 sync offset=-54001ns
23:41:33 Measure 9 id=9 sync offset=-73625ns
23:41:33 Measure 10 id=10 sync offset=-86146ns
23:41:33 Measure 11 id=11 sync offset=-93292ns
23:41:33 Measure 12 id=12 sync offset=-103563ns
23:41:33 Measure 13 id=13 sync offset=-109334ns
23:41:33 Measure 14 id=14 sync offset=-113771ns
23:41:33 Measure 15 id=15 sync offset=-122813ns
23:41:33 Measure 16 id=16 sync offset=-127041ns
23:41:33 Measure 17 id=17 sync offset=-143417ns
23:41:33 Measure 18 id=18 sync offset=-161958ns
23:41:33 Measure 19 id=19 sync offset=-172417ns
23:41:33 Measure 20 id=20 sync offset=-205333ns
23:41:33 Measure 21 id=21 sync offset=-225292ns
23:41:33 Measure 22 id=22 sync offset=-238479ns
23:41:33 Measure 23 id=23 sync offset=-249313ns
23:41:33 Measure 24 id=24 sync offset=-257375ns
23:41:33 Measure 25 id=25 sync offset=-260437ns
23:41:33 Measure 26 id=26 sync offset=-258604ns
23:41:33 Measure 27 id=27 sync offset=-271771ns
23:41:33 Measure 28 id=28 sync offset=-282042ns
23:41:33 Measure 29 id=29 sync offset=-294105ns
23:41:33 Measure 30 id=30 sync offset=-298708ns
23:41:33 Measure 31 id=31 sync offset=-302708ns
23:41:33 Measure 32 id=32 sync offset=-315625ns
23:41:33 Measure 33 id=33 sync offset=-321834ns
23:41:33 Measure 34 id=34 sync offset=-328438ns
23:41:33 Measure 35 id=35 sync offset=-343417ns
23:41:33 Measure 36 id=36 sync offset=-356063ns
23:41:33 Measure 37 id=37 sync offset=-368875ns
23:41:33 Measure 38 id=38 sync offset=-375521ns
23:41:33 Measure 39 id=39 sync offset=-368355ns
23:41:33 Measure 40 id=40 sync offset=-368500ns
23:41:33 Measure 41 id=41 sync offset=-377959ns
23:41:33 Measure 42 id=42 sync offset=-382667ns
23:41:33 Measure 43 id=43 sync offset=-316823ns
23:41:33 Measure 44 id=44 sync offset=-336219ns
23:41:33 Measure 45 id=45 sync offset=-345541ns
23:41:33 Measure 46 id=46 sync offset=-325167ns
23:41:33 Measure 47 id=47 sync offset=-354438ns
23:41:33 Measure 48 id=48 sync offset=-361834ns
23:41:33 Measure 49 id=49 sync offset=-374792ns
23:41:33 Measure 50 id=50 sync offset=-386980ns
23:41:34 Measure 1 id=1 sync offset=29709ns
23:41:34 Measure 2 id=2 sync offset=8875ns
23:41:34 Measure 3 id=3 sync offset=-3239ns
23:41:34 Measure 4 id=4 sync offset=-1885ns
23:41:34 Measure 5 id=5 sync offset=-10479ns
23:41:34 Measure 6 id=6 sync offset=-18948ns
23:41:34 Measure 7 id=7 sync offset=-38875ns
23:41:34 Measure 8 id=8 sync offset=-49490ns
23:41:34 Measure 9 id=9 sync offset=-70406ns
23:41:34 Measure 10 id=10 sync offset=-81073ns
23:41:34 Measure 11 id=11 sync offset=-90802ns
23:41:34 Measure 12 id=12 sync offset=-101521ns
23:41:34 Measure 13 id=13 sync offset=-108521ns
23:41:34 Measure 14 id=14 sync offset=-109188ns
23:41:34 Measure 15 id=15 sync offset=-116521ns
23:41:34 Measure 16 id=16 sync offset=-119427ns
23:41:34 Measure 17 id=17 sync offset=-136187ns
23:41:34 Measure 18 id=18 sync offset=-143021ns
23:41:34 Measure 19 id=19 sync offset=-150229ns
23:41:34 Measure 20 id=20 sync offset=-171104ns
23:41:34 Measure 21 id=21 sync offset=-189000ns
23:41:34 Measure 22 id=22 sync offset=-199979ns
23:41:34 Measure 23 id=23 sync offset=-206875ns
23:41:34 Measure 24 id=24 sync offset=-202531ns
23:41:34 Measure 25 id=25 sync offset=-198354ns
23:41:34 Measure 26 id=26 sync offset=-198760ns
23:41:34 Measure 27 id=27 sync offset=-208104ns
23:41:34 Measure 28 id=28 sync offset=-216510ns
23:41:34 Measure 29 id=29 sync offset=-227490ns
23:41:34 Measure 30 id=30 sync offset=-233645ns
23:41:34 Measure 31 id=31 sync offset=-238427ns
23:41:34 Measure 32 id=32 sync offset=-245906ns
23:41:34 Measure 33 id=33 sync offset=-250219ns
23:41:34 Measure 34 id=34 sync offset=-263990ns
23:41:34 Measure 35 id=35 sync offset=-282156ns
23:41:34 Measure 36 id=36 sync offset=-286771ns
23:41:34 Measure 37 id=37 sync offset=-294323ns
23:41:34 Measure 38 id=38 sync offset=-301469ns
23:41:34 Measure 39 id=39 sync offset=-313146ns
23:41:34 Measure 40 id=40 sync offset=-319417ns
23:41:34 Measure 41 id=41 sync offset=-323573ns
23:41:34 Measure 42 id=42 sync offset=-321500ns
23:41:34 Measure 43 id=43 sync offset=-246083ns
23:41:34 Measure 44 id=44 sync offset=-279417ns
23:41:34 Measure 45 id=45 sync offset=-291021ns
23:41:34 Measure 46 id=46 sync offset=-294604ns
23:41:34 Measure 47 id=47 sync offset=-311115ns
23:41:34 Measure 48 id=48 sync offset=-320709ns
23:41:34 Measure 49 id=49 sync offset=-330281ns
23:41:34 Measure 50 id=50 sync offset=-338750ns
23:41:34 Measure 1 id=1 sync offset=31302ns
23:41:34 Measure 2 id=2 sync offset=8875ns
23:41:34 Measure 3 id=3 sync offset=-3239ns
23:41:34 Measure 4 id=4 sync offset=-1885ns
23:41:34 Measure 5 id=5 sync offset=-10479ns
23:41:34 Measure 6 id=6 sync offset=-18948ns
23:41:34 Measure 7 id=7 sync offset=-38875ns
23:41:34 Measure 8 id=8 sync offset=-49490ns
23:41:34 Measure 9 id=9 sync offset=-70406ns
23:41:34 Measure 10 id=10 sync offset=-81073ns
23:41:34 Measure 11 id=11 sync offset=-90802ns
23:41:34 Measure 12 id=12 sync offset=-101521ns
23:41:34 Measure 13 id=13 sync offset=-108521ns
23:41:34 Measure 14 id=14 sync offset=-109188ns
23:41:34 Measure 15 id=15 sync offset=-116521ns
23:41:34 Measure 16 id=16 sync offset=-119427ns
23:41:34 Measure 17 id=17 sync offset=-136187ns
23:41:34 Measure 18 id=18 sync offset=-143021ns
23:41:34 Measure 19 id=19 sync offset=-150229ns
23:41:34 Measure 20 id=20 sync offset=-171104ns
23:41:34 Measure 21 id=21 sync offset=-189000ns
23:41:34 Measure 22 id=22 sync offset=-199979ns
23:41:34 Measure 23 id=23 sync offset=-206875ns
23:41:34 Measure 24 id=24 sync offset=-202531ns
23:41:34 Measure 25 id=25 sync offset=-198354ns
23:41:34 Measure 26 id=26 sync offset=-198760ns
23:41:34 Measure 27 id=27 sync offset=-208104ns
23:41:34 Measure 28 id=28 sync offset=-216510ns
23:41:34 Measure 29 id=29 sync offset=-227490ns
23:41:34 Measure 30 id=30 sync offset=-233645ns
23:41:34 Measure 31 id=31 sync offset=-238427ns
23:41:34 Measure 32 id=32 sync offset=-245906ns
23:41:34 Measure 33 id=33 sync offset=-250219ns
23:41:34 Measure 34 id=34 sync offset=-263990ns
23:41:34 Measure 35 id=35 sync offset=-282156ns
23:41:34 Measure 36 id=36 sync offset=-286771ns
23:41:34 Measure 37 id=37 sync offset=-294323ns
23:41:34 Measure 38 id=38 sync offset=-301469ns
23:41:34 Measure 39 id=39 sync offset=-313146ns
23:41:34 Measure 40 id=40 sync offset=-319417ns
23:41:34 Measure 41 id=41 sync offset=-323573ns
23:41:34 Measure 42 id=42 sync offset=-321500ns
23:41:34 Measure 43 id=43 sync offset=-246083ns
23:41:34 Measure 44 id=44 sync offset=-279417ns
23:41:34 Measure 45 id=45 sync offset=-291021ns
23:41:34 Measure 46 id=46 sync offset=-294604ns
23:41:34 Measure 47 id=47 sync offset=-311115ns
23:41:34 Measure 48 id=48 sync offset=-320709ns
23:41:34 Measure 49 id=49 sync offset=-330281ns
23:41:34 Measure 50 id=50 sync offset=-338750ns
23:41:35 Measure 1 id=1 sync offset=32896ns
23:41:35 Measure 2 id=2 sync offset=10781ns
23:41:35 Measure 3 id=3 sync offset=-3239ns
23:41:35 Measure 4 id=4 sync offset=-1885ns
23:41:35 Measure 5 id=5 sync offset=-10479ns
23:41:35 Measure 6 id=6 sync offset=-18948ns
23:41:35 Measure 7 id=7 sync offset=-38875ns
23:41:35 Measure 8 id=8 sync offset=-49490ns
23:41:35 Measure 9 id=9 sync offset=-70406ns
23:41:35 Measure 10 id=10 sync offset=-81073ns
23:41:35 Measure 11 id=11 sync offset=-90802ns
23:41:35 Measure 12 id=12 sync offset=-101521ns
23:41:35 Measure 13 id=13 sync offset=-108521ns
23:41:35 Measure 14 id=14 sync offset=-109188ns
23:41:35 Measure 15 id=15 sync offset=-116521ns
23:41:35 Measure 16 id=16 sync offset=-119427ns
23:41:35 Measure 17 id=17 sync offset=-136187ns
23:41:35 Measure 18 id=18 sync offset=-143021ns
23:41:35 Measure 19 id=19 sync offset=-150229ns
23:41:35 Measure 20 id=20 sync offset=-171104ns
23:41:35 Measure 21 id=21 sync offset=-189000ns
23:41:35 Measure 22 id=22 sync offset=-199979ns
23:41:35 Measure 23 id=23 sync offset=-206875ns
23:41:35 Measure 24 id=24 sync offset=-202531ns
23:41:35 Measure 25 id=25 sync offset=-198354ns
23:41:35 Measure 26 id=26 sync offset=-198760ns
23:41:35 Measure 27 id=27 sync offset=-208104ns
23:41:35 Measure 28 id=28 sync offset=-216510ns
23:41:35 Measure 29 id=29 sync offset=-227490ns
23:41:35 Measure 30 id=30 sync offset=-233645ns
23:41:35 Measure 31 id=31 sync offset=-238427ns
23:41:35 Measure 32 id=32 sync offset=-245906ns
23:41:35 Measure 33 id=33 sync offset=-250219ns
23:41:35 Measure 34 id=34 sync offset=-263990ns
23:41:35 Measure 35 id=35 sync offset=-282156ns
23:41:35 Measure 36 id=36 sync offset=-286771ns
23:41:35 Measure 37 id=37 sync offset=-294323ns
23:41:35 Measure 38 id=38 sync offset=-301469ns
23:41:35 Measure 39 id=39 sync offset=-313146ns
23:41:35 Measure 40 id=40 sync offset=-319417ns
23:41:35 Measure 41 id=41 sync offset=-323573ns
23:41:35 Measure 42 id=42 sync offset=-321500ns
23:41:35 Measure 43 id=43 sync offset=-246083ns
23:41:35 Measure 44 id=44 sync offset=-279417ns
23:41:35 Measure 45 id=45 sync offset=-291021ns
23:41:35 Measure 46 id=46 sync offset=-294604ns
23:41:35 Measure 47 id=47 sync offset=-311115ns
23:41:35 Measure 48 id=48 sync offset=-320709ns
23:41:35 Measure 49 id=49 sync offset=-330281ns
23:41:35 Measure 50 id=50 sync offset=-338750ns
23:41:35 Measure 1 id=1 sync offset=32896ns
23:41:35 Measure 2 id=2 sync offset=10781ns
23:41:35 Measure 3 id=3 sync offset=-3239ns
23:41:35 Measure 4 id=4 sync offset=-1885ns
23:41:35 Measure 5 id=5 sync offset=-10479ns
23:41:35 Measure 6 id=6 sync offset=-18948ns
23:41:35 Measure 7 id=7 sync offset=-38875ns
23:41:35 Measure 8 id=8 sync offset=-49490ns
23:41:35 Measure 9 id=9 sync offset=-70406ns
23:41:35 Measure 10 id=10 sync offset=-81073ns
23:41:35 Measure 11 id=11 sync offset=-90802ns
23:41:35 Measure 12 id=12 sync offset=-101521ns
23:41:35 Measure 13 id=13 sync offset=-108521ns
23:41:35 Measure 14 id=14 sync offset=-109188ns
23:41:35 Measure 15 id=15 sync offset=-116521ns
23:41:35 Measure 16 id=16 sync offset=-119427ns
23:41:35 Measure 17 id=17 sync offset=-136187ns
23:41:35 Measure 18 id=18 sync offset=-143021ns
23:41:35 Measure 19 id=19 sync offset=-150229ns
23:41:35 Measure 20 id=20 sync offset=-171104ns
23:41:35 Measure 21 id=21 sync offset=-189000ns
23:41:35 Measure 22 id=22 sync offset=-199979ns
23:41:35 Measure 23 id=23 sync offset=-206875ns
23:41:35 Measure 24 id=24 sync offset=-202531ns
23:41:35 Measure 25 id=25 sync offset=-198354ns
23:41:35 Measure 26 id=26 sync offset=-198760ns
23:41:35 Measure 27 id=27 sync offset=-208104ns
23:41:35 Measure 28 id=28 sync offset=-216510ns
23:41:35 Measure 29 id=29 sync offset=-227490ns
23:41:35 Measure 30 id=30 sync offset=-233645ns
23:41:35 Measure 31 id=31 sync offset=-238427ns
23:41:35 Measure 32 id=32 sync offset=-245906ns
23:41:35 Measure 33 id=33 sync offset=-250219ns
23:41:35 Measure 34 id=34 sync offset=-263990ns
23:41:35 Measure 35 id=35 sync offset=-282156ns
23:41:35 Measure 36 id=36 sync offset=-286771ns
23:41:35 Measure 37 id=37 sync offset=-294323ns
23:41:35 Measure 38 id=38 sync offset=-301469ns
23:41:35 Measure 39 id=39 sync offset=-313146ns
23:41:35 Measure 40 id=40 sync offset=-319417ns
23:41:35 Measure 41 id=41 sync offset=-323573ns
23:41:35 Measure 42 id=42 sync offset=-321500ns
23:41:35 Measure 43 id=43 sync offset=-326833ns
23:41:35 Measure 44 id=44 sync offset=-346114ns
23:41:35 Measure 45 id=45 sync offset=-354406ns
23:41:35 Measure 46 id=46 sync offset=-325167ns
23:41:35 Measure 47 id=47 sync offset=-354438ns
23:41:35 Measure 48 id=48 sync offset=-361834ns
23:41:35 Measure 49 id=49 sync offset=-374792ns
23:41:35 Measure 50 id=50 sync offset=-386980ns
23:41:36 Measure 1 id=1 sync offset=32896ns
23:41:36 Measure 2 id=2 sync offset=10781ns
23:41:36 Measure 3 id=3 sync offset=-3239ns
23:41:36 Measure 4 id=4 sync offset=-1885ns
23:41:36 Measure 5 id=5 sync offset=-10479ns
23:41:36 Measure 6 id=6 sync offset=-18948ns
23:41:36 Measure 7 id=7 sync offset=-38875ns
23:41:36 Measure 8 id=8 sync offset=-49490ns
23:41:36 Measure 9 id=9 sync offset=-70406ns
23:41:36 Measure 10 id=10 sync offset=-81073ns
23:41:36 Measure 11 id=11 sync offset=-90802ns
23:41:36 Measure 12 id=12 sync offset=-101521ns
23:41:36 Measure 13 id=13 sync offset=-108521ns
23:41:36 Measure 14 id=14 sync offset=-109188ns
23:41:36 Measure 15 id=15 sync offset=-116521ns
23:41:36 Measure 16 id=16 sync offset=-119427ns
23:41:36 Measure 17 id=17 sync offset=-136187ns
23:41:36 Measure 18 id=18 sync offset=-143021ns
23:41:36 Measure 19 id=19 sync offset=-150229ns
23:41:36 Measure 20 id=20 sync offset=-171104ns
23:41:36 Measure 21 id=21 sync offset=-189000ns
23:41:36 Measure 22 id=22 sync offset=-199979ns
23:41:36 Measure 23 id=23 sync offset=-206875ns
23:41:36 Measure 24 id=24 sync offset=-202531ns
23:41:36 Measure 25 id=25 sync offset=-198354ns
23:41:36 Measure 26 id=26 sync offset=-198760ns
23:41:36 Measure 27 id=27 sync offset=-208104ns
23:41:36 Measure 28 id=28 sync offset=-216510ns
23:41:36 Measure 29 id=29 sync offset=-227490ns
23:41:36 Measure 30 id=30 sync offset=-233645ns
23:41:36 Measure 31 id=31 sync offset=-238427ns
23:41:36 Measure 32 id=32 sync offset=-245906ns
23:41:36 Measure 33 id=33 sync offset=-250219ns
23:41:36 Measure 34 id=34 sync offset=-263990ns
23:41:36 Measure 35 id=35 sync offset=-282156ns
23:41:36 Measure 36 id=36 sync offset=-286771ns
23:41:36 Measure 37 id=37 sync offset=-294323ns
23:41:36 Measure 38 id=38 sync offset=-301469ns
23:41:36 Measure 39 id=39 sync offset=-313146ns
23:41:36 Measure 40 id=40 sync offset=-319417ns
23:41:36 Measure 41 id=41 sync offset=-323573ns
23:41:36 Measure 42 id=42 sync offset=-321500ns
23:41:36 Measure 43 id=43 sync offset=-326833ns
23:41:36 Measure 44 id=44 sync offset=-346114ns
23:41:36 Measure 45 id=45 sync offset=-354406ns
23:41:36 Measure 46 id=46 sync offset=-325167ns
23:41:36 Measure 47 id=47 sync offset=-354438ns
23:41:36 Measure 48 id=48 sync offset=-361834ns
23:41:36 Measure 49 id=49 sync offset=-374792ns
23:41:36 Measure 50 id=50 sync offset=-386980ns
23:41:36 Measure 1 id=1 sync offset=32896ns
23:41:36 Measure 2 id=2 sync offset=10781ns
23:41:36 Measure 3 id=3 sync offset=-3239ns
23:41:36 Measure 4 id=4 sync offset=-1885ns
23:41:36 Measure 5 id=5 sync offset=-10479ns
23:41:36 Measure 6 id=6 sync offset=-18948ns
23:41:36 Measure 7 id=7 sync offset=-38875ns
23:41:36 Measure 8 id=8 sync offset=-49490ns
23:41:36 Measure 9 id=9 sync offset=-70406ns
23:41:36 Measure 10 id=10 sync offset=-81073ns
23:41:36 Measure 11 id=11 sync offset=-90802ns
23:41:36 Measure 12 id=12 sync offset=-101521ns
23:41:36 Measure 13 id=13 sync offset=-108521ns
23:41:36 Measure 14 id=14 sync offset=-109188ns
23:41:36 Measure 15 id=15 sync offset=-116521ns
23:41:36 Measure 16 id=16 sync offset=-119427ns
23:41:36 Measure 17 id=17 sync offset=-136187ns
23:41:36 Measure 18 id=18 sync offset=-143021ns
23:41:36 Measure 19 id=19 sync offset=-150229ns
23:41:36 Measure 20 id=20 sync offset=-171104ns
23:41:36 Measure 21 id=21 sync offset=-189000ns
23:41:36 Measure 22 id=22 sync offset=-199979ns
23:41:36 Measure 23 id=23 sync offset=-206875ns
23:41:36 Measure 24 id=24 sync offset=-202531ns
23:41:36 Measure 25 id=25 sync offset=-198354ns
23:41:36 Measure 26 id=26 sync offset=-198760ns
23:41:36 Measure 27 id=27 sync offset=-208104ns
23:41:36 Measure 28 id=28 sync offset=-216510ns
23:41:36 Measure 29 id=29 sync offset=-227490ns
23:41:36 Measure 30 id=30 sync offset=-233645ns
23:41:36 Measure 31 id=31 sync offset=-238427ns
23:41:36 Measure 32 id=32 sync offset=-245906ns
23:41:36 Measure 33 id=33 sync offset=-250219ns
23:41:36 Measure 34 id=34 sync offset=-263990ns
23:41:36 Measure 35 id=35 sync offset=-282156ns
23:41:36 Measure 36 id=36 sync offset=-286771ns
23:41:36 Measure 37 id=37 sync offset=-294323ns
23:41:36 Measure 38 id=38 sync offset=-301469ns
23:41:36 Measure 39 id=39 sync offset=-313146ns
23:41:36 Measure 40 id=40 sync offset=-319417ns
23:41:36 Measure 41 id=41 sync offset=-323573ns
23:41:36 Measure 42 id=42 sync offset=-321500ns
23:41:36 Measure 43 id=43 sync offset=-326833ns
23:41:36 Measure 44 id=44 sync offset=-346114ns
23:41:36 Measure 45 id=45 sync offset=-354406ns
23:41:36 Measure 46 id=46 sync offset=-325167ns
23:41:36 Measure 47 id=47 sync offset=-354438ns
23:41:36 Measure 48 id=48 sync offset=-361834ns
23:41:36 Measure 49 id=49 sync offset=-374792ns
23:41:36 Measure 50 id=50 sync offset=-386980ns
23:41:37 Measure 1 id=1 sync offset=31302ns
23:41:37 Measure 2 id=2 sync offset=8875ns
23:41:37 Measure 3 id=3 sync offset=-8271ns
23:41:37 Measure 4 id=4 sync offset=-5271ns
23:41:37 Measure 5 id=5 sync offset=-16500ns
23:41:37 Measure 6 id=6 sync offset=-24958ns
23:41:37 Measure 7 id=7 sync offset=-26958ns
23:41:37 Measure 8 id=8 sync offset=-54001ns
23:41:37 Measure 9 id=9 sync offset=-73625ns
23:41:37 Measure 10 id=10 sync offset=-86146ns
23:41:37 Measure 11 id=11 sync offset=-93292ns
23:41:37 Measure 12 id=12 sync offset=-103563ns
23:41:37 Measure 13 id=13 sync offset=-109334ns
23:41:37 Measure 14 id=14 sync offset=-104605ns
23:41:37 Measure 15 id=15 sync offset=-110229ns
23:41:37 Measure 16 id=16 sync offset=-111813ns
23:41:37 Measure 17 id=17 sync offset=-143417ns
23:41:37 Measure 18 id=18 sync offset=-161958ns
23:41:37 Measure 19 id=19 sync offset=-172417ns
23:41:37 Measure 20 id=20 sync offset=-205333ns
23:41:37 Measure 21 id=21 sync offset=-225292ns
23:41:37 Measure 22 id=22 sync offset=-238479ns
23:41:37 Measure 23 id=23 sync offset=-249313ns
23:41:37 Measure 24 id=24 sync offset=-257375ns
23:41:37 Measure 25 id=25 sync offset=-260437ns
23:41:37 Measure 26 id=26 sync offset=-258604ns
23:41:37 Measure 27 id=27 sync offset=-271771ns
23:41:37 Measure 28 id=28 sync offset=-282042ns
23:41:37 Measure 29 id=29 sync offset=-294105ns
23:41:37 Measure 30 id=30 sync offset=-298708ns
23:41:37 Measure 31 id=31 sync offset=-302708ns
23:41:37 Measure 32 id=32 sync offset=-315625ns
23:41:37 Measure 33 id=33 sync offset=-321834ns
23:41:37 Measure 34 id=34 sync offset=-328438ns
23:41:37 Measure 35 id=35 sync offset=-343417ns
23:41:37 Measure 36 id=36 sync offset=-356063ns
23:41:37 Measure 37 id=37 sync offset=-368875ns
23:41:37 Measure 38 id=38 sync offset=-377313ns
23:41:37 Measure 39 id=39 sync offset=-382500ns
23:41:37 Measure 40 id=40 sync offset=-388938ns
23:41:37 Measure 41 id=41 sync offset=-394583ns
23:41:37 Measure 42 id=42 sync offset=-401146ns
23:41:37 Measure 43 id=43 sync offset=-407583ns
23:41:37 Measure 44 id=44 sync offset=-412812ns
23:41:37 Measure 45 id=45 sync offset=-417792ns
23:41:37 Measure 46 id=46 sync offset=-374094ns
23:41:37 Measure 47 id=47 sync offset=-391604ns
23:41:37 Measure 48 id=48 sync offset=-398136ns
23:41:37 Measure 49 id=49 sync offset=-407385ns
23:41:37 Measure 50 id=50 sync offset=-419375ns
23:41:37 Measure 1 id=1 sync offset=31302ns
23:41:37 Measure 2 id=2 sync offset=8875ns
23:41:37 Measure 3 id=3 sync offset=-8271ns
23:41:37 Measure 4 id=4 sync offset=-5271ns
23:41:37 Measure 5 id=5 sync offset=-16500ns
23:41:37 Measure 6 id=6 sync offset=-24958ns
23:41:37 Measure 7 id=7 sync offset=-26958ns
23:41:37 Measure 8 id=8 sync offset=-54001ns
23:41:37 Measure 9 id=9 sync offset=-73625ns
23:41:37 Measure 10 id=10 sync offset=-86146ns
23:41:37 Measure 11 id=11 sync offset=-93292ns
23:41:37 Measure 12 id=12 sync offset=-103563ns
23:41:37 Measure 13 id=13 sync offset=-109334ns
23:41:37 Measure 14 id=14 sync offset=-104605ns
23:41:37 Measure 15 id=15 sync offset=-110229ns
23:41:37 Measure 16 id=16 sync offset=-111813ns
23:41:37 Measure 17 id=17 sync offset=-143417ns
23:41:37 Measure 18 id=18 sync offset=-161958ns
23:41:37 Measure 19 id=19 sync offset=-172417ns
23:41:37 Measure 20 id=20 sync offset=-205333ns
23:41:37 Measure 21 id=21 sync offset=-225292ns
23:41:37 Measure 22 id=22 sync offset=-238479ns
23:41:37 Measure 23 id=23 sync offset=-249313ns
23:41:37 Measure 24 id=24 sync offset=-257375ns
23:41:37 Measure 25 id=25 sync offset=-260437ns
23:41:37 Measure 26 id=26 sync offset=-258604ns
23:41:37 Measure 27 id=27 sync offset=-271771ns
23:41:37 Measure 28 id=28 sync offset=-282042ns
23:41:37 Measure 29 id=29 sync offset=-294105ns
23:41:37 Measure 30 id=30 sync offset=-298708ns
23:41:37 Measure 31 id=31 sync offset=-302708ns
23:41:37 Measure 32 id=32 sync offset=-315625ns
23:41:37 Measure 33 id=33 sync offset=-321834ns
23:41:37 Measure 34 id=34 sync offset=-328438ns
23:41:37 Measure 35 id=35 sync offset=-343417ns
23:41:37 Measure 36 id=36 sync offset=-356063ns
23:41:37 Measure 37 id=37 sync offset=-368875ns
23:41:37 Measure 38 id=38 sync offset=-377313ns
23:41:37 Measure 39 id=39 sync offset=-382500ns
23:41:37 Measure 40 id=40 sync offset=-388938ns
23:41:37 Measure 41 id=41 sync offset=-394583ns
23:41:37 Measure 42 id=42 sync offset=-401146ns
23:41:37 Measure 43 id=43 sync offset=-407583ns
23:41:37 Measure 44 id=44 sync offset=-412812ns
23:41:37 Measure 45 id=45 sync offset=-417792ns
23:41:37 Measure 46 id=46 sync offset=-374094ns
23:41:37 Measure 47 id=47 sync offset=-391604ns
23:41:37 Measure 48 id=48 sync offset=-398136ns
23:41:37 Measure 49 id=49 sync offset=-407385ns
23:41:37 Measure 50 id=50 sync offset=-419375ns
23:41:38 Measure 1 id=1 sync offset=31302ns
23:41:38 Measure 2 id=2 sync offset=8875ns
23:41:38 Measure 3 id=3 sync offset=-8271ns
23:41:38 Measure 4 id=4 sync offset=-5271ns
23:41:38 Measure 5 id=5 sync offset=-16500ns
23:41:38 Measure 6 id=6 sync offset=-24958ns
23:41:38 Measure 7 id=7 sync offset=-26958ns
23:41:38 Measure 8 id=8 sync offset=-54001ns
23:41:38 Measure 9 id=9 sync offset=-73625ns
23:41:38 Measure 10 id=10 sync offset=-86146ns
23:41:38 Measure 11 id=11 sync offset=-93292ns
23:41:38 Measure 12 id=12 sync offset=-103563ns
23:41:38 Measure 13 id=13 sync offset=-109334ns
23:41:38 Measure 14 id=14 sync offset=-104605ns
23:41:38 Measure 15 id=15 sync offset=-110229ns
23:41:38 Measure 16 id=16 sync offset=-111813ns
23:41:38 Measure 17 id=17 sync offset=-143417ns
23:41:38 Measure 18 id=18 sync offset=-161958ns
23:41:38 Measure 19 id=19 sync offset=-172417ns
23:41:38 Measure 20 id=20 sync offset=-205333ns
23:41:38 Measure 21 id=21 sync offset=-225292ns
23:41:38 Measure 22 id=22 sync offset=-238479ns
23:41:38 Measure 23 id=23 sync offset=-249313ns
23:41:38 Measure 24 id=24 sync offset=-257375ns
23:41:38 Measure 25 id=25 sync offset=-260437ns
23:41:38 Measure 26 id=26 sync offset=-258604ns
23:41:38 Measure 27 id=27 sync offset=-271771ns
23:41:38 Measure 28 id=28 sync offset=-282042ns
23:41:38 Measure 29 id=29 sync offset=-294105ns
23:41:38 Measure 30 id=30 sync offset=-298708ns
23:41:38 Measure 31 id=31 sync offset=-302708ns
23:41:38 Measure 32 id=32 sync offset=-315625ns
23:41:38 Measure 33 id=33 sync offset=-321834ns
23:41:38 Measure 34 id=34 sync offset=-328438ns
23:41:38 Measure 35 id=35 sync offset=-343417ns
23:41:38 Measure 36 id=36 sync offset=-356063ns
23:41:38 Measure 37 id=37 sync offset=-368875ns
23:41:38 Measure 38 id=38 sync offset=-377313ns
23:41:38 Measure 39 id=39 sync offset=-382500ns
23:41:38 Measure 40 id=40 sync offset=-388938ns
23:41:38 Measure 41 id=41 sync offset=-394583ns
23:41:38 Measure 42 id=42 sync offset=-401146ns
23:41:38 Measure 43 id=43 sync offset=-407583ns
23:41:38 Measure 44 id=44 sync offset=-412812ns
23:41:38 Measure 45 id=45 sync offset=-417792ns
23:41:38 Measure 46 id=46 sync offset=-374094ns
23:41:38 Measure 47 id=47 sync offset=-391604ns
23:41:38 Measure 48 id=48 sync offset=-398136ns
23:41:38 Measure 49 id=49 sync offset=-407385ns
23:41:38 Measure 50 id=50 sync offset=-419375ns
23:41:38 Measure 1 id=1 sync offset=29709ns
23:41:38 Measure 2 id=2 sync offset=8875ns
23:41:38 Measure 3 id=3 sync offset=-8271ns
23:41:38 Measure 4 id=4 sync offset=-5271ns
23:41:38 Measure 5 id=5 sync offset=-16500ns
23:41:38 Measure 6 id=6 sync offset=-24958ns
23:41:38 Measure 7 id=7 sync offset=-26958ns
23:41:38 Measure 8 id=8 sync offset=-54001ns
23:41:38 Measure 9 id=9 sync offset=-73625ns
23:41:38 Measure 10 id=10 sync offset=-86146ns
23:41:38 Measure 11 id=11 sync offset=-93292ns
23:41:38 Measure 12 id=12 sync offset=-103563ns
23:41:38 Measure 13 id=13 sync offset=-109334ns
23:41:38 Measure 14 id=14 sync offset=-104605ns
23:41:38 Measure 15 id=15 sync offset=-110229ns
23:41:38 Measure 16 id=16 sync offset=-111813ns
23:41:38 Measure 17 id=17 sync offset=-143417ns
23:41:38 Measure 18 id=18 sync offset=-161958ns
23:41:38 Measure 19 id=19 sync offset=-172417ns
23:41:38 Measure 20 id=20 sync offset=-205333ns
23:41:38 Measure 21 id=21 sync offset=-225292ns
23:41:38 Measure 22 id=22 sync offset=-238479ns
23:41:38 Measure 23 id=23 sync offset=-249313ns
23:41:38 Measure 24 id=24 sync offset=-257375ns
23:41:38 Measure 25 id=25 sync offset=-260437ns
23:41:38 Measure 26 id=26 sync offset=-258604ns
23:41:38 Measure 27 id=27 sync offset=-271771ns
23:41:38 Measure 28 id=28 sync offset=-282042ns
23:41:38 Measure 29 id=29 sync offset=-294105ns
23:41:38 Measure 30 id=30 sync offset=-298708ns
23:41:38 Measure 31 id=31 sync offset=-302708ns
23:41:38 Measure 32 id=32 sync offset=-315625ns
23:41:38 Measure 33 id=33 sync offset=-321834ns
23:41:38 Measure 34 id=34 sync offset=-328438ns
23:41:38 Measure 35 id=35 sync offset=-343417ns
23:41:38 Measure 36 id=36 sync offset=-356063ns
23:41:38 Measure 37 id=37 sync offset=-368875ns
23:41:38 Measure 38 id=38 sync offset=-377313ns
23:41:38 Measure 39 id=39 sync offset=-382500ns
23:41:38 Measure 40 id=40 sync offset=-388938ns
23:41:38 Measure 41 id=41 sync offset=-394583ns
23:41:38 Measure 42 id=42 sync offset=-401146ns
23:41:38 Measure 43 id=43 sync offset=-407583ns
23:41:38 Measure 44 id=44 sync offset=-412812ns
23:41:38 Measure 45 id=45 sync offset=-417792ns
23:41:38 Measure 46 id=46 sync offset=-374094ns
23:41:38 Measure 47 id=47 sync offset=-391604ns
23:41:38 Measure 48 id=48 sync offset=-398136ns
23:41:38 Measure 49 id=49 sync offset=-407385ns
23:41:38 Measure 50 id=50 sync offset=-419375ns
23:41:39 Measure 1 id=1 sync offset=11770ns
23:41:39 Measure 2 id=2 sync offset=-334ns
23:41:39 Measure 3 id=3 sync offset=-8271ns
23:41:39 Measure 4 id=4 sync offset=-1885ns
23:41:39 Measure 5 id=5 sync offset=-2500ns
23:41:39 Measure 6 id=6 sync offset=-13791ns
23:41:39 Measure 7 id=7 sync offset=-16823ns
23:41:39 Measure 8 id=8 sync offset=-32896ns
23:41:39 Measure 9 id=9 sync offset=-57458ns
23:41:39 Measure 10 id=10 sync offset=-80500ns
23:41:39 Measure 11 id=11 sync offset=-88364ns
23:41:39 Measure 12 id=12 sync offset=-89042ns
23:41:39 Measure 13 id=13 sync offset=-94677ns
23:41:39 Measure 14 id=14 sync offset=-95125ns
23:41:39 Measure 15 id=15 sync offset=-102114ns
23:41:39 Measure 16 id=16 sync offset=-109917ns
23:41:39 Measure 17 id=17 sync offset=-129865ns
23:41:39 Measure 18 id=18 sync offset=-143021ns
23:41:39 Measure 19 id=19 sync offset=-150229ns
23:41:39 Measure 20 id=20 sync offset=-166458ns
23:41:39 Measure 21 id=21 sync offset=-174844ns
23:41:39 Measure 22 id=22 sync offset=-188157ns
23:41:39 Measure 23 id=23 sync offset=-192031ns
23:41:39 Measure 24 id=24 sync offset=-197896ns
23:41:39 Measure 25 id=25 sync offset=-194604ns
23:41:39 Measure 26 id=26 sync offset=-192969ns
23:41:39 Measure 27 id=27 sync offset=-200458ns
23:41:39 Measure 28 id=28 sync offset=-208771ns
23:41:39 Measure 29 id=29 sync offset=-217313ns
23:41:39 Measure 30 id=30 sync offset=-223875ns
23:41:39 Measure 31 id=31 sync offset=-223416ns
23:41:39 Measure 32 id=32 sync offset=-227604ns
23:41:39 Measure 33 id=33 sync offset=-233032ns
23:41:39 Measure 34 id=34 sync offset=-237802ns
23:41:39 Measure 35 id=35 sync offset=-262104ns
23:41:39 Measure 36 id=36 sync offset=-274917ns
23:41:39 Measure 37 id=37 sync offset=-287292ns
23:41:39 Measure 38 id=38 sync offset=-292813ns
23:41:39 Measure 39 id=39 sync offset=-297146ns
23:41:39 Measure 40 id=40 sync offset=-304000ns
23:41:39 Measure 41 id=41 sync offset=-308083ns
23:41:39 Measure 42 id=42 sync offset=-315542ns
23:41:39 Measure 43 id=43 sync offset=-321843ns
23:41:39 Measure 44 id=44 sync offset=-346114ns
23:41:39 Measure 45 id=45 sync offset=-354406ns
23:41:39 Measure 46 id=46 sync offset=-325167ns
23:41:39 Measure 47 id=47 sync offset=-354438ns
23:41:39 Measure 48 id=48 sync offset=-361834ns
23:41:39 Measure 49 id=49 sync offset=-374792ns
23:41:39 Measure 50 id=50 sync offset=-386980ns
23:41:39 Measure 1 id=1 sync offset=6364ns
23:41:39 Measure 2 id=2 sync offset=-39968ns
23:41:39 Measure 3 id=3 sync offset=-72198ns
23:41:39 Measure 4 id=4 sync offset=-85958ns
23:41:39 Measure 5 id=5 sync offset=-80844ns
23:41:39 Measure 6 id=6 sync offset=-24958ns
23:41:39 Measure 7 id=7 sync offset=-26958ns
23:41:39 Measure 8 id=8 sync offset=-54001ns
23:41:39 Measure 9 id=9 sync offset=-73625ns
23:41:39 Measure 10 id=10 sync offset=-86146ns
23:41:39 Measure 11 id=11 sync offset=-93292ns
23:41:39 Measure 12 id=12 sync offset=-103563ns
23:41:39 Measure 13 id=13 sync offset=-109334ns
23:41:39 Measure 14 id=14 sync offset=-104605ns
23:41:39 Measure 15 id=15 sync offset=-110229ns
23:41:39 Measure 16 id=16 sync offset=-111813ns
23:41:39 Measure 17 id=17 sync offset=-116313ns
23:41:39 Measure 18 id=18 sync offset=-124084ns
23:41:39 Measure 19 id=19 sync offset=-128042ns
23:41:39 Measure 20 id=20 sync offset=-123605ns
23:41:39 Measure 21 id=21 sync offset=-124396ns
23:41:39 Measure 22 id=22 sync offset=-129355ns
23:41:39 Measure 23 id=23 sync offset=-123459ns
23:41:39 Measure 24 id=24 sync offset=-125396ns
23:41:39 Measure 25 id=25 sync offset=-128771ns
23:41:39 Measure 26 id=26 sync offset=-127334ns
23:41:39 Measure 27 id=27 sync offset=-129146ns
23:41:39 Measure 28 id=28 sync offset=-135501ns
23:41:39 Measure 29 id=29 sync offset=-140521ns
23:41:39 Measure 30 id=30 sync offset=-149042ns
23:41:39 Measure 31 id=31 sync offset=-144125ns
23:41:39 Measure 32 id=32 sync offset=-139583ns
23:41:39 Measure 33 id=33 sync offset=-144230ns
23:41:39 Measure 34 id=34 sync offset=-147167ns
23:41:39 Measure 35 id=35 sync offset=-180792ns
23:41:39 Measure 36 id=36 sync offset=-193771ns
23:41:39 Measure 37 id=37 sync offset=-205709ns
23:41:39 Measure 38 id=38 sync offset=-208313ns
23:41:39 Measure 39 id=39 sync offset=-211792ns
23:41:39 Measure 40 id=40 sync offset=-219063ns
23:41:39 Measure 41 id=41 sync offset=-221583ns
23:41:39 Measure 42 id=42 sync offset=-229938ns
23:41:39 Measure 43 id=43 sync offset=-236104ns
23:41:39 Measure 44 id=44 sync offset=-279417ns
23:41:39 Measure 45 id=45 sync offset=-291021ns
23:41:39 Measure 46 id=46 sync offset=-208979ns
23:41:39 Measure 47 id=47 sync offset=-215886ns
23:41:39 Measure 48 id=48 sync offset=-213563ns
23:41:39 Measure 49 id=49 sync offset=-213062ns
23:41:39 Measure 50 id=50 sync offset=-203073ns
23:41:40 Measure 1 id=1 sync offset=6364ns
23:41:40 Measure 2 id=2 sync offset=-39968ns
23:41:40 Measure 3 id=3 sync offset=-72198ns
23:41:40 Measure 4 id=4 sync offset=-85958ns
23:41:40 Measure 5 id=5 sync offset=-80844ns
23:41:40 Measure 6 id=6 sync offset=-24958ns
23:41:40 Measure 7 id=7 sync offset=-26958ns
23:41:40 Measure 8 id=8 sync offset=-54001ns
23:41:40 Measure 9 id=9 sync offset=-73625ns
23:41:40 Measure 10 id=10 sync offset=-86146ns
23:41:40 Measure 11 id=11 sync offset=-93292ns
23:41:40 Measure 12 id=12 sync offset=-103563ns
23:41:40 Measure 13 id=13 sync offset=-109334ns
23:41:40 Measure 14 id=14 sync offset=-104605ns
23:41:40 Measure 15 id=15 sync offset=-110229ns
23:41:40 Measure 16 id=16 sync offset=-111813ns
23:41:40 Measure 17 id=17 sync offset=-116313ns
23:41:40 Measure 18 id=18 sync offset=-124084ns
23:41:40 Measure 19 id=19 sync offset=-128042ns
23:41:40 Measure 20 id=20 sync offset=-123605ns
23:41:40 Measure 21 id=21 sync offset=-124396ns
23:41:40 Measure 22 id=22 sync offset=-129355ns
23:41:40 Measure 23 id=23 sync offset=-123459ns
23:41:40 Measure 24 id=24 sync offset=-125396ns
23:41:40 Measure 25 id=25 sync offset=-128771ns
23:41:40 Measure 26 id=26 sync offset=-127334ns
23:41:40 Measure 27 id=27 sync offset=-129146ns
23:41:40 Measure 28 id=28 sync offset=-135501ns
23:41:40 Measure 29 id=29 sync offset=-140521ns
23:41:40 Measure 30 id=30 sync offset=-149042ns
23:41:40 Measure 31 id=31 sync offset=-144125ns
23:41:40 Measure 32 id=32 sync offset=-139583ns
23:41:40 Measure 33 id=33 sync offset=-144230ns
23:41:40 Measure 34 id=34 sync offset=-147167ns
23:41:40 Measure 35 id=35 sync offset=-180792ns
23:41:40 Measure 36 id=36 sync offset=-193771ns
23:41:40 Measure 37 id=37 sync offset=-205709ns
23:41:40 Measure 38 id=38 sync offset=-208313ns
23:41:40 Measure 39 id=39 sync offset=-211792ns
23:41:40 Measure 40 id=40 sync offset=-219063ns
23:41:40 Measure 41 id=41 sync offset=-221583ns
23:41:40 Measure 42 id=42 sync offset=-229938ns
23:41:40 Measure 43 id=43 sync offset=-236104ns
23:41:40 Measure 44 id=44 sync offset=-279417ns
23:41:40 Measure 45 id=45 sync offset=-291021ns
23:41:40 Measure 46 id=46 sync offset=-325167ns
23:41:40 Measure 47 id=47 sync offset=-354438ns
23:41:40 Measure 48 id=48 sync offset=-361834ns
23:41:40 Measure 49 id=49 sync offset=-374792ns
23:41:40 Measure 50 id=50 sync offset=-386980ns
23:41:40 Measure 1 id=1 sync offset=22124ns
23:41:40 Measure 2 id=2 sync offset=-61354ns
23:41:40 Measure 3 id=3 sync offset=-99417ns
23:41:40 Measure 4 id=4 sync offset=-141000ns
23:41:40 Measure 5 id=5 sync offset=-202917ns
23:41:40 Measure 6 id=6 sync offset=-249292ns
23:41:40 Measure 7 id=7 sync offset=-293125ns
23:41:40 Measure 8 id=8 sync offset=-338355ns
23:41:40 Measure 9 id=9 sync offset=-389833ns
23:41:40 Measure 10 id=10 sync offset=-507730ns
23:41:40 Measure 11 id=11 sync offset=-580334ns
23:41:40 Measure 12 id=12 sync offset=-633959ns
23:41:40 Measure 13 id=13 sync offset=-684688ns
23:41:40 Measure 14 id=14 sync offset=-732313ns
23:41:40 Measure 15 id=15 sync offset=-772917ns
23:41:40 Measure 16 id=16 sync offset=-807334ns
23:41:40 Measure 17 id=17 sync offset=-844729ns
23:41:40 Measure 18 id=18 sync offset=-881438ns
23:41:40 Measure 19 id=19 sync offset=-933917ns
23:41:40 Measure 20 id=20 sync offset=-958897ns
23:41:40 Measure 21 id=21 sync offset=-999125ns
23:41:40 Measure 22 id=22 sync offset=-1043729ns
23:41:40 Measure 23 id=23 sync offset=-1107042ns
23:41:40 Measure 24 id=24 sync offset=-1155625ns
23:41:40 Measure 25 id=25 sync offset=-1203979ns
23:41:40 Measure 26 id=26 sync offset=-1309260ns
23:41:40 Measure 27 id=27 sync offset=-1360469ns
23:41:40 Measure 28 id=28 sync offset=-1408937ns
23:41:40 Measure 29 id=29 sync offset=-1521438ns
23:41:40 Measure 30 id=30 sync offset=-1568147ns
23:41:40 Measure 31 id=31 sync offset=-1646323ns
23:41:40 Measure 32 id=32 sync offset=-1720802ns
23:41:40 Measure 33 id=33 sync offset=-1778396ns
23:41:40 Measure 34 id=34 sync offset=-1828260ns
23:41:40 Measure 35 id=35 sync offset=-1871896ns
23:41:40 Measure 36 id=36 sync offset=-1906375ns
23:41:40 Measure 37 id=37 sync offset=-1949365ns
23:41:40 Measure 38 id=38 sync offset=-1987469ns
23:41:40 Measure 39 id=39 sync offset=-2022489ns
23:41:40 Measure 40 id=40 sync offset=-2053427ns
23:41:40 Measure 41 id=41 sync offset=-2099458ns
23:41:40 Measure 42 id=42 sync offset=-2142073ns
23:41:40 Measure 43 id=43 sync offset=-2182208ns
23:41:40 Measure 44 id=44 sync offset=-2213906ns
23:41:40 Measure 45 id=45 sync offset=-2264167ns
23:41:40 Measure 46 id=46 sync offset=-2303791ns
23:41:40 Measure 47 id=47 sync offset=-2343395ns
23:41:40 Measure 48 id=48 sync offset=-2384916ns
23:41:40 Measure 49 id=49 sync offset=-2424906ns
23:41:40 Measure 50 id=50 sync offset=-2453875ns
23:41:41 Measure 1 id=1 sync offset=16947ns
23:41:41 Measure 2 id=2 sync offset=-61354ns
23:41:41 Measure 3 id=3 sync offset=-99417ns
23:41:41 Measure 4 id=4 sync offset=-141000ns
23:41:41 Measure 5 id=5 sync offset=-202917ns
23:41:41 Measure 6 id=6 sync offset=-249292ns
23:41:41 Measure 7 id=7 sync offset=-293125ns
23:41:41 Measure 8 id=8 sync offset=-338355ns
23:41:41 Measure 9 id=9 sync offset=-389833ns
23:41:41 Measure 10 id=10 sync offset=-507730ns
23:41:41 Measure 11 id=11 sync offset=-580334ns
23:41:41 Measure 12 id=12 sync offset=-633959ns
23:41:41 Measure 13 id=13 sync offset=-684688ns
23:41:41 Measure 14 id=14 sync offset=-732313ns
23:41:41 Measure 15 id=15 sync offset=-772917ns
23:41:41 Measure 16 id=16 sync offset=-807334ns
23:41:41 Measure 17 id=17 sync offset=-844729ns
23:41:41 Measure 18 id=18 sync offset=-881438ns
23:41:41 Measure 19 id=19 sync offset=-933917ns
23:41:41 Measure 20 id=20 sync offset=-958897ns
23:41:41 Measure 21 id=21 sync offset=-999125ns
23:41:41 Measure 22 id=22 sync offset=-1043729ns
23:41:41 Measure 23 id=23 sync offset=-1107042ns
23:41:41 Measure 24 id=24 sync offset=-1155625ns
23:41:41 Measure 25 id=25 sync offset=-1203979ns
23:41:41 Measure 26 id=26 sync offset=-1309260ns
23:41:41 Measure 27 id=27 sync offset=-1360469ns
23:41:41 Measure 28 id=28 sync offset=-1408937ns
23:41:41 Measure 29 id=29 sync offset=-1521438ns
23:41:41 Measure 30 id=30 sync offset=-1568147ns
23:41:41 Measure 31 id=31 sync offset=-1646323ns
23:41:41 Measure 32 id=32 sync offset=-1720802ns
23:41:41 Measure 33 id=33 sync offset=-1778396ns
23:41:41 Measure 34 id=34 sync offset=-1828260ns
23:41:41 Measure 35 id=35 sync offset=-1871896ns
23:41:41 Measure 36 id=36 sync offset=-1906375ns
23:41:41 Measure 37 id=37 sync offset=-1949365ns
23:41:41 Measure 38 id=38 sync offset=-1987469ns
23:41:41 Measure 39 id=39 sync offset=-2022489ns
23:41:41 Measure 40 id=40 sync offset=-2053427ns
23:41:41 Measure 41 id=41 sync offset=-2099458ns
23:41:41 Measure 42 id=42 sync offset=-2142073ns
23:41:41 Measure 43 id=43 sync offset=-2182208ns
23:41:41 Measure 44 id=44 sync offset=-2213906ns
23:41:41 Measure 45 id=45 sync offset=-2264167ns
23:41:41 Measure 46 id=46 sync offset=-2303791ns
23:41:41 Measure 47 id=47 sync offset=-2343395ns
23:41:41 Measure 48 id=48 sync offset=-2384916ns
23:41:41 Measure 49 id=49 sync offset=-2424906ns
23:41:41 Measure 50 id=50 sync offset=-2453875ns
23:41:41 Measure 1 id=1 sync offset=6364ns
23:41:41 Measure 2 id=2 sync offset=-66208ns
23:41:41 Measure 3 id=3 sync offset=-111229ns
23:41:41 Measure 4 id=4 sync offset=-161469ns
23:41:41 Measure 5 id=5 sync offset=-245698ns
23:41:41 Measure 6 id=6 sync offset=-302146ns
23:41:41 Measure 7 id=7 sync offset=-337646ns
23:41:41 Measure 8 id=8 sync offset=-384386ns
23:41:41 Measure 9 id=9 sync offset=-446250ns
23:41:41 Measure 10 id=10 sync offset=-520104ns
23:41:41 Measure 11 id=11 sync offset=-580802ns
23:41:41 Measure 12 id=12 sync offset=-645313ns
23:41:41 Measure 13 id=13 sync offset=-692667ns
23:41:41 Measure 14 id=14 sync offset=-733469ns
23:41:41 Measure 15 id=15 sync offset=-775771ns
23:41:41 Measure 16 id=16 sync offset=-815302ns
23:41:41 Measure 17 id=17 sync offset=-871885ns
23:41:41 Measure 18 id=18 sync offset=-905802ns
23:41:41 Measure 19 id=19 sync offset=-971886ns
23:41:41 Measure 20 id=20 sync offset=-1013282ns
23:41:41 Measure 21 id=21 sync offset=-1057219ns
23:41:41 Measure 22 id=22 sync offset=-1104291ns
23:41:41 Measure 23 id=23 sync offset=-1158021ns
23:41:41 Measure 24 id=24 sync offset=-1204833ns
23:41:41 Measure 25 id=25 sync offset=-1247719ns
23:41:41 Measure 26 id=26 sync offset=-1357063ns
23:41:41 Measure 27 id=27 sync offset=-1412292ns
23:41:41 Measure 28 id=28 sync offset=-1473250ns
23:41:41 Measure 29 id=29 sync offset=-1521438ns
23:41:41 Measure 30 id=30 sync offset=-1568147ns
23:41:41 Measure 31 id=31 sync offset=-1625959ns
23:41:41 Measure 32 id=32 sync offset=-1689146ns
23:41:41 Measure 33 id=33 sync offset=-1743636ns
23:41:41 Measure 34 id=34 sync offset=-1798604ns
23:41:41 Measure 35 id=35 sync offset=-1842646ns
23:41:41 Measure 36 id=36 sync offset=-1879469ns
23:41:41 Measure 37 id=37 sync offset=-1930459ns
23:41:41 Measure 38 id=38 sync offset=-1984240ns
23:41:41 Measure 39 id=39 sync offset=-2031615ns
23:41:41 Measure 40 id=40 sync offset=-2081344ns
23:41:41 Measure 41 id=41 sync offset=-2138865ns
23:41:41 Measure 42 id=42 sync offset=-2186489ns
23:41:41 Measure 43 id=43 sync offset=-2222833ns
23:41:41 Measure 44 id=44 sync offset=-2261698ns
23:41:41 Measure 45 id=45 sync offset=-2305761ns
23:41:41 Measure 46 id=46 sync offset=-2340520ns
23:41:41 Measure 47 id=47 sync offset=-2378333ns
23:41:41 Measure 48 id=48 sync offset=-2416989ns
23:41:41 Measure 49 id=49 sync offset=-2455969ns
23:41:41 Measure 50 id=50 sync offset=-2493542ns
23:41:42 Measure 1 id=1 sync offset=11770ns
23:41:42 Measure 2 id=2 sync offset=-61354ns
23:41:42 Measure 3 id=3 sync offset=-99417ns
23:41:42 Measure 4 id=4 sync offset=-141000ns
23:41:42 Measure 5 id=5 sync offset=-202917ns
23:41:42 Measure 6 id=6 sync offset=-249292ns
23:41:42 Measure 7 id=7 sync offset=-293125ns
23:41:42 Measure 8 id=8 sync offset=-338355ns
23:41:42 Measure 9 id=9 sync offset=-389833ns
23:41:42 Measure 10 id=10 sync offset=-507730ns
23:41:42 Measure 11 id=11 sync offset=-580334ns
23:41:42 Measure 12 id=12 sync offset=-633959ns
23:41:42 Measure 13 id=13 sync offset=-684688ns
23:41:42 Measure 14 id=14 sync offset=-732313ns
23:41:42 Measure 15 id=15 sync offset=-778625ns
23:41:42 Measure 16 id=16 sync offset=-823271ns
23:41:42 Measure 17 id=17 sync offset=-899042ns
23:41:42 Measure 18 id=18 sync offset=-930167ns
23:41:42 Measure 19 id=19 sync offset=-1009855ns
23:41:42 Measure 20 id=20 sync offset=-1067667ns
23:41:42 Measure 21 id=21 sync offset=-1115313ns
23:41:42 Measure 22 id=22 sync offset=-1164854ns
23:41:42 Measure 23 id=23 sync offset=-1209000ns
23:41:42 Measure 24 id=24 sync offset=-1254042ns
23:41:42 Measure 25 id=25 sync offset=-1291459ns
23:41:42 Measure 26 id=26 sync offset=-1362240ns
23:41:42 Measure 27 id=27 sync offset=-1418073ns
23:41:42 Measure 28 id=28 sync offset=-1479344ns
23:41:42 Measure 29 id=29 sync offset=-1529177ns
23:41:42 Measure 30 id=30 sync offset=-1591261ns
23:41:42 Measure 31 id=31 sync offset=-1639751ns
23:41:42 Measure 32 id=32 sync offset=-1697022ns
23:41:42 Measure 33 id=33 sync offset=-1747417ns
23:41:42 Measure 34 id=34 sync offset=-1800834ns
23:41:42 Measure 35 id=35 sync offset=-1843980ns
23:41:42 Measure 36 id=36 sync offset=-1881146ns
23:41:42 Measure 37 id=37 sync offset=-1934021ns
23:41:42 Measure 38 id=38 sync offset=-1996646ns
23:41:42 Measure 39 id=39 sync offset=-2047198ns
23:41:42 Measure 40 id=40 sync offset=-2106355ns
23:41:42 Measure 41 id=41 sync offset=-2163448ns
23:41:42 Measure 42 id=42 sync offset=-2208125ns
23:41:42 Measure 43 id=43 sync offset=-2249354ns
23:41:42 Measure 44 id=44 sync offset=-2296365ns
23:41:42 Measure 45 id=45 sync offset=-2312146ns
23:41:42 Measure 46 id=46 sync offset=-2351510ns
23:41:42 Measure 47 id=47 sync offset=-2393323ns
23:41:42 Measure 48 id=48 sync offset=-2441396ns
23:41:42 Measure 49 id=49 sync offset=-2486198ns
23:41:42 Measure 50 id=50 sync offset=-2529719ns
23:41:42 Measure 1 id=1 sync offset=12499ns
23:41:42 Measure 2 id=2 sync offset=-66208ns
23:41:42 Measure 3 id=3 sync offset=-110021ns
23:41:42 Measure 4 id=4 sync offset=-156302ns
23:41:42 Measure 5 id=5 sync offset=-217240ns
23:41:42 Measure 6 id=6 sync offset=-269708ns
23:41:42 Measure 7 id=7 sync offset=-319302ns
23:41:42 Measure 8 id=8 sync offset=-370292ns
23:41:42 Measure 9 id=9 sync offset=-442114ns
23:41:42 Measure 10 id=10 sync offset=-550740ns
23:41:42 Measure 11 id=11 sync offset=-616750ns
23:41:42 Measure 12 id=12 sync offset=-665917ns
23:41:42 Measure 13 id=13 sync offset=-714250ns
23:41:42 Measure 14 id=14 sync offset=-762646ns
23:41:42 Measure 15 id=15 sync offset=-809813ns
23:41:42 Measure 16 id=16 sync offset=-855906ns
23:41:42 Measure 17 id=17 sync offset=-899792ns
23:41:42 Measure 18 id=18 sync offset=-949229ns
23:41:42 Measure 19 id=19 sync offset=-1016188ns
23:41:42 Measure 20 id=20 sync offset=-1068708ns
23:41:42 Measure 21 id=21 sync offset=-1126052ns
23:41:42 Measure 22 id=22 sync offset=-1167417ns
23:41:42 Measure 23 id=23 sync offset=-1217969ns
23:41:42 Measure 24 id=24 sync offset=-1267333ns
23:41:42 Measure 25 id=25 sync offset=-1293177ns
23:41:42 Measure 26 id=26 sync offset=-1367417ns
23:41:42 Measure 27 id=27 sync offset=-1423854ns
23:41:42 Measure 28 id=28 sync offset=-1485438ns
23:41:42 Measure 29 id=29 sync offset=-1536917ns
23:41:42 Measure 30 id=30 sync offset=-1614375ns
23:41:42 Measure 31 id=31 sync offset=-1660115ns
23:41:42 Measure 32 id=32 sync offset=-1728677ns
23:41:42 Measure 33 id=33 sync offset=-1783219ns
23:41:42 Measure 34 id=34 sync offset=-1830490ns
23:41:42 Measure 35 id=35 sync offset=-1871896ns
23:41:42 Measure 36 id=36 sync offset=-1908052ns
23:41:42 Measure 37 id=37 sync offset=-1952927ns
23:41:42 Measure 38 id=38 sync offset=-2002750ns
23:41:42 Measure 39 id=39 sync offset=-2050167ns
23:41:42 Measure 40 id=40 sync offset=-2113584ns
23:41:42 Measure 41 id=41 sync offset=-2169980ns
23:41:42 Measure 42 id=42 sync offset=-2217938ns
23:41:42 Measure 43 id=43 sync offset=-2275354ns
23:41:42 Measure 44 id=44 sync offset=-2325105ns
23:41:42 Measure 45 id=45 sync offset=-2313229ns
23:41:42 Measure 46 id=46 sync offset=-2358563ns
23:41:42 Measure 47 id=47 sync offset=-2399667ns
23:41:42 Measure 48 id=48 sync offset=-2454272ns
23:41:42 Measure 49 id=49 sync offset=-2501855ns
23:41:42 Measure 50 id=50 sync offset=-2546792ns
23:41:43 Measure 1 id=1 sync offset=12499ns
23:41:43 Measure 2 id=2 sync offset=-66208ns
23:41:43 Measure 3 id=3 sync offset=-110021ns
23:41:43 Measure 4 id=4 sync offset=-156302ns
23:41:43 Measure 5 id=5 sync offset=-217240ns
23:41:43 Measure 6 id=6 sync offset=-269708ns
23:41:43 Measure 7 id=7 sync offset=-319302ns
23:41:43 Measure 8 id=8 sync offset=-370292ns
23:41:43 Measure 9 id=9 sync offset=-442114ns
23:41:43 Measure 10 id=10 sync offset=-550740ns
23:41:43 Measure 11 id=11 sync offset=-616750ns
23:41:43 Measure 12 id=12 sync offset=-665917ns
23:41:43 Measure 13 id=13 sync offset=-714250ns
23:41:43 Measure 14 id=14 sync offset=-762646ns
23:41:43 Measure 15 id=15 sync offset=-809813ns
23:41:43 Measure 16 id=16 sync offset=-855906ns
23:41:43 Measure 17 id=17 sync offset=-899792ns
23:41:43 Measure 18 id=18 sync offset=-949229ns
23:41:43 Measure 19 id=19 sync offset=-1016188ns
23:41:43 Measure 20 id=20 sync offset=-1068708ns
23:41:43 Measure 21 id=21 sync offset=-1126052ns
23:41:43 Measure 22 id=22 sync offset=-1167417ns
23:41:43 Measure 23 id=23 sync offset=-1217969ns
23:41:43 Measure 24 id=24 sync offset=-1267333ns
23:41:43 Measure 25 id=25 sync offset=-1293177ns
23:41:43 Measure 26 id=26 sync offset=-1367417ns
23:41:43 Measure 27 id=27 sync offset=-1423854ns
23:41:43 Measure 28 id=28 sync offset=-1485438ns
23:41:43 Measure 29 id=29 sync offset=-1536917ns
23:41:43 Measure 30 id=30 sync offset=-1614375ns
23:41:43 Measure 31 id=31 sync offset=-1660115ns
23:41:43 Measure 32 id=32 sync offset=-1728677ns
23:41:43 Measure 33 id=33 sync offset=-1783219ns
23:41:43 Measure 34 id=34 sync offset=-1830490ns
23:41:43 Measure 35 id=35 sync offset=-1871896ns
23:41:43 Measure 36 id=36 sync offset=-1908052ns
23:41:43 Measure 37 id=37 sync offset=-1952927ns
23:41:43 Measure 38 id=38 sync offset=-2002750ns
23:41:43 Measure 39 id=39 sync offset=-2050167ns
23:41:43 Measure 40 id=40 sync offset=-2113584ns
23:41:43 Measure 41 id=41 sync offset=-2169980ns
23:41:43 Measure 42 id=42 sync offset=-2217938ns
23:41:43 Measure 43 id=43 sync offset=-2275354ns
23:41:43 Measure 44 id=44 sync offset=-2325105ns
23:41:43 Measure 45 id=45 sync offset=-2313229ns
23:41:43 Measure 46 id=46 sync offset=-2358563ns
23:41:43 Measure 47 id=47 sync offset=-2399667ns
23:41:43 Measure 48 id=48 sync offset=-2454272ns
23:41:43 Measure 49 id=49 sync offset=-2501855ns
23:41:43 Measure 50 id=50 sync offset=-2546792ns
23:41:43 Measure 1 id=1 sync offset=12499ns
23:41:43 Measure 2 id=2 sync offset=-66208ns
23:41:43 Measure 3 id=3 sync offset=-110021ns
23:41:43 Measure 4 id=4 sync offset=-156302ns
23:41:43 Measure 5 id=5 sync offset=-217240ns
23:41:43 Measure 6 id=6 sync offset=-269708ns
23:41:43 Measure 7 id=7 sync offset=-319302ns
23:41:43 Measure 8 id=8 sync offset=-370292ns
23:41:43 Measure 9 id=9 sync offset=-442114ns
23:41:43 Measure 10 id=10 sync offset=-550740ns
23:41:43 Measure 11 id=11 sync offset=-616750ns
23:41:43 Measure 12 id=12 sync offset=-665917ns
23:41:43 Measure 13 id=13 sync offset=-714250ns
23:41:43 Measure 14 id=14 sync offset=-762646ns
23:41:43 Measure 15 id=15 sync offset=-809813ns
23:41:43 Measure 16 id=16 sync offset=-855906ns
23:41:43 Measure 17 id=17 sync offset=-899792ns
23:41:43 Measure 18 id=18 sync offset=-949229ns
23:41:43 Measure 19 id=19 sync offset=-1016188ns
23:41:43 Measure 20 id=20 sync offset=-1068708ns
23:41:43 Measure 21 id=21 sync offset=-1126052ns
23:41:43 Measure 22 id=22 sync offset=-1167417ns
23:41:43 Measure 23 id=23 sync offset=-1217969ns
23:41:43 Measure 24 id=24 sync offset=-1267333ns
23:41:43 Measure 25 id=25 sync offset=-1294896ns
23:41:43 Measure 26 id=26 sync offset=-1436479ns
23:41:43 Measure 27 id=27 sync offset=-1477177ns
23:41:43 Measure 28 id=28 sync offset=-1520802ns
23:41:43 Measure 29 id=29 sync offset=-1558469ns
23:41:43 Measure 30 id=30 sync offset=-1609073ns
23:41:43 Measure 31 id=31 sync offset=-1639751ns
23:41:43 Measure 32 id=32 sync offset=-1697022ns
23:41:43 Measure 33 id=33 sync offset=-1747417ns
23:41:43 Measure 34 id=34 sync offset=-1800834ns
23:41:43 Measure 35 id=35 sync offset=-1843980ns
23:41:43 Measure 36 id=36 sync offset=-1881146ns
23:41:43 Measure 37 id=37 sync offset=-1934021ns
23:41:43 Measure 38 id=38 sync offset=-1996646ns
23:41:43 Measure 39 id=39 sync offset=-2047198ns
23:41:43 Measure 40 id=40 sync offset=-2106355ns
23:41:43 Measure 41 id=41 sync offset=-2163448ns
23:41:43 Measure 42 id=42 sync offset=-2208125ns
23:41:43 Measure 43 id=43 sync offset=-2249354ns
23:41:43 Measure 44 id=44 sync offset=-2296365ns
23:41:43 Measure 45 id=45 sync offset=-2312146ns
23:41:43 Measure 46 id=46 sync offset=-2351510ns
23:41:43 Measure 47 id=47 sync offset=-2393323ns
23:41:43 Measure 48 id=48 sync offset=-2441396ns
23:41:43 Measure 49 id=49 sync offset=-2486198ns
23:41:43 Measure 50 id=50 sync offset=-2529719ns
23:41:44 Measure 1 id=1 sync offset=12499ns
23:41:44 Measure 2 id=2 sync offset=-66208ns
23:41:44 Measure 3 id=3 sync offset=-110021ns
23:41:44 Measure 4 id=4 sync offset=-156302ns
23:41:44 Measure 5 id=5 sync offset=-217240ns
23:41:44 Measure 6 id=6 sync offset=-269708ns
23:41:44 Measure 7 id=7 sync offset=-319302ns
23:41:44 Measure 8 id=8 sync offset=-370292ns
23:41:44 Measure 9 id=9 sync offset=-442114ns
23:41:44 Measure 10 id=10 sync offset=-550740ns
23:41:44 Measure 11 id=11 sync offset=-616750ns
23:41:44 Measure 12 id=12 sync offset=-665917ns
23:41:44 Measure 13 id=13 sync offset=-714250ns
23:41:44 Measure 14 id=14 sync offset=-762646ns
23:41:44 Measure 15 id=15 sync offset=-809813ns
23:41:44 Measure 16 id=16 sync offset=-855906ns
23:41:44 Measure 17 id=17 sync offset=-899792ns
23:41:44 Measure 18 id=18 sync offset=-949229ns
23:41:44 Measure 19 id=19 sync offset=-1016188ns
23:41:44 Measure 20 id=20 sync offset=-1068708ns
23:41:44 Measure 21 id=21 sync offset=-1126052ns
23:41:44 Measure 22 id=22 sync offset=-1167417ns
23:41:44 Measure 23 id=23 sync offset=-1217969ns
23:41:44 Measure 24 id=24 sync offset=-1267333ns
23:41:44 Measure 25 id=25 sync offset=-1294896ns
23:41:44 Measure 26 id=26 sync offset=-1367417ns
23:41:44 Measure 27 id=27 sync offset=-1423854ns
23:41:44 Measure 28 id=28 sync offset=-1485438ns
23:41:44 Measure 29 id=29 sync offset=-1536917ns
23:41:44 Measure 30 id=30 sync offset=-1603771ns
23:41:44 Measure 31 id=31 sync offset=-1633084ns
23:41:44 Measure 32 id=32 sync offset=-1689146ns
23:41:44 Measure 33 id=33 sync offset=-1743636ns
23:41:44 Measure 34 id=34 sync offset=-1798604ns
23:41:44 Measure 35 id=35 sync offset=-1842646ns
23:41:44 Measure 36 id=36 sync offset=-1879469ns
23:41:44 Measure 37 id=37 sync offset=-1930459ns
23:41:44 Measure 38 id=38 sync offset=-1984240ns
23:41:44 Measure 39 id=39 sync offset=-2050167ns
23:41:44 Measure 40 id=40 sync offset=-2099126ns
23:41:44 Measure 41 id=41 sync offset=-2169980ns
23:41:44 Measure 42 id=42 sync offset=-2217938ns
23:41:44 Measure 43 id=43 sync offset=-2275354ns
23:41:44 Measure 44 id=44 sync offset=-2325105ns
23:41:44 Measure 45 id=45 sync offset=-2313229ns
23:41:44 Measure 46 id=46 sync offset=-2358563ns
23:41:44 Measure 47 id=47 sync offset=-2399667ns
23:41:44 Measure 48 id=48 sync offset=-2454272ns
23:41:44 Measure 49 id=49 sync offset=-2501855ns
23:41:44 Measure 50 id=50 sync offset=-2546792ns
23:41:45 Measure 1 id=1 sync offset=12499ns
23:41:45 Measure 2 id=2 sync offset=-66208ns
23:41:45 Measure 3 id=3 sync offset=-110021ns
23:41:45 Measure 4 id=4 sync offset=-156302ns
23:41:45 Measure 5 id=5 sync offset=-217240ns
23:41:45 Measure 6 id=6 sync offset=-269708ns
23:41:45 Measure 7 id=7 sync offset=-319302ns
23:41:45 Measure 8 id=8 sync offset=-370292ns
23:41:45 Measure 9 id=9 sync offset=-442114ns
23:41:45 Measure 10 id=10 sync offset=-550740ns
23:41:45 Measure 11 id=11 sync offset=-616750ns
23:41:45 Measure 12 id=12 sync offset=-665917ns
23:41:45 Measure 13 id=13 sync offset=-714250ns
23:41:45 Measure 14 id=14 sync offset=-762646ns
23:41:45 Measure 15 id=15 sync offset=-809813ns
23:41:45 Measure 16 id=16 sync offset=-855906ns
23:41:45 Measure 17 id=17 sync offset=-899792ns
23:41:45 Measure 18 id=18 sync offset=-949229ns
23:41:45 Measure 19 id=19 sync offset=-1016188ns
23:41:45 Measure 20 id=20 sync offset=-1068708ns
23:41:45 Measure 21 id=21 sync offset=-1126052ns
23:41:45 Measure 22 id=22 sync offset=-1167417ns
23:41:45 Measure 23 id=23 sync offset=-1217969ns
23:41:45 Measure 24 id=24 sync offset=-1267333ns
23:41:45 Measure 25 id=25 sync offset=-1294896ns
23:41:45 Measure 26 id=26 sync offset=-1367417ns
23:41:45 Measure 27 id=27 sync offset=-1423854ns
23:41:45 Measure 28 id=28 sync offset=-1485438ns
23:41:45 Measure 29 id=29 sync offset=-1558469ns
23:41:45 Measure 30 id=30 sync offset=-1609073ns
23:41:45 Measure 31 id=31 sync offset=-1639751ns
23:41:45 Measure 32 id=32 sync offset=-1697022ns
23:41:45 Measure 33 id=33 sync offset=-1747417ns
23:41:45 Measure 34 id=34 sync offset=-1800834ns
23:41:45 Measure 35 id=35 sync offset=-1843980ns
23:41:45 Measure 36 id=36 sync offset=-1881146ns
23:41:45 Measure 37 id=37 sync offset=-1934021ns
23:41:45 Measure 38 id=38 sync offset=-1996646ns
23:41:45 Measure 39 id=39 sync offset=-2061135ns
23:41:45 Measure 40 id=40 sync offset=-2121011ns
23:41:45 Measure 41 id=41 sync offset=-2185156ns
23:41:45 Measure 42 id=42 sync offset=-2234594ns
23:41:45 Measure 43 id=43 sync offset=-2280739ns
23:41:45 Measure 44 id=44 sync offset=-2325344ns
23:41:45 Measure 45 id=45 sync offset=-2355312ns
23:41:45 Measure 46 id=46 sync offset=-2405750ns
23:41:45 Measure 47 id=47 sync offset=-2446125ns
23:41:45 Measure 48 id=48 sync offset=-2489875ns
23:41:45 Measure 49 id=49 sync offset=-2530177ns
23:41:45 Measure 50 id=50 sync offset=-2568500ns
23:41:45 Measure 1 id=1 sync offset=12499ns
23:41:45 Measure 2 id=2 sync offset=-66208ns
23:41:45 Measure 3 id=3 sync offset=-110021ns
23:41:45 Measure 4 id=4 sync offset=-156302ns
23:41:45 Measure 5 id=5 sync offset=-217240ns
23:41:45 Measure 6 id=6 sync offset=-269708ns
23:41:45 Measure 7 id=7 sync offset=-319302ns
23:41:45 Measure 8 id=8 sync offset=-370292ns
23:41:45 Measure 9 id=9 sync offset=-442114ns
23:41:45 Measure 10 id=10 sync offset=-550740ns
23:41:45 Measure 11 id=11 sync offset=-616750ns
23:41:45 Measure 12 id=12 sync offset=-665917ns
23:41:45 Measure 13 id=13 sync offset=-714250ns
23:41:45 Measure 14 id=14 sync offset=-762646ns
23:41:45 Measure 15 id=15 sync offset=-809813ns
23:41:45 Measure 16 id=16 sync offset=-855906ns
23:41:45 Measure 17 id=17 sync offset=-899792ns
23:41:45 Measure 18 id=18 sync offset=-949229ns
23:41:45 Measure 19 id=19 sync offset=-1016188ns
23:41:45 Measure 20 id=20 sync offset=-1068708ns
23:41:45 Measure 21 id=21 sync offset=-1126052ns
23:41:45 Measure 22 id=22 sync offset=-1167417ns
23:41:45 Measure 23 id=23 sync offset=-1217969ns
23:41:45 Measure 24 id=24 sync offset=-1267333ns
23:41:45 Measure 25 id=25 sync offset=-1294896ns
23:41:45 Measure 26 id=26 sync offset=-1367417ns
23:41:45 Measure 27 id=27 sync offset=-1423854ns
23:41:45 Measure 28 id=28 sync offset=-1485438ns
23:41:45 Measure 29 id=29 sync offset=-1558469ns
23:41:45 Measure 30 id=30 sync offset=-1609073ns
23:41:45 Measure 31 id=31 sync offset=-1639751ns
23:41:45 Measure 32 id=32 sync offset=-1697022ns
23:41:45 Measure 33 id=33 sync offset=-1747417ns
23:41:45 Measure 34 id=34 sync offset=-1800834ns
23:41:45 Measure 35 id=35 sync offset=-1843980ns
23:41:45 Measure 36 id=36 sync offset=-1881146ns
23:41:45 Measure 37 id=37 sync offset=-1934021ns
23:41:45 Measure 38 id=38 sync offset=-1996646ns
23:41:45 Measure 39 id=39 sync offset=-2061135ns
23:41:45 Measure 40 id=40 sync offset=-2121011ns
23:41:45 Measure 41 id=41 sync offset=-2185156ns
23:41:45 Measure 42 id=42 sync offset=-2234594ns
23:41:45 Measure 43 id=43 sync offset=-2280739ns
23:41:45 Measure 44 id=44 sync offset=-2325344ns
23:41:45 Measure 45 id=45 sync offset=-2355312ns
23:41:45 Measure 46 id=46 sync offset=-2405750ns
23:41:45 Measure 47 id=47 sync offset=-2446125ns
23:41:45 Measure 48 id=48 sync offset=-2489875ns
23:41:45 Measure 49 id=49 sync offset=-2530177ns
23:41:45 Measure 50 id=50 sync offset=-2568500ns
23:41:46 Measure 1 id=1 sync offset=13229ns
23:41:46 Measure 2 id=2 sync offset=-71063ns
23:41:46 Measure 3 id=3 sync offset=-120625ns
23:41:46 Measure 4 id=4 sync offset=-171604ns
23:41:46 Measure 5 id=5 sync offset=-231563ns
23:41:46 Measure 6 id=6 sync offset=-290125ns
23:41:46 Measure 7 id=7 sync offset=-345480ns
23:41:46 Measure 8 id=8 sync offset=-402229ns
23:41:46 Measure 9 id=9 sync offset=-484500ns
23:41:46 Measure 10 id=10 sync offset=-539042ns
23:41:46 Measure 11 id=11 sync offset=-596313ns
23:41:46 Measure 12 id=12 sync offset=-642688ns
23:41:46 Measure 13 id=13 sync offset=-720229ns
23:41:46 Measure 14 id=14 sync offset=-784500ns
23:41:46 Measure 15 id=15 sync offset=-835459ns
23:41:46 Measure 16 id=16 sync offset=-885083ns
23:41:46 Measure 17 id=17 sync offset=-900542ns
23:41:46 Measure 18 id=18 sync offset=-968292ns
23:41:46 Measure 19 id=19 sync offset=-1022522ns
23:41:46 Measure 20 id=20 sync offset=-1069750ns
23:41:46 Measure 21 id=21 sync offset=-1136792ns
23:41:46 Measure 22 id=22 sync offset=-1169980ns
23:41:46 Measure 23 id=23 sync offset=-1226938ns
23:41:46 Measure 24 id=24 sync offset=-1280625ns
23:41:46 Measure 25 id=25 sync offset=-1311302ns
23:41:46 Measure 26 id=26 sync offset=-1373354ns
23:41:46 Measure 27 id=27 sync offset=-1424708ns
23:41:46 Measure 28 id=28 sync offset=-1481469ns
23:41:46 Measure 29 id=29 sync offset=-1536917ns
23:41:46 Measure 30 id=30 sync offset=-1603771ns
23:41:46 Measure 31 id=31 sync offset=-1633084ns
23:41:46 Measure 32 id=32 sync offset=-1689376ns
23:41:46 Measure 33 id=33 sync offset=-1743636ns
23:41:46 Measure 34 id=34 sync offset=-1798604ns
23:41:46 Measure 35 id=35 sync offset=-1842646ns
23:41:46 Measure 36 id=36 sync offset=-1879469ns
23:41:46 Measure 37 id=37 sync offset=-1930459ns
23:41:46 Measure 38 id=38 sync offset=-1984240ns
23:41:46 Measure 39 id=39 sync offset=-2050167ns
23:41:46 Measure 40 id=40 sync offset=-2099126ns
23:41:46 Measure 41 id=41 sync offset=-2169980ns
23:41:46 Measure 42 id=42 sync offset=-2244875ns
23:41:46 Measure 43 id=43 sync offset=-2286125ns
23:41:46 Measure 44 id=44 sync offset=-2325584ns
23:41:46 Measure 45 id=45 sync offset=-2397396ns
23:41:46 Measure 46 id=46 sync offset=-2452938ns
23:41:46 Measure 47 id=47 sync offset=-2492583ns
23:41:46 Measure 48 id=48 sync offset=-2525479ns
23:41:46 Measure 49 id=49 sync offset=-2558500ns
23:41:46 Measure 50 id=50 sync offset=-2590208ns
23:41:46 Measure 1 id=1 sync offset=12499ns
23:41:46 Measure 2 id=2 sync offset=-75761ns
23:41:46 Measure 3 id=3 sync offset=-110021ns
23:41:46 Measure 4 id=4 sync offset=-156302ns
23:41:46 Measure 5 id=5 sync offset=-233917ns
23:41:46 Measure 6 id=6 sync offset=-306844ns
23:41:46 Measure 7 id=7 sync offset=-370229ns
23:41:46 Measure 8 id=8 sync offset=-420739ns
23:41:46 Measure 9 id=9 sync offset=-489448ns
23:41:46 Measure 10 id=10 sync offset=-554677ns
23:41:46 Measure 11 id=11 sync offset=-604438ns
23:41:46 Measure 12 id=12 sync offset=-648563ns
23:41:46 Measure 13 id=13 sync offset=-709864ns
23:41:46 Measure 14 id=14 sync offset=-762771ns
23:41:46 Measure 15 id=15 sync offset=-820188ns
23:41:46 Measure 16 id=16 sync offset=-872333ns
23:41:46 Measure 17 id=17 sync offset=-916917ns
23:41:46 Measure 18 id=18 sync offset=-974073ns
23:41:46 Measure 19 id=19 sync offset=-1025480ns
23:41:46 Measure 20 id=20 sync offset=-1076552ns
23:41:46 Measure 21 id=21 sync offset=-1138698ns
23:41:46 Measure 22 id=22 sync offset=-1182094ns
23:41:46 Measure 23 id=23 sync offset=-1234511ns
23:41:46 Measure 24 id=24 sync offset=-1283406ns
23:41:46 Measure 25 id=25 sync offset=-1327709ns
23:41:46 Measure 26 id=26 sync offset=-1379292ns
23:41:46 Measure 27 id=27 sync offset=-1425563ns
23:41:46 Measure 28 id=28 sync offset=-1485438ns
23:41:46 Measure 29 id=29 sync offset=-1558469ns
23:41:46 Measure 30 id=30 sync offset=-1609073ns
23:41:46 Measure 31 id=31 sync offset=-1639751ns
23:41:46 Measure 32 id=32 sync offset=-1697022ns
23:41:46 Measure 33 id=33 sync offset=-1747417ns
23:41:46 Measure 34 id=34 sync offset=-1800834ns
23:41:46 Measure 35 id=35 sync offset=-1843980ns
23:41:46 Measure 36 id=36 sync offset=-1881146ns
23:41:46 Measure 37 id=37 sync offset=-1934021ns
23:41:46 Measure 38 id=38 sync offset=-1996646ns
23:41:46 Measure 39 id=39 sync offset=-2061135ns
23:41:46 Measure 40 id=40 sync offset=-2121011ns
23:41:46 Measure 41 id=41 sync offset=-2185156ns
23:41:46 Measure 42 id=42 sync offset=-2248062ns
23:41:46 Measure 43 id=43 sync offset=-2297458ns
23:41:46 Measure 44 id=44 sync offset=-2345344ns
23:41:46 Measure 45 id=45 sync offset=-2407490ns
23:41:46 Measure 46 id=46 sync offset=-2456469ns
23:41:46 Measure 47 id=47 sync offset=-2500541ns
23:41:46 Measure 48 id=48 sync offset=-2535416ns
23:41:46 Measure 49 id=49 sync offset=-2569083ns
23:41:46 Measure 50 id=50 sync offset=-2606354ns
23:41:47 Measure 1 id=1 sync offset=13229ns
23:41:47 Measure 2 id=2 sync offset=-80459ns
23:41:47 Measure 3 id=3 sync offset=-120625ns
23:41:47 Measure 4 id=4 sync offset=-171604ns
23:41:47 Measure 5 id=5 sync offset=-236271ns
23:41:47 Measure 6 id=6 sync offset=-323563ns
23:41:47 Measure 7 id=7 sync offset=-394979ns
23:41:47 Measure 8 id=8 sync offset=-439250ns
23:41:47 Measure 9 id=9 sync offset=-494396ns
23:41:47 Measure 10 id=10 sync offset=-570313ns
23:41:47 Measure 11 id=11 sync offset=-612563ns
23:41:47 Measure 12 id=12 sync offset=-654438ns
23:41:47 Measure 13 id=13 sync offset=-720229ns
23:41:47 Measure 14 id=14 sync offset=-784500ns
23:41:47 Measure 15 id=15 sync offset=-835459ns
23:41:47 Measure 16 id=16 sync offset=-885083ns
23:41:47 Measure 17 id=17 sync offset=-933292ns
23:41:47 Measure 18 id=18 sync offset=-979854ns
23:41:47 Measure 19 id=19 sync offset=-1028438ns
23:41:47 Measure 20 id=20 sync offset=-1110709ns
23:41:47 Measure 21 id=21 sync offset=-1175354ns
23:41:47 Measure 22 id=22 sync offset=-1235229ns
23:41:47 Measure 23 id=23 sync offset=-1333167ns
23:41:47 Measure 24 id=24 sync offset=-1385813ns
23:41:47 Measure 25 id=25 sync offset=-1420688ns
23:41:47 Measure 26 id=26 sync offset=-1476813ns
23:41:47 Measure 27 id=27 sync offset=-1511750ns
23:41:47 Measure 28 id=28 sync offset=-1556146ns
23:41:47 Measure 29 id=29 sync offset=-1599906ns
23:41:47 Measure 30 id=30 sync offset=-1642229ns
23:41:47 Measure 31 id=31 sync offset=-1684251ns
23:41:47 Measure 32 id=32 sync offset=-1781646ns
23:41:47 Measure 33 id=33 sync offset=-1820084ns
23:41:47 Measure 34 id=34 sync offset=-1870833ns
23:41:47 Measure 35 id=35 sync offset=-1921563ns
23:41:47 Measure 36 id=36 sync offset=-1961938ns
23:41:47 Measure 37 id=37 sync offset=-2016167ns
23:41:47 Measure 38 id=38 sync offset=-2044917ns
23:41:47 Measure 39 id=39 sync offset=-2072104ns
23:41:47 Measure 40 id=40 sync offset=-2142896ns
23:41:47 Measure 41 id=41 sync offset=-2200333ns
23:41:47 Measure 42 id=42 sync offset=-2251250ns
23:41:47 Measure 43 id=43 sync offset=-2308792ns
23:41:47 Measure 44 id=44 sync offset=-2365105ns
23:41:47 Measure 45 id=45 sync offset=-2417584ns
23:41:47 Measure 46 id=46 sync offset=-2460000ns
23:41:47 Measure 47 id=47 sync offset=-2508500ns
23:41:47 Measure 48 id=48 sync offset=-2545354ns
23:41:47 Measure 49 id=49 sync offset=-2579667ns
23:41:47 Measure 50 id=50 sync offset=-2622500ns
23:41:47 Measure 1 id=1 sync offset=13229ns
23:41:47 Measure 2 id=2 sync offset=-87501ns
23:41:47 Measure 3 id=3 sync offset=-123042ns
23:41:47 Measure 4 id=4 sync offset=-181938ns
23:41:47 Measure 5 id=5 sync offset=-253022ns
23:41:47 Measure 6 id=6 sync offset=-343042ns
23:41:47 Measure 7 id=7 sync offset=-396230ns
23:41:47 Measure 8 id=8 sync offset=-456959ns
23:41:47 Measure 9 id=9 sync offset=-513000ns
23:41:47 Measure 10 id=10 sync offset=-593750ns
23:41:47 Measure 11 id=11 sync offset=-653167ns
23:41:47 Measure 12 id=12 sync offset=-697875ns
23:41:47 Measure 13 id=13 sync offset=-743813ns
23:41:47 Measure 14 id=14 sync offset=-792979ns
23:41:47 Measure 15 id=15 sync offset=-841001ns
23:41:47 Measure 16 id=16 sync offset=-888542ns
23:41:47 Measure 17 id=17 sync offset=-936021ns
23:41:47 Measure 18 id=18 sync offset=-999250ns
23:41:47 Measure 19 id=19 sync offset=-1068063ns
23:41:47 Measure 20 id=20 sync offset=-1145354ns
23:41:47 Measure 21 id=21 sync offset=-1210906ns
23:41:47 Measure 22 id=22 sync offset=-1275500ns
23:41:47 Measure 23 id=23 sync offset=-1333167ns
23:41:47 Measure 24 id=24 sync offset=-1391666ns
23:41:47 Measure 25 id=25 sync offset=-1442021ns
23:41:47 Measure 26 id=26 sync offset=-1476813ns
23:41:47 Measure 27 id=27 sync offset=-1513438ns
23:41:47 Measure 28 id=28 sync offset=-1556146ns
23:41:47 Measure 29 id=29 sync offset=-1610000ns
23:41:47 Measure 30 id=30 sync offset=-1660844ns
23:41:47 Measure 31 id=31 sync offset=-1712104ns
23:41:47 Measure 32 id=32 sync offset=-1781646ns
23:41:47 Measure 33 id=33 sync offset=-1820084ns
23:41:47 Measure 34 id=34 sync offset=-1870833ns
23:41:47 Measure 35 id=35 sync offset=-1921563ns
23:41:47 Measure 36 id=36 sync offset=-1961938ns
23:41:47 Measure 37 id=37 sync offset=-2016167ns
23:41:47 Measure 38 id=38 sync offset=-2044917ns
23:41:47 Measure 39 id=39 sync offset=-2079896ns
23:41:47 Measure 40 id=40 sync offset=-2151750ns
23:41:47 Measure 41 id=41 sync offset=-2204042ns
23:41:47 Measure 42 id=42 sync offset=-2256834ns
23:41:47 Measure 43 id=43 sync offset=-2309521ns
23:41:47 Measure 44 id=44 sync offset=-2366667ns
23:41:47 Measure 45 id=45 sync offset=-2419334ns
23:41:47 Measure 46 id=46 sync offset=-2464313ns
23:41:47 Measure 47 id=47 sync offset=-2518480ns
23:41:47 Measure 48 id=48 sync offset=-2562875ns
23:41:47 Measure 49 id=49 sync offset=-2617063ns
23:41:47 Measure 50 id=50 sync offset=-2667833ns
23:41:47 Measure 1 id=1 sync offset=9770ns
23:41:47 Measure 2 id=2 sync offset=-83980ns
23:41:47 Measure 3 id=3 sync offset=-123604ns
23:41:47 Measure 4 id=4 sync offset=-182417ns
23:41:47 Measure 5 id=5 sync offset=-270750ns
23:41:47 Measure 6 id=6 sync offset=-343042ns
23:41:47 Measure 7 id=7 sync offset=-396230ns
23:41:47 Measure 8 id=8 sync offset=-456959ns
23:41:47 Measure 9 id=9 sync offset=-513000ns
23:41:47 Measure 10 id=10 sync offset=-593750ns
23:41:47 Measure 11 id=11 sync offset=-653167ns
23:41:47 Measure 12 id=12 sync offset=-697875ns
23:41:47 Measure 13 id=13 sync offset=-743813ns
23:41:47 Measure 14 id=14 sync offset=-792979ns
23:41:47 Measure 15 id=15 sync offset=-841001ns
23:41:47 Measure 16 id=16 sync offset=-888542ns
23:41:47 Measure 17 id=17 sync offset=-936021ns
23:41:47 Measure 18 id=18 sync offset=-999250ns
23:41:47 Measure 19 id=19 sync offset=-1068063ns
23:41:47 Measure 20 id=20 sync offset=-1145354ns
23:41:47 Measure 21 id=21 sync offset=-1210906ns
23:41:47 Measure 22 id=22 sync offset=-1275500ns
23:41:47 Measure 23 id=23 sync offset=-1333167ns
23:41:47 Measure 24 id=24 sync offset=-1391666ns
23:41:47 Measure 25 id=25 sync offset=-1442021ns
23:41:47 Measure 26 id=26 sync offset=-1476813ns
23:41:47 Measure 27 id=27 sync offset=-1513438ns
23:41:47 Measure 28 id=28 sync offset=-1556146ns
23:41:47 Measure 29 id=29 sync offset=-1610000ns
23:41:47 Measure 30 id=30 sync offset=-1660844ns
23:41:47 Measure 31 id=31 sync offset=-1712104ns
23:41:47 Measure 32 id=32 sync offset=-1781646ns
23:41:47 Measure 33 id=33 sync offset=-1820084ns
23:41:47 Measure 34 id=34 sync offset=-1870833ns
23:41:47 Measure 35 id=35 sync offset=-1921563ns
23:41:47 Measure 36 id=36 sync offset=-1961938ns
23:41:47 Measure 37 id=37 sync offset=-2016167ns
23:41:47 Measure 38 id=38 sync offset=-2044917ns
23:41:47 Measure 39 id=39 sync offset=-2079896ns
23:41:47 Measure 40 id=40 sync offset=-2151750ns
23:41:47 Measure 41 id=41 sync offset=-2204042ns
23:41:47 Measure 42 id=42 sync offset=-2256834ns
23:41:47 Measure 43 id=43 sync offset=-2318635ns
23:41:47 Measure 44 id=44 sync offset=-2374427ns
23:41:47 Measure 45 id=45 sync offset=-2420459ns
23:41:47 Measure 46 id=46 sync offset=-2467532ns
23:41:47 Measure 47 id=47 sync offset=-2521907ns
23:41:47 Measure 48 id=48 sync offset=-2572312ns
23:41:47 Measure 49 id=49 sync offset=-2624584ns
23:41:47 Measure 50 id=50 sync offset=-2671604ns
23:41:48 Measure 1 id=1 sync offset=12687ns
23:41:48 Measure 2 id=2 sync offset=-80459ns
23:41:48 Measure 3 id=3 sync offset=-121833ns
23:41:48 Measure 4 id=4 sync offset=-176771ns
23:41:48 Measure 5 id=5 sync offset=-244646ns
23:41:48 Measure 6 id=6 sync offset=-333302ns
23:41:48 Measure 7 id=7 sync offset=-395604ns
23:41:48 Measure 8 id=8 sync offset=-448104ns
23:41:48 Measure 9 id=9 sync offset=-503698ns
23:41:48 Measure 10 id=10 sync offset=-582031ns
23:41:48 Measure 11 id=11 sync offset=-632865ns
23:41:48 Measure 12 id=12 sync offset=-676156ns
23:41:48 Measure 13 id=13 sync offset=-732021ns
23:41:48 Measure 14 id=14 sync offset=-788739ns
23:41:48 Measure 15 id=15 sync offset=-838230ns
23:41:48 Measure 16 id=16 sync offset=-886812ns
23:41:48 Measure 17 id=17 sync offset=-934656ns
23:41:48 Measure 18 id=18 sync offset=-989552ns
23:41:48 Measure 19 id=19 sync offset=-1048250ns
23:41:48 Measure 20 id=20 sync offset=-1110709ns
23:41:48 Measure 21 id=21 sync offset=-1175354ns
23:41:48 Measure 22 id=22 sync offset=-1234479ns
23:41:48 Measure 23 id=23 sync offset=-1287333ns
23:41:48 Measure 24 id=24 sync offset=-1336000ns
23:41:48 Measure 25 id=25 sync offset=-1374198ns
23:41:48 Measure 26 id=26 sync offset=-1428042ns
23:41:48 Measure 27 id=27 sync offset=-1468656ns
23:41:48 Measure 28 id=28 sync offset=-1517885ns
23:41:48 Measure 29 id=29 sync offset=-1580021ns
23:41:48 Measure 30 id=30 sync offset=-1614375ns
23:41:48 Measure 31 id=31 sync offset=-1639751ns
23:41:48 Measure 32 id=32 sync offset=-1697022ns
23:41:48 Measure 33 id=33 sync offset=-1747417ns
23:41:48 Measure 34 id=34 sync offset=-1800834ns
23:41:48 Measure 35 id=35 sync offset=-1841313ns
23:41:48 Measure 36 id=36 sync offset=-1881146ns
23:41:48 Measure 37 id=37 sync offset=-1934021ns
23:41:48 Measure 38 id=38 sync offset=-1996646ns
23:41:48 Measure 39 id=39 sync offset=-2050167ns
23:41:48 Measure 40 id=40 sync offset=-2099126ns
23:41:48 Measure 41 id=41 sync offset=-2169980ns
23:41:48 Measure 42 id=42 sync offset=-2244875ns
23:41:48 Measure 43 id=43 sync offset=-2308792ns
23:41:48 Measure 44 id=44 sync offset=-2365105ns
23:41:48 Measure 45 id=45 sync offset=-2417584ns
23:41:48 Measure 46 id=46 sync offset=-2464313ns
23:41:48 Measure 47 id=47 sync offset=-2518480ns
23:41:48 Measure 48 id=48 sync offset=-2562875ns
23:41:48 Measure 49 id=49 sync offset=-2587781ns
23:41:48 Measure 50 id=50 sync offset=-2629020ns
23:41:48 Measure 1 id=1 sync offset=12958ns
23:41:48 Measure 2 id=2 sync offset=-80459ns
23:41:48 Measure 3 id=3 sync offset=-121833ns
23:41:48 Measure 4 id=4 sync offset=-176771ns
23:41:48 Measure 5 id=5 sync offset=-244646ns
23:41:48 Measure 6 id=6 sync offset=-333302ns
23:41:48 Measure 7 id=7 sync offset=-395604ns
23:41:48 Measure 8 id=8 sync offset=-448104ns
23:41:48 Measure 9 id=9 sync offset=-503698ns
23:41:48 Measure 10 id=10 sync offset=-582031ns
23:41:48 Measure 11 id=11 sync offset=-632865ns
23:41:48 Measure 12 id=12 sync offset=-676156ns
23:41:48 Measure 13 id=13 sync offset=-732021ns
23:41:48 Measure 14 id=14 sync offset=-788739ns
23:41:48 Measure 15 id=15 sync offset=-841001ns
23:41:48 Measure 16 id=16 sync offset=-888542ns
23:41:48 Measure 17 id=17 sync offset=-933292ns
23:41:48 Measure 18 id=18 sync offset=-979854ns
23:41:48 Measure 19 id=19 sync offset=-1028438ns
23:41:48 Measure 20 id=20 sync offset=-1083355ns
23:41:48 Measure 21 id=21 sync offset=-1140604ns
23:41:48 Measure 22 id=22 sync offset=-1194209ns
23:41:48 Measure 23 id=23 sync offset=-1242084ns
23:41:48 Measure 24 id=24 sync offset=-1286188ns
23:41:48 Measure 25 id=25 sync offset=-1327709ns
23:41:48 Measure 26 id=26 sync offset=-1379292ns
23:41:48 Measure 27 id=27 sync offset=-1425563ns
23:41:48 Measure 28 id=28 sync offset=-1485438ns
23:41:48 Measure 29 id=29 sync offset=-1558469ns
23:41:48 Measure 30 id=30 sync offset=-1609073ns
23:41:48 Measure 31 id=31 sync offset=-1633084ns
23:41:48 Measure 32 id=32 sync offset=-1689376ns
23:41:48 Measure 33 id=33 sync offset=-1740562ns
23:41:48 Measure 34 id=34 sync offset=-1791469ns
23:41:48 Measure 35 id=35 sync offset=-1822865ns
23:41:48 Measure 36 id=36 sync offset=-1866667ns
23:41:48 Measure 37 id=37 sync offset=-1917500ns
23:41:48 Measure 38 id=38 sync offset=-1973573ns
23:41:48 Measure 39 id=39 sync offset=-2032062ns
23:41:48 Measure 40 id=40 sync offset=-2090313ns
23:41:48 Measure 41 id=41 sync offset=-2169563ns
23:41:48 Measure 42 id=42 sync offset=-2231406ns
23:41:48 Measure 43 id=43 sync offset=-2292073ns
23:41:48 Measure 44 id=44 sync offset=-2345105ns
23:41:48 Measure 45 id=45 sync offset=-2365406ns
23:41:48 Measure 46 id=46 sync offset=-2411438ns
23:41:48 Measure 47 id=47 sync offset=-2459073ns
23:41:48 Measure 48 id=48 sync offset=-2508573ns
23:41:48 Measure 49 id=49 sync offset=-2558500ns
23:41:48 Measure 50 id=50 sync offset=-2590208ns
23:41:49 Measure 1 id=1 sync offset=12687ns
23:41:49 Measure 2 id=2 sync offset=-81063ns
23:41:49 Measure 3 id=3 sync offset=-123042ns
23:41:49 Measure 4 id=4 sync offset=-178729ns
23:41:49 Measure 5 id=5 sync offset=-253022ns
23:41:49 Measure 6 id=6 sync offset=-327354ns
23:41:49 Measure 7 id=7 sync offset=-394979ns
23:41:49 Measure 8 id=8 sync offset=-439250ns
23:41:49 Measure 9 id=9 sync offset=-494396ns
23:41:49 Measure 10 id=10 sync offset=-570313ns
23:41:49 Measure 11 id=11 sync offset=-612563ns
23:41:49 Measure 12 id=12 sync offset=-654438ns
23:41:49 Measure 13 id=13 sync offset=-720229ns
23:41:49 Measure 14 id=14 sync offset=-784500ns
23:41:49 Measure 15 id=15 sync offset=-835459ns
23:41:49 Measure 16 id=16 sync offset=-886812ns
23:41:49 Measure 17 id=17 sync offset=-932542ns
23:41:49 Measure 18 id=18 sync offset=-966250ns
23:41:49 Measure 19 id=19 sync offset=-1019146ns
23:41:49 Measure 20 id=20 sync offset=-1075511ns
23:41:49 Measure 21 id=21 sync offset=-1138698ns
23:41:49 Measure 22 id=22 sync offset=-1182094ns
23:41:49 Measure 23 id=23 sync offset=-1234511ns
23:41:49 Measure 24 id=24 sync offset=-1283406ns
23:41:49 Measure 25 id=25 sync offset=-1311302ns
23:41:49 Measure 26 id=26 sync offset=-1368177ns
23:41:49 Measure 27 id=27 sync offset=-1418927ns
23:41:49 Measure 28 id=28 sync offset=-1481469ns
23:41:49 Measure 29 id=29 sync offset=-1530802ns
23:41:49 Measure 30 id=30 sync offset=-1603771ns
23:41:49 Measure 31 id=31 sync offset=-1626417ns
23:41:49 Measure 32 id=32 sync offset=-1681730ns
23:41:49 Measure 33 id=33 sync offset=-1733708ns
23:41:49 Measure 34 id=34 sync offset=-1782105ns
23:41:49 Measure 35 id=35 sync offset=-1804417ns
23:41:49 Measure 36 id=36 sync offset=-1852188ns
23:41:49 Measure 37 id=37 sync offset=-1900980ns
23:41:49 Measure 38 id=38 sync offset=-1950500ns
23:41:49 Measure 39 id=39 sync offset=-2013958ns
23:41:49 Measure 40 id=40 sync offset=-2081500ns
23:41:49 Measure 41 id=41 sync offset=-2169147ns
23:41:49 Measure 42 id=42 sync offset=-2217938ns
23:41:49 Measure 43 id=43 sync offset=-2275354ns
23:41:49 Measure 44 id=44 sync offset=-2325105ns
23:41:49 Measure 45 id=45 sync offset=-2313229ns
23:41:49 Measure 46 id=46 sync offset=-2358563ns
23:41:49 Measure 47 id=47 sync offset=-2399667ns
23:41:49 Measure 48 id=48 sync offset=-2454272ns
23:41:49 Measure 49 id=49 sync offset=-2530177ns
23:41:49 Measure 50 id=50 sync offset=-2568500ns
23:41:49 Measure 1 id=1 sync offset=8979ns
23:41:49 Measure 2 id=2 sync offset=-84375ns
23:41:49 Measure 3 id=3 sync offset=-122396ns
23:41:49 Measure 4 id=4 sync offset=-175166ns
23:41:49 Measure 5 id=5 sync offset=-244646ns
23:41:49 Measure 6 id=6 sync offset=-325458ns
23:41:49 Measure 7 id=7 sync offset=-382239ns
23:41:49 Measure 8 id=8 sync offset=-423708ns
23:41:49 Measure 9 id=9 sync offset=-489448ns
23:41:49 Measure 10 id=10 sync offset=-554677ns
23:41:49 Measure 11 id=11 sync offset=-604438ns
23:41:49 Measure 12 id=12 sync offset=-648563ns
23:41:49 Measure 13 id=13 sync offset=-709864ns
23:41:49 Measure 14 id=14 sync offset=-762771ns
23:41:49 Measure 15 id=15 sync offset=-820188ns
23:41:49 Measure 16 id=16 sync offset=-885083ns
23:41:49 Measure 17 id=17 sync offset=-933292ns
23:41:49 Measure 18 id=18 sync offset=-979854ns
23:41:49 Measure 19 id=19 sync offset=-1028438ns
23:41:49 Measure 20 id=20 sync offset=-1083355ns
23:41:49 Measure 21 id=21 sync offset=-1140604ns
23:41:49 Measure 22 id=22 sync offset=-1194209ns
23:41:49 Measure 23 id=23 sync offset=-1242084ns
23:41:49 Measure 24 id=24 sync offset=-1286188ns
23:41:49 Measure 25 id=25 sync offset=-1327709ns
23:41:49 Measure 26 id=26 sync offset=-1379292ns
23:41:49 Measure 27 id=27 sync offset=-1425563ns
23:41:49 Measure 28 id=28 sync offset=-1477500ns
23:41:49 Measure 29 id=29 sync offset=-1524688ns
23:41:49 Measure 30 id=30 sync offset=-1588219ns
23:41:49 Measure 31 id=31 sync offset=-1625032ns
23:41:49 Measure 32 id=32 sync offset=-1681240ns
23:41:49 Measure 33 id=33 sync offset=-1730958ns
23:41:49 Measure 34 id=34 sync offset=-1773719ns
23:41:49 Measure 35 id=35 sync offset=-1800385ns
23:41:49 Measure 36 id=36 sync offset=-1838448ns
23:41:49 Measure 37 id=37 sync offset=-1875792ns
23:41:49 Measure 38 id=38 sync offset=-1913396ns
23:41:49 Measure 39 id=39 sync offset=-1957198ns
23:41:49 Measure 40 id=40 sync offset=-2003615ns
23:41:49 Measure 41 id=41 sync offset=-2060209ns
23:41:49 Measure 42 id=42 sync offset=-2110364ns
23:41:49 Measure 43 id=43 sync offset=-2154438ns
23:41:49 Measure 44 id=44 sync offset=-2195230ns
23:41:49 Measure 45 id=45 sync offset=-2233511ns
23:41:49 Measure 46 id=46 sync offset=-2269302ns
23:41:49 Measure 47 id=47 sync offset=-2292698ns
23:41:49 Measure 48 id=48 sync offset=-2319417ns
23:41:49 Measure 49 id=49 sync offset=-2558500ns
23:41:49 Measure 50 id=50 sync offset=-2590208ns
23:41:50 Measure 1 id=1 sync offset=8979ns
23:41:50 Measure 2 id=2 sync offset=-84375ns
23:41:50 Measure 3 id=3 sync offset=-122396ns
23:41:50 Measure 4 id=4 sync offset=-175166ns
23:41:50 Measure 5 id=5 sync offset=-244646ns
23:41:50 Measure 6 id=6 sync offset=-325458ns
23:41:50 Measure 7 id=7 sync offset=-382239ns
23:41:50 Measure 8 id=8 sync offset=-423708ns
23:41:50 Measure 9 id=9 sync offset=-489448ns
23:41:50 Measure 10 id=10 sync offset=-554677ns
23:41:50 Measure 11 id=11 sync offset=-604438ns
23:41:50 Measure 12 id=12 sync offset=-648563ns
23:41:50 Measure 13 id=13 sync offset=-709864ns
23:41:50 Measure 14 id=14 sync offset=-762771ns
23:41:50 Measure 15 id=15 sync offset=-820188ns
23:41:50 Measure 16 id=16 sync offset=-885083ns
23:41:50 Measure 17 id=17 sync offset=-933292ns
23:41:50 Measure 18 id=18 sync offset=-979854ns
23:41:50 Measure 19 id=19 sync offset=-1028438ns
23:41:50 Measure 20 id=20 sync offset=-1083355ns
23:41:50 Measure 21 id=21 sync offset=-1140604ns
23:41:50 Measure 22 id=22 sync offset=-1194209ns
23:41:50 Measure 23 id=23 sync offset=-1242084ns
23:41:50 Measure 24 id=24 sync offset=-1286188ns
23:41:50 Measure 25 id=25 sync offset=-1327709ns
23:41:50 Measure 26 id=26 sync offset=-1379292ns
23:41:50 Measure 27 id=27 sync offset=-1425563ns
23:41:50 Measure 28 id=28 sync offset=-1477500ns
23:41:50 Measure 29 id=29 sync offset=-1524688ns
23:41:50 Measure 30 id=30 sync offset=-1588219ns
23:41:50 Measure 31 id=31 sync offset=-1625032ns
23:41:50 Measure 32 id=32 sync offset=-1681240ns
23:41:50 Measure 33 id=33 sync offset=-1730958ns
23:41:50 Measure 34 id=34 sync offset=-1773719ns
23:41:50 Measure 35 id=35 sync offset=-1800385ns
23:41:50 Measure 36 id=36 sync offset=-1838448ns
23:41:50 Measure 37 id=37 sync offset=-1875792ns
23:41:50 Measure 38 id=38 sync offset=-1913396ns
23:41:50 Measure 39 id=39 sync offset=-1957198ns
23:41:50 Measure 40 id=40 sync offset=-2003615ns
23:41:50 Measure 41 id=41 sync offset=-2060209ns
23:41:50 Measure 42 id=42 sync offset=-2110364ns
23:41:50 Measure 43 id=43 sync offset=-2154438ns
23:41:50 Measure 44 id=44 sync offset=-2195230ns
23:41:50 Measure 45 id=45 sync offset=-2233511ns
23:41:50 Measure 46 id=46 sync offset=-2269302ns
23:41:50 Measure 47 id=47 sync offset=-2292698ns
23:41:50 Measure 48 id=48 sync offset=-2501938ns
23:41:50 Measure 49 id=49 sync offset=-2539490ns
23:41:50 Measure 50 id=50 sync offset=-2577541ns
23:41:51 Measure 1 id=1 sync offset=8979ns
23:41:51 Measure 2 id=2 sync offset=-81667ns
23:41:51 Measure 3 id=3 sync offset=-124167ns
23:41:51 Measure 4 id=4 sync offset=-178729ns
23:41:51 Measure 5 id=5 sync offset=-253022ns
23:41:51 Measure 6 id=6 sync offset=-327354ns
23:41:51 Measure 7 id=7 sync offset=-394979ns
23:41:51 Measure 8 id=8 sync offset=-439250ns
23:41:51 Measure 9 id=9 sync offset=-484500ns
23:41:51 Measure 10 id=10 sync offset=-539042ns
23:41:51 Measure 11 id=11 sync offset=-596313ns
23:41:51 Measure 12 id=12 sync offset=-642688ns
23:41:51 Measure 13 id=13 sync offset=-699500ns
23:41:51 Measure 14 id=14 sync offset=-741042ns
23:41:51 Measure 15 id=15 sync offset=-804917ns
23:41:51 Measure 16 id=16 sync offset=-872333ns
23:41:51 Measure 17 id=17 sync offset=-932542ns
23:41:51 Measure 18 id=18 sync offset=-966250ns
23:41:51 Measure 19 id=19 sync offset=-1000083ns
23:41:51 Measure 20 id=20 sync offset=-1036865ns
23:41:51 Measure 21 id=21 sync offset=-1075968ns
23:41:51 Measure 22 id=22 sync offset=-1116292ns
23:41:51 Measure 23 id=23 sync offset=-1151979ns
23:41:51 Measure 24 id=24 sync offset=-1197709ns
23:41:51 Measure 25 id=25 sync offset=-1241438ns
23:41:51 Measure 26 id=26 sync offset=-1287187ns
23:41:51 Measure 27 id=27 sync offset=-1332917ns
23:41:51 Measure 28 id=28 sync offset=-1380240ns
23:41:51 Measure 29 id=29 sync offset=-1430146ns
23:41:51 Measure 30 id=30 sync offset=-1572667ns
23:41:51 Measure 31 id=31 sync offset=-1623647ns
23:41:51 Measure 32 id=32 sync offset=-1680751ns
23:41:51 Measure 33 id=33 sync offset=-1728209ns
23:41:51 Measure 34 id=34 sync offset=-1765333ns
23:41:51 Measure 35 id=35 sync offset=-1796354ns
23:41:51 Measure 36 id=36 sync offset=-1824709ns
23:41:51 Measure 37 id=37 sync offset=-1850604ns
23:41:51 Measure 38 id=38 sync offset=-1876292ns
23:41:51 Measure 39 id=39 sync offset=-1900438ns
23:41:51 Measure 40 id=40 sync offset=-1925730ns
23:41:51 Measure 41 id=41 sync offset=-1951271ns
23:41:51 Measure 42 id=42 sync offset=-1975854ns
23:41:51 Measure 43 id=43 sync offset=-2000084ns
23:41:51 Measure 44 id=44 sync offset=-2025355ns
23:41:51 Measure 45 id=45 sync offset=-2049438ns
23:41:51 Measure 46 id=46 sync offset=-2074292ns
23:41:51 Measure 47 id=47 sync offset=-2066917ns
23:41:51 Measure 48 id=48 sync offset=-2288948ns
23:41:51 Measure 49 id=49 sync offset=-2520480ns
23:41:51 Measure 50 id=50 sync offset=-2564875ns
23:41:51 Measure 1 id=1 sync offset=8979ns
23:41:51 Measure 2 id=2 sync offset=-81667ns
23:41:51 Measure 3 id=3 sync offset=-124167ns
23:41:51 Measure 4 id=4 sync offset=-178729ns
23:41:51 Measure 5 id=5 sync offset=-253022ns
23:41:51 Measure 6 id=6 sync offset=-327354ns
23:41:51 Measure 7 id=7 sync offset=-394979ns
23:41:51 Measure 8 id=8 sync offset=-439250ns
23:41:51 Measure 9 id=9 sync offset=-484500ns
23:41:51 Measure 10 id=10 sync offset=-539042ns
23:41:51 Measure 11 id=11 sync offset=-596313ns
23:41:51 Measure 12 id=12 sync offset=-642688ns
23:41:51 Measure 13 id=13 sync offset=-699500ns
23:41:51 Measure 14 id=14 sync offset=-741042ns
23:41:51 Measure 15 id=15 sync offset=-804917ns
23:41:51 Measure 16 id=16 sync offset=-872333ns
23:41:51 Measure 17 id=17 sync offset=-932542ns
23:41:51 Measure 18 id=18 sync offset=-966250ns
23:41:51 Measure 19 id=19 sync offset=-1000083ns
23:41:51 Measure 20 id=20 sync offset=-1036865ns
23:41:51 Measure 21 id=21 sync offset=-1075968ns
23:41:51 Measure 22 id=22 sync offset=-1116292ns
23:41:51 Measure 23 id=23 sync offset=-1151979ns
23:41:51 Measure 24 id=24 sync offset=-1197709ns
23:41:51 Measure 25 id=25 sync offset=-1241438ns
23:41:51 Measure 26 id=26 sync offset=-1287187ns
23:41:51 Measure 27 id=27 sync offset=-1332917ns
23:41:51 Measure 28 id=28 sync offset=-1380240ns
23:41:51 Measure 29 id=29 sync offset=-1430146ns
23:41:51 Measure 30 id=30 sync offset=-1572667ns
23:41:51 Measure 31 id=31 sync offset=-1623647ns
23:41:51 Measure 32 id=32 sync offset=-1680751ns
23:41:51 Measure 33 id=33 sync offset=-1728209ns
23:41:51 Measure 34 id=34 sync offset=-1765333ns
23:41:51 Measure 35 id=35 sync offset=-1796354ns
23:41:51 Measure 36 id=36 sync offset=-1824709ns
23:41:51 Measure 37 id=37 sync offset=-1850604ns
23:41:51 Measure 38 id=38 sync offset=-1876292ns
23:41:51 Measure 39 id=39 sync offset=-1900438ns
23:41:51 Measure 40 id=40 sync offset=-1925730ns
23:41:51 Measure 41 id=41 sync offset=-1951271ns
23:41:51 Measure 42 id=42 sync offset=-1975854ns
23:41:51 Measure 43 id=43 sync offset=-2000084ns
23:41:51 Measure 44 id=44 sync offset=-2025355ns
23:41:51 Measure 45 id=45 sync offset=-2049438ns
23:41:51 Measure 46 id=46 sync offset=-2074292ns
23:41:51 Measure 47 id=47 sync offset=-2066917ns
23:41:51 Measure 48 id=48 sync offset=-2288948ns
23:41:51 Measure 49 id=49 sync offset=-2520480ns
23:41:51 Measure 50 id=50 sync offset=-2564875ns
23:41:51 Measure 1 id=1 sync offset=6812ns
23:41:51 Measure 2 id=2 sync offset=-53000ns
23:41:51 Measure 3 id=3 sync offset=-103896ns
23:41:51 Measure 4 id=4 sync offset=-158969ns
23:41:51 Measure 5 id=5 sync offset=-244646ns
23:41:51 Measure 6 id=6 sync offset=-325458ns
23:41:51 Measure 7 id=7 sync offset=-382239ns
23:41:51 Measure 8 id=8 sync offset=-423708ns
23:41:51 Measure 9 id=9 sync offset=-460364ns
23:41:51 Measure 10 id=10 sync offset=-497812ns
23:41:51 Measure 11 id=11 sync offset=-557188ns
23:41:51 Measure 12 id=12 sync offset=-611511ns
23:41:51 Measure 13 id=13 sync offset=-692031ns
23:41:51 Measure 14 id=14 sync offset=-743792ns
23:41:51 Measure 15 id=15 sync offset=-801542ns
23:41:51 Measure 16 id=16 sync offset=-859583ns
23:41:51 Measure 17 id=17 sync offset=-931792ns
23:41:51 Measure 18 id=18 sync offset=-957146ns
23:41:51 Measure 19 id=19 sync offset=-1004250ns
23:41:51 Measure 20 id=20 sync offset=-1083355ns
23:41:51 Measure 21 id=21 sync offset=-1140604ns
23:41:51 Measure 22 id=22 sync offset=-1194209ns
23:41:51 Measure 23 id=23 sync offset=-1242084ns
23:41:51 Measure 24 id=24 sync offset=-1286188ns
23:41:51 Measure 25 id=25 sync offset=-1327709ns
23:41:51 Measure 26 id=26 sync offset=-1379292ns
23:41:51 Measure 27 id=27 sync offset=-1425563ns
23:41:51 Measure 28 id=28 sync offset=-1477500ns
23:41:51 Measure 29 id=29 sync offset=-1524688ns
23:41:51 Measure 30 id=30 sync offset=-1572667ns
23:41:51 Measure 31 id=31 sync offset=-1623647ns
23:41:51 Measure 32 id=32 sync offset=-1681730ns
23:41:51 Measure 33 id=33 sync offset=-1733708ns
23:41:51 Measure 34 id=34 sync offset=-1782105ns
23:41:51 Measure 35 id=35 sync offset=-1804417ns
23:41:51 Measure 36 id=36 sync offset=-1852188ns
23:41:51 Measure 37 id=37 sync offset=-1900980ns
23:41:51 Measure 38 id=38 sync offset=-1950500ns
23:41:51 Measure 39 id=39 sync offset=-2010875ns
23:41:51 Measure 40 id=40 sync offset=-2054751ns
23:41:51 Measure 41 id=41 sync offset=-2111021ns
23:41:51 Measure 42 id=42 sync offset=-2167521ns
23:41:51 Measure 43 id=43 sync offset=-2221979ns
23:41:51 Measure 44 id=44 sync offset=-2274500ns
23:41:51 Measure 45 id=45 sync offset=-2328834ns
23:41:51 Measure 46 id=46 sync offset=-2377313ns
23:41:51 Measure 47 id=47 sync offset=-2441167ns
23:41:51 Measure 48 id=48 sync offset=-2500656ns
23:41:51 Measure 49 id=49 sync offset=-2558500ns
23:41:51 Measure 50 id=50 sync offset=-2590208ns
23:41:52 Measure 1 id=1 sync offset=6812ns
23:41:52 Measure 2 id=2 sync offset=-53000ns
23:41:52 Measure 3 id=3 sync offset=-103896ns
23:41:52 Measure 4 id=4 sync offset=-158969ns
23:41:52 Measure 5 id=5 sync offset=-244646ns
23:41:52 Measure 6 id=6 sync offset=-325458ns
23:41:52 Measure 7 id=7 sync offset=-382239ns
23:41:52 Measure 8 id=8 sync offset=-423708ns
23:41:52 Measure 9 id=9 sync offset=-460364ns
23:41:52 Measure 10 id=10 sync offset=-497812ns
23:41:52 Measure 11 id=11 sync offset=-557188ns
23:41:52 Measure 12 id=12 sync offset=-611511ns
23:41:52 Measure 13 id=13 sync offset=-692031ns
23:41:52 Measure 14 id=14 sync offset=-743792ns
23:41:52 Measure 15 id=15 sync offset=-801542ns
23:41:52 Measure 16 id=16 sync offset=-859583ns
23:41:52 Measure 17 id=17 sync offset=-931792ns
23:41:52 Measure 18 id=18 sync offset=-957146ns
23:41:52 Measure 19 id=19 sync offset=-1004250ns
23:41:52 Measure 20 id=20 sync offset=-1083355ns
23:41:52 Measure 21 id=21 sync offset=-1140604ns
23:41:52 Measure 22 id=22 sync offset=-1194209ns
23:41:52 Measure 23 id=23 sync offset=-1242084ns
23:41:52 Measure 24 id=24 sync offset=-1286188ns
23:41:52 Measure 25 id=25 sync offset=-1327709ns
23:41:52 Measure 26 id=26 sync offset=-1379292ns
23:41:52 Measure 27 id=27 sync offset=-1425563ns
23:41:52 Measure 28 id=28 sync offset=-1477500ns
23:41:52 Measure 29 id=29 sync offset=-1524688ns
23:41:52 Measure 30 id=30 sync offset=-1572667ns
23:41:52 Measure 31 id=31 sync offset=-1623647ns
23:41:52 Measure 32 id=32 sync offset=-1681730ns
23:41:52 Measure 33 id=33 sync offset=-1733708ns
23:41:52 Measure 34 id=34 sync offset=-1782105ns
23:41:52 Measure 35 id=35 sync offset=-1804417ns
23:41:52 Measure 36 id=36 sync offset=-1852188ns
23:41:52 Measure 37 id=37 sync offset=-1900980ns
23:41:52 Measure 38 id=38 sync offset=-1956354ns
23:41:52 Measure 39 id=39 sync offset=-2012416ns
23:41:52 Measure 40 id=40 sync offset=-2068125ns
23:41:52 Measure 41 id=41 sync offset=-2125614ns
23:41:52 Measure 42 id=42 sync offset=-2169385ns
23:41:52 Measure 43 id=43 sync offset=-2236104ns
23:41:52 Measure 44 id=44 sync offset=-2274500ns
23:41:52 Measure 45 id=45 sync offset=-2328834ns
23:41:52 Measure 46 id=46 sync offset=-2377313ns
23:41:52 Measure 47 id=47 sync offset=-2449698ns
23:41:52 Measure 48 id=48 sync offset=-2499375ns
23:41:52 Measure 49 id=49 sync offset=-2541177ns
23:41:52 Measure 50 id=50 sync offset=-2577541ns
23:41:52 Measure 1 id=1 sync offset=6812ns
23:41:52 Measure 2 id=2 sync offset=-58489ns
23:41:52 Measure 3 id=3 sync offset=-86521ns
23:41:52 Measure 4 id=4 sync offset=-139209ns
23:41:52 Measure 5 id=5 sync offset=-236271ns
23:41:52 Measure 6 id=6 sync offset=-323563ns
23:41:52 Measure 7 id=7 sync offset=-369500ns
23:41:52 Measure 8 id=8 sync offset=-417355ns
23:41:52 Measure 9 id=9 sync offset=-468771ns
23:41:52 Measure 10 id=10 sync offset=-517458ns
23:41:52 Measure 11 id=11 sync offset=-585792ns
23:41:52 Measure 12 id=12 sync offset=-638875ns
23:41:52 Measure 13 id=13 sync offset=-684562ns
23:41:52 Measure 14 id=14 sync offset=-746542ns
23:41:52 Measure 15 id=15 sync offset=-804917ns
23:41:52 Measure 16 id=16 sync offset=-872333ns
23:41:52 Measure 17 id=17 sync offset=-932542ns
23:41:52 Measure 18 id=18 sync offset=-968500ns
23:41:52 Measure 19 id=19 sync offset=-1016344ns
23:41:52 Measure 20 id=20 sync offset=-1084646ns
23:41:52 Measure 21 id=21 sync offset=-1139906ns
23:41:52 Measure 22 id=22 sync offset=-1188761ns
23:41:52 Measure 23 id=23 sync offset=-1238625ns
23:41:52 Measure 24 id=24 sync offset=-1285990ns
23:41:52 Measure 25 id=25 sync offset=-1330812ns
23:41:52 Measure 26 id=26 sync offset=-1379531ns
23:41:52 Measure 27 id=27 sync offset=-1427094ns
23:41:52 Measure 28 id=28 sync offset=-1478041ns
23:41:52 Measure 29 id=29 sync offset=-1523667ns
23:41:52 Measure 30 id=30 sync offset=-1579167ns
23:41:52 Measure 31 id=31 sync offset=-1630969ns
23:41:52 Measure 32 id=32 sync offset=-1685323ns
23:41:52 Measure 33 id=33 sync offset=-1735979ns
23:41:52 Measure 34 id=34 sync offset=-1784344ns
23:41:52 Measure 35 id=35 sync offset=-1816781ns
23:41:52 Measure 36 id=36 sync offset=-1855844ns
23:41:52 Measure 37 id=37 sync offset=-1906480ns
23:41:52 Measure 38 id=38 sync offset=-1962208ns
23:41:52 Measure 39 id=39 sync offset=-2013958ns
23:41:52 Measure 40 id=40 sync offset=-2081500ns
23:41:52 Measure 41 id=41 sync offset=-2140208ns
23:41:52 Measure 42 id=42 sync offset=-2171250ns
23:41:52 Measure 43 id=43 sync offset=-2250230ns
23:41:52 Measure 44 id=44 sync offset=-2291646ns
23:41:52 Measure 45 id=45 sync offset=-2336802ns
23:41:52 Measure 46 id=46 sync offset=-2383104ns
23:41:52 Measure 47 id=47 sync offset=-2441167ns
23:41:52 Measure 48 id=48 sync offset=-2498094ns
23:41:52 Measure 49 id=49 sync offset=-2522167ns
23:41:52 Measure 50 id=50 sync offset=-2562406ns
23:41:53 Measure 1 id=1 sync offset=8979ns
23:41:53 Measure 2 id=2 sync offset=-53000ns
23:41:53 Measure 3 id=3 sync offset=-85073ns
23:41:53 Measure 4 id=4 sync offset=-131104ns
23:41:53 Measure 5 id=5 sync offset=-228813ns
23:41:53 Measure 6 id=6 sync offset=-285771ns
23:41:53 Measure 7 id=7 sync offset=-369250ns
23:41:53 Measure 8 id=8 sync offset=-412760ns
23:41:53 Measure 9 id=9 sync offset=-468917ns
23:41:53 Measure 10 id=10 sync offset=-525062ns
23:41:53 Measure 11 id=11 sync offset=-587198ns
23:41:53 Measure 12 id=12 sync offset=-640781ns
23:41:53 Measure 13 id=13 sync offset=-691437ns
23:41:53 Measure 14 id=14 sync offset=-745042ns
23:41:53 Measure 15 id=15 sync offset=-801542ns
23:41:53 Measure 16 id=16 sync offset=-859583ns
23:41:53 Measure 17 id=17 sync offset=-931792ns
23:41:53 Measure 18 id=18 sync offset=-979854ns
23:41:53 Measure 19 id=19 sync offset=-1028438ns
23:41:53 Measure 20 id=20 sync offset=-1085937ns
23:41:53 Measure 21 id=21 sync offset=-1140604ns
23:41:53 Measure 22 id=22 sync offset=-1194209ns
23:41:53 Measure 23 id=23 sync offset=-1242084ns
23:41:53 Measure 24 id=24 sync offset=-1286188ns
23:41:53 Measure 25 id=25 sync offset=-1333916ns
23:41:53 Measure 26 id=26 sync offset=-1379771ns
23:41:53 Measure 27 id=27 sync offset=-1428625ns
23:41:53 Measure 28 id=28 sync offset=-1478583ns
23:41:53 Measure 29 id=29 sync offset=-1524688ns
23:41:53 Measure 30 id=30 sync offset=-1585667ns
23:41:53 Measure 31 id=31 sync offset=-1638292ns
23:41:53 Measure 32 id=32 sync offset=-1688917ns
23:41:53 Measure 33 id=33 sync offset=-1738250ns
23:41:53 Measure 34 id=34 sync offset=-1786584ns
23:41:53 Measure 35 id=35 sync offset=-1829146ns
23:41:53 Measure 36 id=36 sync offset=-1859500ns
23:41:53 Measure 37 id=37 sync offset=-1911980ns
23:41:53 Measure 38 id=38 sync offset=-1990687ns
23:41:53 Measure 39 id=39 sync offset=-2034125ns
23:41:53 Measure 40 id=40 sync offset=-2094260ns
23:41:53 Measure 41 id=41 sync offset=-2154677ns
23:41:53 Measure 42 id=42 sync offset=-2207646ns
23:41:53 Measure 43 id=43 sync offset=-2277677ns
23:41:53 Measure 44 id=44 sync offset=-2308792ns
23:41:53 Measure 45 id=45 sync offset=-2344771ns
23:41:53 Measure 46 id=46 sync offset=-2388896ns
23:41:53 Measure 47 id=47 sync offset=-2449698ns
23:41:53 Measure 48 id=48 sync offset=-2499375ns
23:41:53 Measure 49 id=49 sync offset=-2523855ns
23:41:53 Measure 50 id=50 sync offset=-2564875ns
23:41:54 Measure 1 id=1 sync offset=8979ns
23:41:54 Measure 2 id=2 sync offset=-56021ns
23:41:54 Measure 3 id=3 sync offset=-85073ns
23:41:54 Measure 4 id=4 sync offset=-131104ns
23:41:54 Measure 5 id=5 sync offset=-228813ns
23:41:54 Measure 6 id=6 sync offset=-285771ns
23:41:54 Measure 7 id=7 sync offset=-369250ns
23:41:54 Measure 8 id=8 sync offset=-412760ns
23:41:54 Measure 9 id=9 sync offset=-468917ns
23:41:54 Measure 10 id=10 sync offset=-515948ns
23:41:54 Measure 11 id=11 sync offset=-570646ns
23:41:54 Measure 12 id=12 sync offset=-617635ns
23:41:54 Measure 13 id=13 sync offset=-684374ns
23:41:54 Measure 14 id=14 sync offset=-742292ns
23:41:54 Measure 15 id=15 sync offset=-794386ns
23:41:54 Measure 16 id=16 sync offset=-859500ns
23:41:54 Measure 17 id=17 sync offset=-914583ns
23:41:54 Measure 18 id=18 sync offset=-957146ns
23:41:54 Measure 19 id=19 sync offset=-1004250ns
23:41:54 Measure 20 id=20 sync offset=-1085937ns
23:41:54 Measure 21 id=21 sync offset=-1139208ns
23:41:54 Measure 22 id=22 sync offset=-1183313ns
23:41:54 Measure 23 id=23 sync offset=-1235167ns
23:41:54 Measure 24 id=24 sync offset=-1285792ns
23:41:54 Measure 25 id=25 sync offset=-1333916ns
23:41:54 Measure 26 id=26 sync offset=-1379771ns
23:41:54 Measure 27 id=27 sync offset=-1429500ns
23:41:54 Measure 28 id=28 sync offset=-1478583ns
23:41:54 Measure 29 id=29 sync offset=-1522646ns
23:41:54 Measure 30 id=30 sync offset=-1585667ns
23:41:54 Measure 31 id=31 sync offset=-1638292ns
23:41:54 Measure 32 id=32 sync offset=-1688917ns
23:41:54 Measure 33 id=33 sync offset=-1738250ns
23:41:54 Measure 34 id=34 sync offset=-1786584ns
23:41:54 Measure 35 id=35 sync offset=-1829146ns
23:41:54 Measure 36 id=36 sync offset=-1859500ns
23:41:54 Measure 37 id=37 sync offset=-1911980ns
23:41:54 Measure 38 id=38 sync offset=-1990687ns
23:41:54 Measure 39 id=39 sync offset=-2032583ns
23:41:54 Measure 40 id=40 sync offset=-2080886ns
23:41:54 Measure 41 id=41 sync offset=-2125614ns
23:41:54 Measure 42 id=42 sync offset=-2169385ns
23:41:54 Measure 43 id=43 sync offset=-2236104ns
23:41:54 Measure 44 id=44 sync offset=-2274500ns
23:41:54 Measure 45 id=45 sync offset=-2328834ns
23:41:54 Measure 46 id=46 sync offset=-2377313ns
23:41:54 Measure 47 id=47 sync offset=-2429708ns
23:41:54 Measure 48 id=48 sync offset=-2496813ns
23:41:54 Measure 49 id=49 sync offset=-2520480ns
23:41:54 Measure 50 id=50 sync offset=-2559938ns
23:41:54 Measure 1 id=1 sync offset=8979ns
23:41:54 Measure 2 id=2 sync offset=-56021ns
23:41:54 Measure 3 id=3 sync offset=-86521ns
23:41:54 Measure 4 id=4 sync offset=-139209ns
23:41:54 Measure 5 id=5 sync offset=-228813ns
23:41:54 Measure 6 id=6 sync offset=-285771ns
23:41:54 Measure 7 id=7 sync offset=-369000ns
23:41:54 Measure 8 id=8 sync offset=-408166ns
23:41:54 Measure 9 id=9 sync offset=-468771ns
23:41:54 Measure 10 id=10 sync offset=-514438ns
23:41:54 Measure 11 id=11 sync offset=-555500ns
23:41:54 Measure 12 id=12 sync offset=-596396ns
23:41:54 Measure 13 id=13 sync offset=-684187ns
23:41:54 Measure 14 id=14 sync offset=-743542ns
23:41:54 Measure 15 id=15 sync offset=-790605ns
23:41:54 Measure 16 id=16 sync offset=-847635ns
23:41:54 Measure 17 id=17 sync offset=-913875ns
23:41:54 Measure 18 id=18 sync offset=-954896ns
23:41:54 Measure 19 id=19 sync offset=-987989ns
23:41:54 Measure 20 id=20 sync offset=-1038156ns
23:41:54 Measure 21 id=21 sync offset=-1079093ns
23:41:54 Measure 22 id=22 sync offset=-1141427ns
23:41:54 Measure 23 id=23 sync offset=-1214896ns
23:41:54 Measure 24 id=24 sync offset=-1269990ns
23:41:54 Measure 25 id=25 sync offset=-1333916ns
23:41:54 Measure 26 id=26 sync offset=-1379771ns
23:41:54 Measure 27 id=27 sync offset=-1429500ns
23:41:54 Measure 28 id=28 sync offset=-1478583ns
23:41:54 Measure 29 id=29 sync offset=-1522646ns
23:41:54 Measure 30 id=30 sync offset=-1585667ns
23:41:54 Measure 31 id=31 sync offset=-1638292ns
23:41:54 Measure 32 id=32 sync offset=-1688917ns
23:41:54 Measure 33 id=33 sync offset=-1733230ns
23:41:54 Measure 34 id=34 sync offset=-1774792ns
23:41:54 Measure 35 id=35 sync offset=-1809354ns
23:41:54 Measure 36 id=36 sync offset=-1840333ns
23:41:54 Measure 37 id=37 sync offset=-1871917ns
23:41:54 Measure 38 id=38 sync offset=-1930927ns
23:41:54 Measure 39 id=39 sync offset=-1971604ns
23:41:54 Measure 40 id=40 sync offset=-2006875ns
23:41:54 Measure 41 id=41 sync offset=-2051177ns
23:41:54 Measure 42 id=42 sync offset=-2097041ns
23:41:54 Measure 43 id=43 sync offset=-2142604ns
23:41:54 Measure 44 id=44 sync offset=-2105563ns
23:41:54 Measure 45 id=45 sync offset=-2147480ns
23:41:54 Measure 46 id=46 sync offset=-2185521ns
23:41:54 Measure 47 id=47 sync offset=-2324479ns
23:41:54 Measure 48 id=48 sync offset=-2459042ns
23:41:54 Measure 49 id=49 sync offset=-2504625ns
23:41:54 Measure 50 id=50 sync offset=-2545750ns
23:41:54 Measure 1 id=1 sync offset=8979ns
23:41:54 Measure 2 id=2 sync offset=-56021ns
23:41:54 Measure 3 id=3 sync offset=-86521ns
23:41:54 Measure 4 id=4 sync offset=-149021ns
23:41:54 Measure 5 id=5 sync offset=-245677ns
23:41:54 Measure 6 id=6 sync offset=-303958ns
23:41:54 Measure 7 id=7 sync offset=-369250ns
23:41:54 Measure 8 id=8 sync offset=-412760ns
23:41:54 Measure 9 id=9 sync offset=-468917ns
23:41:54 Measure 10 id=10 sync offset=-515948ns
23:41:54 Measure 11 id=11 sync offset=-570646ns
23:41:54 Measure 12 id=12 sync offset=-617635ns
23:41:54 Measure 13 id=13 sync offset=-684374ns
23:41:54 Measure 14 id=14 sync offset=-745042ns
23:41:54 Measure 15 id=15 sync offset=-794386ns
23:41:54 Measure 16 id=16 sync offset=-859500ns
23:41:54 Measure 17 id=17 sync offset=-914583ns
23:41:54 Measure 18 id=18 sync offset=-957146ns
23:41:54 Measure 19 id=19 sync offset=-1004250ns
23:41:54 Measure 20 id=20 sync offset=-1085937ns
23:41:54 Measure 21 id=21 sync offset=-1139208ns
23:41:54 Measure 22 id=22 sync offset=-1183313ns
23:41:54 Measure 23 id=23 sync offset=-1235167ns
23:41:54 Measure 24 id=24 sync offset=-1285792ns
23:41:54 Measure 25 id=25 sync offset=-1349791ns
23:41:54 Measure 26 id=26 sync offset=-1400771ns
23:41:54 Measure 27 id=27 sync offset=-1451167ns
23:41:54 Measure 28 id=28 sync offset=-1498198ns
23:41:54 Measure 29 id=29 sync offset=-1545011ns
23:41:54 Measure 30 id=30 sync offset=-1591771ns
23:41:54 Measure 31 id=31 sync offset=-1639083ns
23:41:54 Measure 32 id=32 sync offset=-1691812ns
23:41:54 Measure 33 id=33 sync offset=-1735740ns
23:41:54 Measure 34 id=34 sync offset=-1780688ns
23:41:54 Measure 35 id=35 sync offset=-1819250ns
23:41:54 Measure 36 id=36 sync offset=-1849916ns
23:41:54 Measure 37 id=37 sync offset=-1891948ns
23:41:54 Measure 38 id=38 sync offset=-1962208ns
23:41:54 Measure 39 id=39 sync offset=-2010875ns
23:41:54 Measure 40 id=40 sync offset=-2054751ns
23:41:54 Measure 41 id=41 sync offset=-2111021ns
23:41:54 Measure 42 id=42 sync offset=-2167521ns
23:41:54 Measure 43 id=43 sync offset=-2221979ns
23:41:54 Measure 44 id=44 sync offset=-2190031ns
23:41:54 Measure 45 id=45 sync offset=-2238157ns
23:41:54 Measure 46 id=46 sync offset=-2281417ns
23:41:54 Measure 47 id=47 sync offset=-2418250ns
23:41:54 Measure 48 id=48 sync offset=-2477927ns
23:41:54 Measure 49 id=49 sync offset=-2512552ns
23:41:54 Measure 50 id=50 sync offset=-2552844ns
23:41:55 Measure 1 id=1 sync offset=8979ns
23:41:55 Measure 2 id=2 sync offset=-56021ns
23:41:55 Measure 3 id=3 sync offset=-85073ns
23:41:55 Measure 4 id=4 sync offset=-139209ns
23:41:55 Measure 5 id=5 sync offset=-228813ns
23:41:55 Measure 6 id=6 sync offset=-303958ns
23:41:55 Measure 7 id=7 sync offset=-369000ns
23:41:55 Measure 8 id=8 sync offset=-408166ns
23:41:55 Measure 9 id=9 sync offset=-468771ns
23:41:55 Measure 10 id=10 sync offset=-514438ns
23:41:55 Measure 11 id=11 sync offset=-555500ns
23:41:55 Measure 12 id=12 sync offset=-596396ns
23:41:55 Measure 13 id=13 sync offset=-684187ns
23:41:55 Measure 14 id=14 sync offset=-743542ns
23:41:55 Measure 15 id=15 sync offset=-790605ns
23:41:55 Measure 16 id=16 sync offset=-847635ns
23:41:55 Measure 17 id=17 sync offset=-913875ns
23:41:55 Measure 18 id=18 sync offset=-954896ns
23:41:55 Measure 19 id=19 sync offset=-987989ns
23:41:55 Measure 20 id=20 sync offset=-1038156ns
23:41:55 Measure 21 id=21 sync offset=-1079093ns
23:41:55 Measure 22 id=22 sync offset=-1141427ns
23:41:55 Measure 23 id=23 sync offset=-1214896ns
23:41:55 Measure 24 id=24 sync offset=-1269990ns
23:41:55 Measure 25 id=25 sync offset=-1333916ns
23:41:55 Measure 26 id=26 sync offset=-1379771ns
23:41:55 Measure 27 id=27 sync offset=-1429500ns
23:41:55 Measure 28 id=28 sync offset=-1478583ns
23:41:55 Measure 29 id=29 sync offset=-1522646ns
23:41:55 Measure 30 id=30 sync offset=-1585667ns
23:41:55 Measure 31 id=31 sync offset=-1638292ns
23:41:55 Measure 32 id=32 sync offset=-1688917ns
23:41:55 Measure 33 id=33 sync offset=-1733230ns
23:41:55 Measure 34 id=34 sync offset=-1774792ns
23:41:55 Measure 35 id=35 sync offset=-1809354ns
23:41:55 Measure 36 id=36 sync offset=-1840333ns
23:41:55 Measure 37 id=37 sync offset=-1871917ns
23:41:55 Measure 38 id=38 sync offset=-1930927ns
23:41:55 Measure 39 id=39 sync offset=-1971604ns
23:41:55 Measure 40 id=40 sync offset=-2006875ns
23:41:55 Measure 41 id=41 sync offset=-2051177ns
23:41:55 Measure 42 id=42 sync offset=-2097041ns
23:41:55 Measure 43 id=43 sync offset=-2142604ns
23:41:55 Measure 44 id=44 sync offset=-2105563ns
23:41:55 Measure 45 id=45 sync offset=-2147480ns
23:41:55 Measure 46 id=46 sync offset=-2185521ns
23:41:55 Measure 47 id=47 sync offset=-2324479ns
23:41:55 Measure 48 id=48 sync offset=-2459042ns
23:41:55 Measure 49 id=49 sync offset=-2493260ns
23:41:55 Measure 50 id=50 sync offset=-2522593ns
23:41:55 Measure 1 id=1 sync offset=8979ns
23:41:55 Measure 2 id=2 sync offset=-59042ns
23:41:55 Measure 3 id=3 sync offset=-86521ns
23:41:55 Measure 4 id=4 sync offset=-139209ns
23:41:55 Measure 5 id=5 sync offset=-245677ns
23:41:55 Measure 6 id=6 sync offset=-311260ns
23:41:55 Measure 7 id=7 sync offset=-369250ns
23:41:55 Measure 8 id=8 sync offset=-412760ns
23:41:55 Measure 9 id=9 sync offset=-468917ns
23:41:55 Measure 10 id=10 sync offset=-515948ns
23:41:55 Measure 11 id=11 sync offset=-570646ns
23:41:55 Measure 12 id=12 sync offset=-617635ns
23:41:55 Measure 13 id=13 sync offset=-684374ns
23:41:55 Measure 14 id=14 sync offset=-745042ns
23:41:55 Measure 15 id=15 sync offset=-794386ns
23:41:55 Measure 16 id=16 sync offset=-859500ns
23:41:55 Measure 17 id=17 sync offset=-914583ns
23:41:55 Measure 18 id=18 sync offset=-957146ns
23:41:55 Measure 19 id=19 sync offset=-1004250ns
23:41:55 Measure 20 id=20 sync offset=-1085937ns
23:41:55 Measure 21 id=21 sync offset=-1139208ns
23:41:55 Measure 22 id=22 sync offset=-1183313ns
23:41:55 Measure 23 id=23 sync offset=-1235167ns
23:41:55 Measure 24 id=24 sync offset=-1285792ns
23:41:55 Measure 25 id=25 sync offset=-1349791ns
23:41:55 Measure 26 id=26 sync offset=-1400771ns
23:41:55 Measure 27 id=27 sync offset=-1451167ns
23:41:55 Measure 28 id=28 sync offset=-1498198ns
23:41:55 Measure 29 id=29 sync offset=-1545011ns
23:41:55 Measure 30 id=30 sync offset=-1591771ns
23:41:55 Measure 31 id=31 sync offset=-1639083ns
23:41:55 Measure 32 id=32 sync offset=-1691812ns
23:41:55 Measure 33 id=33 sync offset=-1735740ns
23:41:55 Measure 34 id=34 sync offset=-1780688ns
23:41:55 Measure 35 id=35 sync offset=-1819250ns
23:41:55 Measure 36 id=36 sync offset=-1849916ns
23:41:55 Measure 37 id=37 sync offset=-1891948ns
23:41:55 Measure 38 id=38 sync offset=-1962208ns
23:41:55 Measure 39 id=39 sync offset=-2010875ns
23:41:55 Measure 40 id=40 sync offset=-2054751ns
23:41:55 Measure 41 id=41 sync offset=-2111021ns
23:41:55 Measure 42 id=42 sync offset=-2167521ns
23:41:55 Measure 43 id=43 sync offset=-2221979ns
23:41:55 Measure 44 id=44 sync offset=-2190031ns
23:41:55 Measure 45 id=45 sync offset=-2238157ns
23:41:55 Measure 46 id=46 sync offset=-2281417ns
23:41:55 Measure 47 id=47 sync offset=-2418250ns
23:41:55 Measure 48 id=48 sync offset=-2477927ns
23:41:55 Measure 49 id=49 sync offset=-2504625ns
23:41:55 Measure 50 id=50 sync offset=-2545750ns
23:41:56 Measure 1 id=1 sync offset=8979ns
23:41:56 Measure 2 id=2 sync offset=-61510ns
23:41:56 Measure 3 id=3 sync offset=-87052ns
23:41:56 Measure 4 id=4 sync offset=-149021ns
23:41:56 Measure 5 id=5 sync offset=-262542ns
23:41:56 Measure 6 id=6 sync offset=-318563ns
23:41:56 Measure 7 id=7 sync offset=-369500ns
23:41:56 Measure 8 id=8 sync offset=-417355ns
23:41:56 Measure 9 id=9 sync offset=-469063ns
23:41:56 Measure 10 id=10 sync offset=-517458ns
23:41:56 Measure 11 id=11 sync offset=-585792ns
23:41:56 Measure 12 id=12 sync offset=-638875ns
23:41:56 Measure 13 id=13 sync offset=-684562ns
23:41:56 Measure 14 id=14 sync offset=-746542ns
23:41:56 Measure 15 id=15 sync offset=-798167ns
23:41:56 Measure 16 id=16 sync offset=-875552ns
23:41:56 Measure 17 id=17 sync offset=-923187ns
23:41:56 Measure 18 id=18 sync offset=-969677ns
23:41:56 Measure 19 id=19 sync offset=-1023166ns
23:41:56 Measure 20 id=20 sync offset=-1088968ns
23:41:56 Measure 21 id=21 sync offset=-1143843ns
23:41:56 Measure 22 id=22 sync offset=-1194844ns
23:41:56 Measure 23 id=23 sync offset=-1249604ns
23:41:56 Measure 24 id=24 sync offset=-1300323ns
23:41:56 Measure 25 id=25 sync offset=-1365667ns
23:41:56 Measure 26 id=26 sync offset=-1421771ns
23:41:56 Measure 27 id=27 sync offset=-1472834ns
23:41:56 Measure 28 id=28 sync offset=-1517813ns
23:41:56 Measure 29 id=29 sync offset=-1567376ns
23:41:56 Measure 30 id=30 sync offset=-1597875ns
23:41:56 Measure 31 id=31 sync offset=-1639875ns
23:41:56 Measure 32 id=32 sync offset=-1694708ns
23:41:56 Measure 33 id=33 sync offset=-1738250ns
23:41:56 Measure 34 id=34 sync offset=-1786584ns
23:41:56 Measure 35 id=35 sync offset=-1829146ns
23:41:56 Measure 36 id=36 sync offset=-1888677ns
23:41:56 Measure 37 id=37 sync offset=-1941282ns
23:41:56 Measure 38 id=38 sync offset=-1990687ns
23:41:56 Measure 39 id=39 sync offset=-2032583ns
23:41:56 Measure 40 id=40 sync offset=-2080886ns
23:41:56 Measure 41 id=41 sync offset=-2125614ns
23:41:56 Measure 42 id=42 sync offset=-2169385ns
23:41:56 Measure 43 id=43 sync offset=-2250230ns
23:41:56 Measure 44 id=44 sync offset=-2281438ns
23:41:56 Measure 45 id=45 sync offset=-2328834ns
23:41:56 Measure 46 id=46 sync offset=-2377313ns
23:41:56 Measure 47 id=47 sync offset=-2435781ns
23:41:56 Measure 48 id=48 sync offset=-2477927ns
23:41:56 Measure 49 id=49 sync offset=-2512552ns
23:41:56 Measure 50 id=50 sync offset=-2552844ns
23:41:56 Measure 1 id=1 sync offset=8979ns
23:41:56 Measure 2 id=2 sync offset=-61510ns
23:41:56 Measure 3 id=3 sync offset=-87052ns
23:41:56 Measure 4 id=4 sync offset=-149021ns
23:41:56 Measure 5 id=5 sync offset=-262542ns
23:41:56 Measure 6 id=6 sync offset=-318563ns
23:41:56 Measure 7 id=7 sync offset=-369500ns
23:41:56 Measure 8 id=8 sync offset=-417355ns
23:41:56 Measure 9 id=9 sync offset=-469063ns
23:41:56 Measure 10 id=10 sync offset=-517458ns
23:41:56 Measure 11 id=11 sync offset=-585792ns
23:41:56 Measure 12 id=12 sync offset=-638875ns
23:41:56 Measure 13 id=13 sync offset=-684562ns
23:41:56 Measure 14 id=14 sync offset=-746542ns
23:41:56 Measure 15 id=15 sync offset=-798167ns
23:41:56 Measure 16 id=16 sync offset=-859500ns
23:41:56 Measure 17 id=17 sync offset=-914583ns
23:41:56 Measure 18 id=18 sync offset=-982209ns
23:41:56 Measure 19 id=19 sync offset=-1042083ns
23:41:56 Measure 20 id=20 sync offset=-1092000ns
23:41:56 Measure 21 id=21 sync offset=-1143843ns
23:41:56 Measure 22 id=22 sync offset=-1194844ns
23:41:56 Measure 23 id=23 sync offset=-1249604ns
23:41:56 Measure 24 id=24 sync offset=-1300323ns
23:41:56 Measure 25 id=25 sync offset=-1365667ns
23:41:56 Measure 26 id=26 sync offset=-1421771ns
23:41:56 Measure 27 id=27 sync offset=-1472834ns
23:41:56 Measure 28 id=28 sync offset=-1517813ns
23:41:56 Measure 29 id=29 sync offset=-1567376ns
23:41:56 Measure 30 id=30 sync offset=-1597875ns
23:41:56 Measure 31 id=31 sync offset=-1639875ns
23:41:56 Measure 32 id=32 sync offset=-1694708ns
23:41:56 Measure 33 id=33 sync offset=-1738250ns
23:41:56 Measure 34 id=34 sync offset=-1786584ns
23:41:56 Measure 35 id=35 sync offset=-1829146ns
23:41:56 Measure 36 id=36 sync offset=-1888677ns
23:41:56 Measure 37 id=37 sync offset=-1941282ns
23:41:56 Measure 38 id=38 sync offset=-1990687ns
23:41:56 Measure 39 id=39 sync offset=-2032583ns
23:41:56 Measure 40 id=40 sync offset=-2080886ns
23:41:56 Measure 41 id=41 sync offset=-2125614ns
23:41:56 Measure 42 id=42 sync offset=-2169385ns
23:41:56 Measure 43 id=43 sync offset=-2250230ns
23:41:56 Measure 44 id=44 sync offset=-2281438ns
23:41:56 Measure 45 id=45 sync offset=-2328834ns
23:41:56 Measure 46 id=46 sync offset=-2377313ns
23:41:56 Measure 47 id=47 sync offset=-2435781ns
23:41:56 Measure 48 id=48 sync offset=-2477927ns
23:41:56 Measure 49 id=49 sync offset=-2512552ns
23:41:56 Measure 50 id=50 sync offset=-2552844ns
23:41:57 Measure 1 id=1 sync offset=10458ns
23:41:57 Measure 2 id=2 sync offset=-59042ns
23:41:57 Measure 3 id=3 sync offset=-86521ns
23:41:57 Measure 4 id=4 sync offset=-139209ns
23:41:57 Measure 5 id=5 sync offset=-245677ns
23:41:57 Measure 6 id=6 sync offset=-311260ns
23:41:57 Measure 7 id=7 sync offset=-371052ns
23:41:57 Measure 8 id=8 sync offset=-420782ns
23:41:57 Measure 9 id=9 sync offset=-469365ns
23:41:57 Measure 10 id=10 sync offset=-525062ns
23:41:57 Measure 11 id=11 sync offset=-587198ns
23:41:57 Measure 12 id=12 sync offset=-644042ns
23:41:57 Measure 13 id=13 sync offset=-691437ns
23:41:57 Measure 14 id=14 sync offset=-764375ns
23:41:57 Measure 15 id=15 sync offset=-817094ns
23:41:57 Measure 16 id=16 sync offset=-891604ns
23:41:57 Measure 17 id=17 sync offset=-942146ns
23:41:57 Measure 18 id=18 sync offset=-997230ns
23:41:57 Measure 19 id=19 sync offset=-1045083ns
23:41:57 Measure 20 id=20 sync offset=-1099813ns
23:41:57 Measure 21 id=21 sync offset=-1151240ns
23:41:57 Measure 22 id=22 sync offset=-1208281ns
23:41:57 Measure 23 id=23 sync offset=-1270625ns
23:41:57 Measure 24 id=24 sync offset=-1338063ns
23:41:57 Measure 25 id=25 sync offset=-1395063ns
23:41:57 Measure 26 id=26 sync offset=-1445479ns
23:41:57 Measure 27 id=27 sync offset=-1508052ns
23:41:57 Measure 28 id=28 sync offset=-1552969ns
23:41:57 Measure 29 id=29 sync offset=-1595645ns
23:41:57 Measure 30 id=30 sync offset=-1632885ns
23:41:57 Measure 31 id=31 sync offset=-1706979ns
23:41:57 Measure 32 id=32 sync offset=-1764042ns
23:41:57 Measure 33 id=33 sync offset=-1821938ns
23:41:57 Measure 34 id=34 sync offset=-1864146ns
23:41:57 Measure 35 id=35 sync offset=-1915042ns
23:41:57 Measure 36 id=36 sync offset=-1962604ns
23:41:57 Measure 37 id=37 sync offset=-1996459ns
23:41:57 Measure 38 id=38 sync offset=-2025271ns
23:41:57 Measure 39 id=39 sync offset=-2062562ns
23:41:57 Measure 40 id=40 sync offset=-2108646ns
23:41:57 Measure 41 id=41 sync offset=-2181646ns
23:41:57 Measure 42 id=42 sync offset=-2229708ns
23:41:57 Measure 43 id=43 sync offset=-2259355ns
23:41:57 Measure 44 id=44 sync offset=-2304980ns
23:41:57 Measure 45 id=45 sync offset=-2344771ns
23:41:57 Measure 46 id=46 sync offset=-2388896ns
23:41:57 Measure 47 id=47 sync offset=-2441167ns
23:41:57 Measure 48 id=48 sync offset=-2496813ns
23:41:57 Measure 49 id=49 sync offset=-2520480ns
23:41:57 Measure 50 id=50 sync offset=-2559938ns
23:41:57 Measure 1 id=1 sync offset=10458ns
23:41:57 Measure 2 id=2 sync offset=-59042ns
23:41:57 Measure 3 id=3 sync offset=-86521ns
23:41:57 Measure 4 id=4 sync offset=-139209ns
23:41:57 Measure 5 id=5 sync offset=-245677ns
23:41:57 Measure 6 id=6 sync offset=-311260ns
23:41:57 Measure 7 id=7 sync offset=-371052ns
23:41:57 Measure 8 id=8 sync offset=-420782ns
23:41:57 Measure 9 id=9 sync offset=-469365ns
23:41:57 Measure 10 id=10 sync offset=-525062ns
23:41:57 Measure 11 id=11 sync offset=-587198ns
23:41:57 Measure 12 id=12 sync offset=-644042ns
23:41:57 Measure 13 id=13 sync offset=-691437ns
23:41:57 Measure 14 id=14 sync offset=-764375ns
23:41:57 Measure 15 id=15 sync offset=-817094ns
23:41:57 Measure 16 id=16 sync offset=-891604ns
23:41:57 Measure 17 id=17 sync offset=-942146ns
23:41:57 Measure 18 id=18 sync offset=-997230ns
23:41:57 Measure 19 id=19 sync offset=-1045083ns
23:41:57 Measure 20 id=20 sync offset=-1099813ns
23:41:57 Measure 21 id=21 sync offset=-1151240ns
23:41:57 Measure 22 id=22 sync offset=-1208281ns
23:41:57 Measure 23 id=23 sync offset=-1270625ns
23:41:57 Measure 24 id=24 sync offset=-1338063ns
23:41:57 Measure 25 id=25 sync offset=-1395063ns
23:41:57 Measure 26 id=26 sync offset=-1445479ns
23:41:57 Measure 27 id=27 sync offset=-1508052ns
23:41:57 Measure 28 id=28 sync offset=-1552969ns
23:41:57 Measure 29 id=29 sync offset=-1595645ns
23:41:57 Measure 30 id=30 sync offset=-1632885ns
23:41:57 Measure 31 id=31 sync offset=-1706979ns
23:41:57 Measure 32 id=32 sync offset=-1764042ns
23:41:57 Measure 33 id=33 sync offset=-1821938ns
23:41:57 Measure 34 id=34 sync offset=-1864146ns
23:41:57 Measure 35 id=35 sync offset=-1915042ns
23:41:57 Measure 36 id=36 sync offset=-1962604ns
23:41:57 Measure 37 id=37 sync offset=-1996459ns
23:41:57 Measure 38 id=38 sync offset=-2025271ns
23:41:57 Measure 39 id=39 sync offset=-2062562ns
23:41:57 Measure 40 id=40 sync offset=-2108646ns
23:41:57 Measure 41 id=41 sync offset=-2181646ns
23:41:57 Measure 42 id=42 sync offset=-2229708ns
23:41:57 Measure 43 id=43 sync offset=-2259355ns
23:41:57 Measure 44 id=44 sync offset=-2304980ns
23:41:57 Measure 45 id=45 sync offset=-2344771ns
23:41:57 Measure 46 id=46 sync offset=-2388896ns
23:41:57 Measure 47 id=47 sync offset=-2441167ns
23:41:57 Measure 48 id=48 sync offset=-2496813ns
23:41:57 Measure 49 id=49 sync offset=-2520480ns
23:41:57 Measure 50 id=50 sync offset=-2559938ns
23:41:58 Measure 1 id=1 sync offset=10458ns
23:41:58 Measure 2 id=2 sync offset=-59042ns
23:41:58 Measure 3 id=3 sync offset=-86521ns
23:41:58 Measure 4 id=4 sync offset=-139209ns
23:41:58 Measure 5 id=5 sync offset=-245677ns
23:41:58 Measure 6 id=6 sync offset=-311260ns
23:41:58 Measure 7 id=7 sync offset=-371052ns
23:41:58 Measure 8 id=8 sync offset=-420782ns
23:41:58 Measure 9 id=9 sync offset=-469365ns
23:41:58 Measure 10 id=10 sync offset=-525062ns
23:41:58 Measure 11 id=11 sync offset=-587198ns
23:41:58 Measure 12 id=12 sync offset=-644042ns
23:41:58 Measure 13 id=13 sync offset=-691437ns
23:41:58 Measure 14 id=14 sync offset=-764375ns
23:41:58 Measure 15 id=15 sync offset=-817094ns
23:41:58 Measure 16 id=16 sync offset=-891604ns
23:41:58 Measure 17 id=17 sync offset=-942146ns
23:41:58 Measure 18 id=18 sync offset=-997230ns
23:41:58 Measure 19 id=19 sync offset=-1045083ns
23:41:58 Measure 20 id=20 sync offset=-1099813ns
23:41:58 Measure 21 id=21 sync offset=-1151240ns
23:41:58 Measure 22 id=22 sync offset=-1208281ns
23:41:58 Measure 23 id=23 sync offset=-1270625ns
23:41:58 Measure 24 id=24 sync offset=-1338063ns
23:41:58 Measure 25 id=25 sync offset=-1395063ns
23:41:58 Measure 26 id=26 sync offset=-1445479ns
23:41:58 Measure 27 id=27 sync offset=-1508052ns
23:41:58 Measure 28 id=28 sync offset=-1552969ns
23:41:58 Measure 29 id=29 sync offset=-1595645ns
23:41:58 Measure 30 id=30 sync offset=-1632885ns
23:41:58 Measure 31 id=31 sync offset=-1673833ns
23:41:58 Measure 32 id=32 sync offset=-1729927ns
23:41:58 Measure 33 id=33 sync offset=-1783834ns
23:41:58 Measure 34 id=34 sync offset=-1832083ns
23:41:58 Measure 35 id=35 sync offset=-1889156ns
23:41:58 Measure 36 id=36 sync offset=-1940229ns
23:41:58 Measure 37 id=37 sync offset=-1983521ns
23:41:58 Measure 38 id=38 sync offset=-2022219ns
23:41:58 Measure 39 id=39 sync offset=-2058427ns
23:41:58 Measure 40 id=40 sync offset=-2107833ns
23:41:58 Measure 41 id=41 sync offset=-2160927ns
23:41:58 Measure 42 id=42 sync offset=-2200479ns
23:41:58 Measure 43 id=43 sync offset=-2254792ns
23:41:58 Measure 44 id=44 sync offset=-2293209ns
23:41:58 Measure 45 id=45 sync offset=-2336802ns
23:41:58 Measure 46 id=46 sync offset=-2383104ns
23:41:58 Measure 47 id=47 sync offset=-2435781ns
23:41:58 Measure 48 id=48 sync offset=-2477927ns
23:41:58 Measure 49 id=49 sync offset=-2514240ns
23:41:58 Measure 50 id=50 sync offset=-2552844ns
23:41:58 Measure 1 id=1 sync offset=10458ns
23:41:58 Measure 2 id=2 sync offset=-59042ns
23:41:58 Measure 3 id=3 sync offset=-86521ns
23:41:58 Measure 4 id=4 sync offset=-139209ns
23:41:58 Measure 5 id=5 sync offset=-245677ns
23:41:58 Measure 6 id=6 sync offset=-311260ns
23:41:58 Measure 7 id=7 sync offset=-371052ns
23:41:58 Measure 8 id=8 sync offset=-420782ns
23:41:58 Measure 9 id=9 sync offset=-469365ns
23:41:58 Measure 10 id=10 sync offset=-525062ns
23:41:58 Measure 11 id=11 sync offset=-587198ns
23:41:58 Measure 12 id=12 sync offset=-644042ns
23:41:58 Measure 13 id=13 sync offset=-691437ns
23:41:58 Measure 14 id=14 sync offset=-764375ns
23:41:58 Measure 15 id=15 sync offset=-817094ns
23:41:58 Measure 16 id=16 sync offset=-891604ns
23:41:58 Measure 17 id=17 sync offset=-942146ns
23:41:58 Measure 18 id=18 sync offset=-997230ns
23:41:58 Measure 19 id=19 sync offset=-1045083ns
23:41:58 Measure 20 id=20 sync offset=-1099813ns
23:41:58 Measure 21 id=21 sync offset=-1151240ns
23:41:58 Measure 22 id=22 sync offset=-1208281ns
23:41:58 Measure 23 id=23 sync offset=-1270625ns
23:41:58 Measure 24 id=24 sync offset=-1338063ns
23:41:58 Measure 25 id=25 sync offset=-1395063ns
23:41:58 Measure 26 id=26 sync offset=-1445479ns
23:41:58 Measure 27 id=27 sync offset=-1508052ns
23:41:58 Measure 28 id=28 sync offset=-1552969ns
23:41:58 Measure 29 id=29 sync offset=-1595645ns
23:41:58 Measure 30 id=30 sync offset=-1632885ns
23:41:58 Measure 31 id=31 sync offset=-1673833ns
23:41:58 Measure 32 id=32 sync offset=-1729927ns
23:41:58 Measure 33 id=33 sync offset=-1783834ns
23:41:58 Measure 34 id=34 sync offset=-1832083ns
23:41:58 Measure 35 id=35 sync offset=-1889156ns
23:41:58 Measure 36 id=36 sync offset=-1940229ns
23:41:58 Measure 37 id=37 sync offset=-1983521ns
23:41:58 Measure 38 id=38 sync offset=-2022219ns
23:41:58 Measure 39 id=39 sync offset=-2058427ns
23:41:58 Measure 40 id=40 sync offset=-2107833ns
23:41:58 Measure 41 id=41 sync offset=-2160927ns
23:41:58 Measure 42 id=42 sync offset=-2200479ns
23:41:58 Measure 43 id=43 sync offset=-2254792ns
23:41:58 Measure 44 id=44 sync offset=-2293209ns
23:41:58 Measure 45 id=45 sync offset=-2336802ns
23:41:58 Measure 46 id=46 sync offset=-2383104ns
23:41:58 Measure 47 id=47 sync offset=-2435781ns
23:41:58 Measure 48 id=48 sync offset=-2477927ns
23:41:58 Measure 49 id=49 sync offset=-2514240ns
23:41:58 Measure 50 id=50 sync offset=-2552844ns
23:41:59 Measure 1 id=1 sync offset=10458ns
23:41:59 Measure 2 id=2 sync offset=-59042ns
23:41:59 Measure 3 id=3 sync offset=-86521ns
23:41:59 Measure 4 id=4 sync offset=-139209ns
23:41:59 Measure 5 id=5 sync offset=-245677ns
23:41:59 Measure 6 id=6 sync offset=-311260ns
23:41:59 Measure 7 id=7 sync offset=-371052ns
23:41:59 Measure 8 id=8 sync offset=-420782ns
23:41:59 Measure 9 id=9 sync offset=-469365ns
23:41:59 Measure 10 id=10 sync offset=-525062ns
23:41:59 Measure 11 id=11 sync offset=-587198ns
23:41:59 Measure 12 id=12 sync offset=-644042ns
23:41:59 Measure 13 id=13 sync offset=-691437ns
23:41:59 Measure 14 id=14 sync offset=-764375ns
23:41:59 Measure 15 id=15 sync offset=-817094ns
23:41:59 Measure 16 id=16 sync offset=-891604ns
23:41:59 Measure 17 id=17 sync offset=-942146ns
23:41:59 Measure 18 id=18 sync offset=-997230ns
23:41:59 Measure 19 id=19 sync offset=-1045083ns
23:41:59 Measure 20 id=20 sync offset=-1099813ns
23:41:59 Measure 21 id=21 sync offset=-1151240ns
23:41:59 Measure 22 id=22 sync offset=-1208281ns
23:41:59 Measure 23 id=23 sync offset=-1270625ns
23:41:59 Measure 24 id=24 sync offset=-1338063ns
23:41:59 Measure 25 id=25 sync offset=-1395063ns
23:41:59 Measure 26 id=26 sync offset=-1445479ns
23:41:59 Measure 27 id=27 sync offset=-1508052ns
23:41:59 Measure 28 id=28 sync offset=-1552969ns
23:41:59 Measure 29 id=29 sync offset=-1595645ns
23:41:59 Measure 30 id=30 sync offset=-1632885ns
23:41:59 Measure 31 id=31 sync offset=-1673833ns
23:41:59 Measure 32 id=32 sync offset=-1729927ns
23:41:59 Measure 33 id=33 sync offset=-1783834ns
23:41:59 Measure 34 id=34 sync offset=-1832083ns
23:41:59 Measure 35 id=35 sync offset=-1889156ns
23:41:59 Measure 36 id=36 sync offset=-1940229ns
23:41:59 Measure 37 id=37 sync offset=-1983521ns
23:41:59 Measure 38 id=38 sync offset=-2022219ns
23:41:59 Measure 39 id=39 sync offset=-2058427ns
23:41:59 Measure 40 id=40 sync offset=-2107833ns
23:41:59 Measure 41 id=41 sync offset=-2160927ns
23:41:59 Measure 42 id=42 sync offset=-2200479ns
23:41:59 Measure 43 id=43 sync offset=-2254792ns
23:41:59 Measure 44 id=44 sync offset=-2293209ns
23:41:59 Measure 45 id=45 sync offset=-2336802ns
23:41:59 Measure 46 id=46 sync offset=-2383104ns
23:41:59 Measure 47 id=47 sync offset=-2435781ns
23:41:59 Measure 48 id=48 sync offset=-2477927ns
23:41:59 Measure 49 id=49 sync offset=-2514240ns
23:41:59 Measure 50 id=50 sync offset=-2552844ns
23:41:59 Measure 1 id=1 sync offset=15041ns
23:41:59 Measure 2 id=2 sync offset=-63979ns
23:41:59 Measure 3 id=3 sync offset=-87052ns
23:41:59 Measure 4 id=4 sync offset=-138729ns
23:41:59 Measure 5 id=5 sync offset=-262542ns
23:41:59 Measure 6 id=6 sync offset=-318563ns
23:41:59 Measure 7 id=7 sync offset=-373104ns
23:41:59 Measure 8 id=8 sync offset=-424209ns
23:41:59 Measure 9 id=9 sync offset=-469667ns
23:41:59 Measure 10 id=10 sync offset=-532667ns
23:41:59 Measure 11 id=11 sync offset=-588605ns
23:41:59 Measure 12 id=12 sync offset=-649209ns
23:41:59 Measure 13 id=13 sync offset=-698313ns
23:41:59 Measure 14 id=14 sync offset=-800177ns
23:41:59 Measure 15 id=15 sync offset=-836021ns
23:41:59 Measure 16 id=16 sync offset=-912270ns
23:41:59 Measure 17 id=17 sync offset=-959437ns
23:41:59 Measure 18 id=18 sync offset=-1010042ns
23:41:59 Measure 19 id=19 sync offset=-1055531ns
23:41:59 Measure 20 id=20 sync offset=-1100208ns
23:41:59 Measure 21 id=21 sync offset=-1148479ns
23:41:59 Measure 22 id=22 sync offset=-1206375ns
23:41:59 Measure 23 id=23 sync offset=-1283937ns
23:41:59 Measure 24 id=24 sync offset=-1349834ns
23:41:59 Measure 25 id=25 sync offset=-1404646ns
23:41:59 Measure 26 id=26 sync offset=-1453479ns
23:41:59 Measure 27 id=27 sync offset=-1514979ns
23:41:59 Measure 28 id=28 sync offset=-1553771ns
23:41:59 Measure 29 id=29 sync offset=-1604854ns
23:41:59 Measure 30 id=30 sync offset=-1653854ns
23:41:59 Measure 31 id=31 sync offset=-1706979ns
23:41:59 Measure 32 id=32 sync offset=-1764042ns
23:41:59 Measure 33 id=33 sync offset=-1821938ns
23:41:59 Measure 34 id=34 sync offset=-1864146ns
23:41:59 Measure 35 id=35 sync offset=-1915042ns
23:41:59 Measure 36 id=36 sync offset=-1962604ns
23:41:59 Measure 37 id=37 sync offset=-1996459ns
23:41:59 Measure 38 id=38 sync offset=-2025271ns
23:41:59 Measure 39 id=39 sync offset=-2062562ns
23:41:59 Measure 40 id=40 sync offset=-2108646ns
23:41:59 Measure 41 id=41 sync offset=-2181646ns
23:41:59 Measure 42 id=42 sync offset=-2229708ns
23:41:59 Measure 43 id=43 sync offset=-2259355ns
23:41:59 Measure 44 id=44 sync offset=-2304980ns
23:41:59 Measure 45 id=45 sync offset=-2344771ns
23:41:59 Measure 46 id=46 sync offset=-2388896ns
23:41:59 Measure 47 id=47 sync offset=-2430396ns
23:41:59 Measure 48 id=48 sync offset=-2459042ns
23:41:59 Measure 49 id=49 sync offset=-2504625ns
23:41:59 Measure 50 id=50 sync offset=-2545750ns
23:42:00 Measure 1 id=1 sync offset=15041ns
23:42:00 Measure 2 id=2 sync offset=-63979ns
23:42:00 Measure 3 id=3 sync offset=-87052ns
23:42:00 Measure 4 id=4 sync offset=-138729ns
23:42:00 Measure 5 id=5 sync offset=-262542ns
23:42:00 Measure 6 id=6 sync offset=-318563ns
23:42:00 Measure 7 id=7 sync offset=-373104ns
23:42:00 Measure 8 id=8 sync offset=-424209ns
23:42:00 Measure 9 id=9 sync offset=-469667ns
23:42:00 Measure 10 id=10 sync offset=-532667ns
23:42:00 Measure 11 id=11 sync offset=-588605ns
23:42:00 Measure 12 id=12 sync offset=-649209ns
23:42:00 Measure 13 id=13 sync offset=-698313ns
23:42:00 Measure 14 id=14 sync offset=-800177ns
23:42:00 Measure 15 id=15 sync offset=-836021ns
23:42:00 Measure 16 id=16 sync offset=-912270ns
23:42:00 Measure 17 id=17 sync offset=-959437ns
23:42:00 Measure 18 id=18 sync offset=-1010042ns
23:42:00 Measure 19 id=19 sync offset=-1055531ns
23:42:00 Measure 20 id=20 sync offset=-1100208ns
23:42:00 Measure 21 id=21 sync offset=-1148479ns
23:42:00 Measure 22 id=22 sync offset=-1206375ns
23:42:00 Measure 23 id=23 sync offset=-1270625ns
23:42:00 Measure 24 id=24 sync offset=-1338063ns
23:42:00 Measure 25 id=25 sync offset=-1395063ns
23:42:00 Measure 26 id=26 sync offset=-1445479ns
23:42:00 Measure 27 id=27 sync offset=-1508052ns
23:42:00 Measure 28 id=28 sync offset=-1552969ns
23:42:00 Measure 29 id=29 sync offset=-1595645ns
23:42:00 Measure 30 id=30 sync offset=-1632885ns
23:42:00 Measure 31 id=31 sync offset=-1673833ns
23:42:00 Measure 32 id=32 sync offset=-1729927ns
23:42:00 Measure 33 id=33 sync offset=-1783834ns
23:42:00 Measure 34 id=34 sync offset=-1832083ns
23:42:00 Measure 35 id=35 sync offset=-1889156ns
23:42:00 Measure 36 id=36 sync offset=-1946417ns
23:42:00 Measure 37 id=37 sync offset=-1999302ns
23:42:00 Measure 38 id=38 sync offset=-2049094ns
23:42:00 Measure 39 id=39 sync offset=-2096469ns
23:42:00 Measure 40 id=40 sync offset=-2134156ns
23:42:00 Measure 41 id=41 sync offset=-2189625ns
23:42:00 Measure 42 id=42 sync offset=-2236875ns
23:42:00 Measure 43 id=43 sync offset=-2282240ns
23:42:00 Measure 44 id=44 sync offset=-2295115ns
23:42:00 Measure 45 id=45 sync offset=-2334479ns
23:42:00 Measure 46 id=46 sync offset=-2382667ns
23:42:00 Measure 47 id=47 sync offset=-2424323ns
23:42:00 Measure 48 id=48 sync offset=-2451490ns
23:42:00 Measure 49 id=49 sync offset=-2493260ns
23:42:00 Measure 50 id=50 sync offset=-2522593ns
23:42:00 Measure 1 id=1 sync offset=15655ns
23:42:00 Measure 2 id=2 sync offset=-71646ns
23:42:00 Measure 3 id=3 sync offset=-87583ns
23:42:00 Measure 4 id=4 sync offset=-158834ns
23:42:00 Measure 5 id=5 sync offset=-276136ns
23:42:00 Measure 6 id=6 sync offset=-329250ns
23:42:00 Measure 7 id=7 sync offset=-382667ns
23:42:00 Measure 8 id=8 sync offset=-428594ns
23:42:00 Measure 9 id=9 sync offset=-479854ns
23:42:00 Measure 10 id=10 sync offset=-538542ns
23:42:00 Measure 11 id=11 sync offset=-591709ns
23:42:00 Measure 12 id=12 sync offset=-649813ns
23:42:00 Measure 13 id=13 sync offset=-729375ns
23:42:00 Measure 14 id=14 sync offset=-835979ns
23:42:00 Measure 15 id=15 sync offset=-839438ns
23:42:00 Measure 16 id=16 sync offset=-932937ns
23:42:00 Measure 17 id=17 sync offset=-976729ns
23:42:00 Measure 18 id=18 sync offset=-1022854ns
23:42:00 Measure 19 id=19 sync offset=-1065980ns
23:42:00 Measure 20 id=20 sync offset=-1100604ns
23:42:00 Measure 21 id=21 sync offset=-1170917ns
23:42:00 Measure 22 id=22 sync offset=-1222615ns
23:42:00 Measure 23 id=23 sync offset=-1283937ns
23:42:00 Measure 24 id=24 sync offset=-1349834ns
23:42:00 Measure 25 id=25 sync offset=-1404646ns
23:42:00 Measure 26 id=26 sync offset=-1453479ns
23:42:00 Measure 27 id=27 sync offset=-1514979ns
23:42:00 Measure 28 id=28 sync offset=-1553771ns
23:42:00 Measure 29 id=29 sync offset=-1604854ns
23:42:00 Measure 30 id=30 sync offset=-1653854ns
23:42:00 Measure 31 id=31 sync offset=-1706979ns
23:42:00 Measure 32 id=32 sync offset=-1764042ns
23:42:00 Measure 33 id=33 sync offset=-1821938ns
23:42:00 Measure 34 id=34 sync offset=-1864146ns
23:42:00 Measure 35 id=35 sync offset=-1915042ns
23:42:00 Measure 36 id=36 sync offset=-1974980ns
23:42:00 Measure 37 id=37 sync offset=-2028021ns
23:42:00 Measure 38 id=38 sync offset=-2079021ns
23:42:00 Measure 39 id=39 sync offset=-2130376ns
23:42:00 Measure 40 id=40 sync offset=-2159667ns
23:42:00 Measure 41 id=41 sync offset=-2197604ns
23:42:00 Measure 42 id=42 sync offset=-2229708ns
23:42:00 Measure 43 id=43 sync offset=-2259355ns
23:42:00 Measure 44 id=44 sync offset=-2281438ns
23:42:00 Measure 45 id=45 sync offset=-2324188ns
23:42:00 Measure 46 id=46 sync offset=-2376438ns
23:42:00 Measure 47 id=47 sync offset=-2430396ns
23:42:00 Measure 48 id=48 sync offset=-2443938ns
23:42:00 Measure 49 id=49 sync offset=-2481896ns
23:42:00 Measure 50 id=50 sync offset=-2499437ns
23:42:01 Measure 1 id=1 sync offset=3791ns
23:42:01 Measure 2 id=2 sync offset=-84916ns
23:42:01 Measure 3 id=3 sync offset=-148958ns
23:42:01 Measure 4 id=4 sync offset=-225833ns
23:42:01 Measure 5 id=5 sync offset=-345927ns
23:42:01 Measure 6 id=6 sync offset=-364344ns
23:42:01 Measure 7 id=7 sync offset=-392230ns
23:42:01 Measure 8 id=8 sync offset=-432979ns
23:42:01 Measure 9 id=9 sync offset=-490042ns
23:42:01 Measure 10 id=10 sync offset=-544417ns
23:42:01 Measure 11 id=11 sync offset=-594813ns
23:42:01 Measure 12 id=12 sync offset=-649209ns
23:42:01 Measure 13 id=13 sync offset=-760438ns
23:42:01 Measure 14 id=14 sync offset=-838740ns
23:42:01 Measure 15 id=15 sync offset=-888271ns
23:42:01 Measure 16 id=16 sync offset=-943427ns
23:42:01 Measure 17 id=17 sync offset=-987531ns
23:42:01 Measure 18 id=18 sync offset=-1028718ns
23:42:01 Measure 19 id=19 sync offset=-1079521ns
23:42:01 Measure 20 id=20 sync offset=-1124479ns
23:42:01 Measure 21 id=21 sync offset=-1193355ns
23:42:01 Measure 22 id=22 sync offset=-1238855ns
23:42:01 Measure 23 id=23 sync offset=-1297250ns
23:42:01 Measure 24 id=24 sync offset=-1369615ns
23:42:01 Measure 25 id=25 sync offset=-1431167ns
23:42:01 Measure 26 id=26 sync offset=-1470844ns
23:42:01 Measure 27 id=27 sync offset=-1510021ns
23:42:01 Measure 28 id=28 sync offset=-1552969ns
23:42:01 Measure 29 id=29 sync offset=-1595645ns
23:42:01 Measure 30 id=30 sync offset=-1632885ns
23:42:01 Measure 31 id=31 sync offset=-1673427ns
23:42:01 Measure 32 id=32 sync offset=-1739614ns
23:42:01 Measure 33 id=33 sync offset=-1789771ns
23:42:01 Measure 34 id=34 sync offset=-1835583ns
23:42:01 Measure 35 id=35 sync offset=-1877958ns
23:42:01 Measure 36 id=36 sync offset=-1916718ns
23:42:01 Measure 37 id=37 sync offset=-1949969ns
23:42:01 Measure 38 id=38 sync offset=-1989333ns
23:42:01 Measure 39 id=39 sync offset=-2031355ns
23:42:01 Measure 40 id=40 sync offset=-2059333ns
23:42:01 Measure 41 id=41 sync offset=-2094469ns
23:42:01 Measure 42 id=42 sync offset=-2128135ns
23:42:01 Measure 43 id=43 sync offset=-2161292ns
23:42:01 Measure 44 id=44 sync offset=-2193500ns
23:42:01 Measure 45 id=45 sync offset=-2235834ns
23:42:01 Measure 46 id=46 sync offset=-2280979ns
23:42:01 Measure 47 id=47 sync offset=-2330552ns
23:42:01 Measure 48 id=48 sync offset=-2371604ns
23:42:01 Measure 49 id=49 sync offset=-2418448ns
23:42:01 Measure 50 id=50 sync offset=-2448968ns
23:42:01 Measure 1 id=1 sync offset=1468ns
23:42:01 Measure 2 id=2 sync offset=-87167ns
23:42:01 Measure 3 id=3 sync offset=-153500ns
23:42:01 Measure 4 id=4 sync offset=-234125ns
23:42:01 Measure 5 id=5 sync offset=-359729ns
23:42:01 Measure 6 id=6 sync offset=-430302ns
23:42:01 Measure 7 id=7 sync offset=-526417ns
23:42:01 Measure 8 id=8 sync offset=-480864ns
23:42:01 Measure 9 id=9 sync offset=-557209ns
23:42:01 Measure 10 id=10 sync offset=-677396ns
23:42:01 Measure 11 id=11 sync offset=-719771ns
23:42:01 Measure 12 id=12 sync offset=-753125ns
23:42:01 Measure 13 id=13 sync offset=-805677ns
23:42:01 Measure 14 id=14 sync offset=-846740ns
23:42:01 Measure 15 id=15 sync offset=-907865ns
23:42:01 Measure 16 id=16 sync offset=-956885ns
23:42:01 Measure 17 id=17 sync offset=-1001604ns
23:42:01 Measure 18 id=18 sync offset=-1043542ns
23:42:01 Measure 19 id=19 sync offset=-1102855ns
23:42:01 Measure 20 id=20 sync offset=-1157000ns
23:42:01 Measure 21 id=21 sync offset=-1206605ns
23:42:01 Measure 22 id=22 sync offset=-1250667ns
23:42:01 Measure 23 id=23 sync offset=-1324022ns
23:42:01 Measure 24 id=24 sync offset=-1389396ns
23:42:01 Measure 25 id=25 sync offset=-1457688ns
23:42:01 Measure 26 id=26 sync offset=-1488209ns
23:42:01 Measure 27 id=27 sync offset=-1518917ns
23:42:01 Measure 28 id=28 sync offset=-1553771ns
23:42:01 Measure 29 id=29 sync offset=-1604854ns
23:42:01 Measure 30 id=30 sync offset=-1653854ns
23:42:01 Measure 31 id=31 sync offset=-1706979ns
23:42:01 Measure 32 id=32 sync offset=-1784521ns
23:42:01 Measure 33 id=33 sync offset=-1846313ns
23:42:01 Measure 34 id=34 sync offset=-1896375ns
23:42:01 Measure 35 id=35 sync offset=-1946563ns
23:42:01 Measure 36 id=36 sync offset=-1993104ns
23:42:01 Measure 37 id=37 sync offset=-2028021ns
23:42:01 Measure 38 id=38 sync offset=-2079021ns
23:42:01 Measure 39 id=39 sync offset=-2130376ns
23:42:01 Measure 40 id=40 sync offset=-2159667ns
23:42:01 Measure 41 id=41 sync offset=-2197604ns
23:42:01 Measure 42 id=42 sync offset=-2229708ns
23:42:01 Measure 43 id=43 sync offset=-2259355ns
23:42:01 Measure 44 id=44 sync offset=-2281438ns
23:42:01 Measure 45 id=45 sync offset=-2324188ns
23:42:01 Measure 46 id=46 sync offset=-2376438ns
23:42:01 Measure 47 id=47 sync offset=-2430396ns
23:42:01 Measure 48 id=48 sync offset=-2443938ns
23:42:01 Measure 49 id=49 sync offset=-2481896ns
23:42:01 Measure 50 id=50 sync offset=-2499437ns
23:42:02 Measure 1 id=1 sync offset=1468ns
23:42:02 Measure 2 id=2 sync offset=-86375ns
23:42:02 Measure 3 id=3 sync offset=-153281ns
23:42:02 Measure 4 id=4 sync offset=-232000ns
23:42:02 Measure 5 id=5 sync offset=-359729ns
23:42:02 Measure 6 id=6 sync offset=-430302ns
23:42:02 Measure 7 id=7 sync offset=-526417ns
23:42:02 Measure 8 id=8 sync offset=-480864ns
23:42:02 Measure 9 id=9 sync offset=-557209ns
23:42:02 Measure 10 id=10 sync offset=-677396ns
23:42:02 Measure 11 id=11 sync offset=-731781ns
23:42:02 Measure 12 id=12 sync offset=-766031ns
23:42:02 Measure 13 id=13 sync offset=-805677ns
23:42:02 Measure 14 id=14 sync offset=-846740ns
23:42:02 Measure 15 id=15 sync offset=-907865ns
23:42:02 Measure 16 id=16 sync offset=-956885ns
23:42:02 Measure 17 id=17 sync offset=-1001604ns
23:42:02 Measure 18 id=18 sync offset=-1043542ns
23:42:02 Measure 19 id=19 sync offset=-1102855ns
23:42:02 Measure 20 id=20 sync offset=-1148354ns
23:42:02 Measure 21 id=21 sync offset=-1193355ns
23:42:02 Measure 22 id=22 sync offset=-1238855ns
23:42:02 Measure 23 id=23 sync offset=-1297250ns
23:42:02 Measure 24 id=24 sync offset=-1349834ns
23:42:02 Measure 25 id=25 sync offset=-1404646ns
23:42:02 Measure 26 id=26 sync offset=-1453479ns
23:42:02 Measure 27 id=27 sync offset=-1501125ns
23:42:02 Measure 28 id=28 sync offset=-1552167ns
23:42:02 Measure 29 id=29 sync offset=-1604854ns
23:42:02 Measure 30 id=30 sync offset=-1653854ns
23:42:02 Measure 31 id=31 sync offset=-1706979ns
23:42:02 Measure 32 id=32 sync offset=-1784521ns
23:42:02 Measure 33 id=33 sync offset=-1846313ns
23:42:02 Measure 34 id=34 sync offset=-1896375ns
23:42:02 Measure 35 id=35 sync offset=-1946563ns
23:42:02 Measure 36 id=36 sync offset=-1993104ns
23:42:02 Measure 37 id=37 sync offset=-2028021ns
23:42:02 Measure 38 id=38 sync offset=-2079021ns
23:42:02 Measure 39 id=39 sync offset=-2130376ns
23:42:02 Measure 40 id=40 sync offset=-2159667ns
23:42:02 Measure 41 id=41 sync offset=-2197604ns
23:42:02 Measure 42 id=42 sync offset=-2229708ns
23:42:02 Measure 43 id=43 sync offset=-2259355ns
23:42:02 Measure 44 id=44 sync offset=-2281438ns
23:42:02 Measure 45 id=45 sync offset=-2324188ns
23:42:02 Measure 46 id=46 sync offset=-2376438ns
23:42:02 Measure 47 id=47 sync offset=-2430396ns
23:42:02 Measure 48 id=48 sync offset=-2443938ns
23:42:02 Measure 49 id=49 sync offset=-2481896ns
23:42:02 Measure 50 id=50 sync offset=-2499437ns
23:42:02 Measure 1 id=1 sync offset=5208ns
23:42:02 Measure 2 id=2 sync offset=-84916ns
23:42:02 Measure 3 id=3 sync offset=-150135ns
23:42:02 Measure 4 id=4 sync offset=-249584ns
23:42:02 Measure 5 id=5 sync offset=-373583ns
23:42:02 Measure 6 id=6 sync offset=-471854ns
23:42:02 Measure 7 id=7 sync offset=-581250ns
23:42:02 Measure 8 id=8 sync offset=-620854ns
23:42:02 Measure 9 id=9 sync offset=-738552ns
23:42:02 Measure 10 id=10 sync offset=-810834ns
23:42:02 Measure 11 id=11 sync offset=-813083ns
23:42:02 Measure 12 id=12 sync offset=-854927ns
23:42:02 Measure 13 id=13 sync offset=-890760ns
23:42:02 Measure 14 id=14 sync offset=-911875ns
23:42:02 Measure 15 id=15 sync offset=-942698ns
23:42:02 Measure 16 id=16 sync offset=-986927ns
23:42:02 Measure 17 id=17 sync offset=-1026031ns
23:42:02 Measure 18 id=18 sync offset=-1062239ns
23:42:02 Measure 19 id=19 sync offset=-1117916ns
23:42:02 Measure 20 id=20 sync offset=-1157000ns
23:42:02 Measure 21 id=21 sync offset=-1206605ns
23:42:02 Measure 22 id=22 sync offset=-1250667ns
23:42:02 Measure 23 id=23 sync offset=-1252615ns
23:42:02 Measure 24 id=24 sync offset=-1289823ns
23:42:02 Measure 25 id=25 sync offset=-1331459ns
23:42:02 Measure 26 id=26 sync offset=-1370041ns
23:42:02 Measure 27 id=27 sync offset=-1401385ns
23:42:02 Measure 28 id=28 sync offset=-1440031ns
23:42:02 Measure 29 id=29 sync offset=-1481823ns
23:42:02 Measure 30 id=30 sync offset=-1522000ns
23:42:02 Measure 31 id=31 sync offset=-1563750ns
23:42:02 Measure 32 id=32 sync offset=-1621365ns
23:42:02 Measure 33 id=33 sync offset=-1669031ns
23:42:02 Measure 34 id=34 sync offset=-1710187ns
23:42:02 Measure 35 id=35 sync offset=-1764573ns
23:42:02 Measure 36 id=36 sync offset=-1822969ns
23:42:02 Measure 37 id=37 sync offset=-1871677ns
23:42:02 Measure 38 id=38 sync offset=-1915167ns
23:42:02 Measure 39 id=39 sync offset=-1956740ns
23:42:02 Measure 40 id=40 sync offset=-1990271ns
23:42:02 Measure 41 id=41 sync offset=-2029677ns
23:42:02 Measure 42 id=42 sync offset=-2077114ns
23:42:02 Measure 43 id=43 sync offset=-2108313ns
23:42:02 Measure 44 id=44 sync offset=-2132365ns
23:42:02 Measure 45 id=45 sync offset=-2153813ns
23:42:02 Measure 46 id=46 sync offset=-2196459ns
23:42:02 Measure 47 id=47 sync offset=-2238427ns
23:42:02 Measure 48 id=48 sync offset=-2263771ns
23:42:02 Measure 49 id=49 sync offset=-2304646ns
23:42:02 Measure 50 id=50 sync offset=-2350646ns
23:42:03 Measure 1 id=1 sync offset=2427ns
23:42:03 Measure 2 id=2 sync offset=-84250ns
23:42:03 Measure 3 id=3 sync offset=-153500ns
23:42:03 Measure 4 id=4 sync offset=-249584ns
23:42:03 Measure 5 id=5 sync offset=-383105ns
23:42:03 Measure 6 id=6 sync offset=-472718ns
23:42:03 Measure 7 id=7 sync offset=-583448ns
23:42:03 Measure 8 id=8 sync offset=-657125ns
23:42:03 Measure 9 id=9 sync offset=-773666ns
23:42:03 Measure 10 id=10 sync offset=-822854ns
23:42:03 Measure 11 id=11 sync offset=-882375ns
23:42:03 Measure 12 id=12 sync offset=-930917ns
23:42:03 Measure 13 id=13 sync offset=-967104ns
23:42:03 Measure 14 id=14 sync offset=-982250ns
23:42:03 Measure 15 id=15 sync offset=-981229ns
23:42:03 Measure 16 id=16 sync offset=-1019938ns
23:42:03 Measure 17 id=17 sync offset=-1026031ns
23:42:03 Measure 18 id=18 sync offset=-1062239ns
23:42:03 Measure 19 id=19 sync offset=-1105489ns
23:42:03 Measure 20 id=20 sync offset=-1151604ns
23:42:03 Measure 21 id=21 sync offset=-1184458ns
23:42:03 Measure 22 id=22 sync offset=-1218021ns
23:42:03 Measure 23 id=23 sync offset=-1207980ns
23:42:03 Measure 24 id=24 sync offset=-1229812ns
23:42:03 Measure 25 id=25 sync offset=-1258272ns
23:42:03 Measure 26 id=26 sync offset=-1286604ns
23:42:03 Measure 27 id=27 sync offset=-1301646ns
23:42:03 Measure 28 id=28 sync offset=-1327896ns
23:42:03 Measure 29 id=29 sync offset=-1358792ns
23:42:03 Measure 30 id=30 sync offset=-1390146ns
23:42:03 Measure 31 id=31 sync offset=-1420521ns
23:42:03 Measure 32 id=32 sync offset=-1458209ns
23:42:03 Measure 33 id=33 sync offset=-1491750ns
23:42:03 Measure 34 id=34 sync offset=-1524000ns
23:42:03 Measure 35 id=35 sync offset=-1582583ns
23:42:03 Measure 36 id=36 sync offset=-1652834ns
23:42:03 Measure 37 id=37 sync offset=-1715334ns
23:42:03 Measure 38 id=38 sync offset=-1751313ns
23:42:03 Measure 39 id=39 sync offset=-1783105ns
23:42:03 Measure 40 id=40 sync offset=-1820875ns
23:42:03 Measure 41 id=41 sync offset=-1861750ns
23:42:03 Measure 42 id=42 sync offset=-1924521ns
23:42:03 Measure 43 id=43 sync offset=-1957272ns
23:42:03 Measure 44 id=44 sync offset=-1983292ns
23:42:03 Measure 45 id=45 sync offset=-1983438ns
23:42:03 Measure 46 id=46 sync offset=-2016480ns
23:42:03 Measure 47 id=47 sync offset=-2046459ns
23:42:03 Measure 48 id=48 sync offset=-2083605ns
23:42:03 Measure 49 id=49 sync offset=-2127396ns
23:42:03 Measure 50 id=50 sync offset=-2201855ns
23:42:03 Measure 1 id=1 sync offset=104ns
23:42:03 Measure 2 id=2 sync offset=-93042ns
23:42:03 Measure 3 id=3 sync offset=-162219ns
23:42:03 Measure 4 id=4 sync offset=-250979ns
23:42:03 Measure 5 id=5 sync offset=-389396ns
23:42:03 Measure 6 id=6 sync offset=-509209ns
23:42:03 Measure 7 id=7 sync offset=-619302ns
23:42:03 Measure 8 id=8 sync offset=-725281ns
23:42:03 Measure 9 id=9 sync offset=-826854ns
23:42:03 Measure 10 id=10 sync offset=-933688ns
23:42:03 Measure 11 id=11 sync offset=-1045698ns
23:42:03 Measure 12 id=12 sync offset=-1159438ns
23:42:03 Measure 13 id=13 sync offset=-1262511ns
23:42:03 Measure 14 id=14 sync offset=-1372073ns
23:42:03 Measure 15 id=15 sync offset=-1476771ns
23:42:03 Measure 16 id=16 sync offset=-1577386ns
23:42:03 Measure 17 id=17 sync offset=-1684614ns
23:42:03 Measure 18 id=18 sync offset=-1778166ns
23:42:03 Measure 19 id=19 sync offset=-1867958ns
23:42:03 Measure 20 id=20 sync offset=-1969072ns
23:42:03 Measure 21 id=21 sync offset=-2037938ns
23:42:03 Measure 22 id=22 sync offset=-2040105ns
23:42:03 Measure 23 id=23 sync offset=-2085573ns
23:42:03 Measure 24 id=24 sync offset=-2129209ns
23:42:03 Measure 25 id=25 sync offset=-2235625ns
23:42:03 Measure 26 id=26 sync offset=-2327500ns
23:42:03 Measure 27 id=27 sync offset=-2435897ns
23:42:03 Measure 28 id=28 sync offset=-2521625ns
23:42:03 Measure 29 id=29 sync offset=-2603125ns
23:42:03 Measure 30 id=30 sync offset=-2695563ns
23:42:03 Measure 31 id=31 sync offset=-2760750ns
23:42:03 Measure 32 id=32 sync offset=-2849230ns
23:42:03 Measure 33 id=33 sync offset=-2943229ns
23:42:03 Measure 34 id=34 sync offset=-3043709ns
23:42:03 Measure 35 id=35 sync offset=-3137250ns
23:42:03 Measure 36 id=36 sync offset=-3221251ns
23:42:03 Measure 37 id=37 sync offset=-3312854ns
23:42:03 Measure 38 id=38 sync offset=-3405750ns
23:42:03 Measure 39 id=39 sync offset=-3492396ns
23:42:03 Measure 40 id=40 sync offset=-3517751ns
23:42:03 Measure 41 id=41 sync offset=-3595292ns
23:42:03 Measure 42 id=42 sync offset=-3691834ns
23:42:03 Measure 43 id=43 sync offset=-3777167ns
23:42:03 Measure 44 id=44 sync offset=-3228813ns
23:42:03 Measure 45 id=45 sync offset=-3354583ns
23:42:03 Measure 46 id=46 sync offset=-3379084ns
23:42:03 Measure 47 id=47 sync offset=-3406688ns
23:42:03 Measure 48 id=48 sync offset=-2762730ns
23:42:03 Measure 49 id=49 sync offset=-2800167ns
23:42:03 Measure 50 id=50 sync offset=-3507980ns
23:42:04 Measure 1 id=1 sync offset=104ns
23:42:04 Measure 2 id=2 sync offset=-93042ns
23:42:04 Measure 3 id=3 sync offset=-162219ns
23:42:04 Measure 4 id=4 sync offset=-250979ns
23:42:04 Measure 5 id=5 sync offset=-388615ns
23:42:04 Measure 6 id=6 sync offset=-508656ns
23:42:04 Measure 7 id=7 sync offset=-616583ns
23:42:04 Measure 8 id=8 sync offset=-723000ns
23:42:04 Measure 9 id=9 sync offset=-824312ns
23:42:04 Measure 10 id=10 sync offset=-931146ns
23:42:04 Measure 11 id=11 sync offset=-1040626ns
23:42:04 Measure 12 id=12 sync offset=-1155771ns
23:42:04 Measure 13 id=13 sync offset=-1260230ns
23:42:04 Measure 14 id=14 sync offset=-1371167ns
23:42:04 Measure 15 id=15 sync offset=-1472396ns
23:42:04 Measure 16 id=16 sync offset=-1566459ns
23:42:04 Measure 17 id=17 sync offset=-1673542ns
23:42:04 Measure 18 id=18 sync offset=-1777062ns
23:42:04 Measure 19 id=19 sync offset=-1867958ns
23:42:04 Measure 20 id=20 sync offset=-1969072ns
23:42:04 Measure 21 id=21 sync offset=-2037938ns
23:42:04 Measure 22 id=22 sync offset=-2040105ns
23:42:04 Measure 23 id=23 sync offset=-2085573ns
23:42:04 Measure 24 id=24 sync offset=-2129209ns
23:42:04 Measure 25 id=25 sync offset=-2235625ns
23:42:04 Measure 26 id=26 sync offset=-2327500ns
23:42:04 Measure 27 id=27 sync offset=-2435897ns
23:42:04 Measure 28 id=28 sync offset=-2521625ns
23:42:04 Measure 29 id=29 sync offset=-2603125ns
23:42:04 Measure 30 id=30 sync offset=-2695563ns
23:42:04 Measure 31 id=31 sync offset=-2760750ns
23:42:04 Measure 32 id=32 sync offset=-2849230ns
23:42:04 Measure 33 id=33 sync offset=-2943229ns
23:42:04 Measure 34 id=34 sync offset=-3043709ns
23:42:04 Measure 35 id=35 sync offset=-3137250ns
23:42:04 Measure 36 id=36 sync offset=-3221251ns
23:42:04 Measure 37 id=37 sync offset=-3312854ns
23:42:04 Measure 38 id=38 sync offset=-3405750ns
23:42:04 Measure 39 id=39 sync offset=-3492396ns
23:42:04 Measure 40 id=40 sync offset=-3517751ns
23:42:04 Measure 41 id=41 sync offset=-3595292ns
23:42:04 Measure 42 id=42 sync offset=-3691834ns
23:42:04 Measure 43 id=43 sync offset=-3777167ns
23:42:04 Measure 44 id=44 sync offset=-3137251ns
23:42:04 Measure 45 id=45 sync offset=-2970532ns
23:42:04 Measure 46 id=46 sync offset=-3032333ns
23:42:04 Measure 47 id=47 sync offset=-3095896ns
23:42:04 Measure 48 id=48 sync offset=-2083605ns
23:42:04 Measure 49 id=49 sync offset=-2127396ns
23:42:04 Measure 50 id=50 sync offset=-2934073ns
23:42:04 Measure 1 id=1 sync offset=104ns
23:42:04 Measure 2 id=2 sync offset=-93042ns
23:42:04 Measure 3 id=3 sync offset=-162219ns
23:42:04 Measure 4 id=4 sync offset=-249584ns
23:42:04 Measure 5 id=5 sync offset=-387834ns
23:42:04 Measure 6 id=6 sync offset=-508104ns
23:42:04 Measure 7 id=7 sync offset=-619302ns
23:42:04 Measure 8 id=8 sync offset=-725281ns
23:42:04 Measure 9 id=9 sync offset=-826854ns
23:42:04 Measure 10 id=10 sync offset=-933688ns
23:42:04 Measure 11 id=11 sync offset=-1045698ns
23:42:04 Measure 12 id=12 sync offset=-1159438ns
23:42:04 Measure 13 id=13 sync offset=-1264792ns
23:42:04 Measure 14 id=14 sync offset=-1372980ns
23:42:04 Measure 15 id=15 sync offset=-1476771ns
23:42:04 Measure 16 id=16 sync offset=-1577386ns
23:42:04 Measure 17 id=17 sync offset=-1684614ns
23:42:04 Measure 18 id=18 sync offset=-1778166ns
23:42:04 Measure 19 id=19 sync offset=-1886167ns
23:42:04 Measure 20 id=20 sync offset=-1992729ns
23:42:04 Measure 21 id=21 sync offset=-2067292ns
23:42:04 Measure 22 id=22 sync offset=-2087667ns
23:42:04 Measure 23 id=23 sync offset=-2129625ns
23:42:04 Measure 24 id=24 sync offset=-2191292ns
23:42:04 Measure 25 id=25 sync offset=-2297750ns
23:42:04 Measure 26 id=26 sync offset=-2374156ns
23:42:04 Measure 27 id=27 sync offset=-2456334ns
23:42:04 Measure 28 id=28 sync offset=-2536427ns
23:42:04 Measure 29 id=29 sync offset=-2630073ns
23:42:04 Measure 30 id=30 sync offset=-2707823ns
23:42:04 Measure 31 id=31 sync offset=-2773166ns
23:42:04 Measure 32 id=32 sync offset=-2866428ns
23:42:04 Measure 33 id=33 sync offset=-2967812ns
23:42:04 Measure 34 id=34 sync offset=-3060104ns
23:42:04 Measure 35 id=35 sync offset=-3149896ns
23:42:04 Measure 36 id=36 sync offset=-3241105ns
23:42:04 Measure 37 id=37 sync offset=-3331000ns
23:42:04 Measure 38 id=38 sync offset=-3418094ns
23:42:04 Measure 39 id=39 sync offset=-3504219ns
23:42:04 Measure 40 id=40 sync offset=-3567376ns
23:42:04 Measure 41 id=41 sync offset=-3660198ns
23:42:04 Measure 42 id=42 sync offset=-3758021ns
23:42:04 Measure 43 id=43 sync offset=-3845459ns
23:42:04 Measure 44 id=44 sync offset=-3504948ns
23:42:04 Measure 45 id=45 sync offset=-3957626ns
23:42:04 Measure 46 id=46 sync offset=-4048187ns
23:42:04 Measure 47 id=47 sync offset=-4145334ns
23:42:04 Measure 48 id=48 sync offset=-3107000ns
23:42:04 Measure 49 id=49 sync offset=-3171323ns
23:42:04 Measure 50 id=50 sync offset=-3666292ns
23:42:05 Measure 1 id=1 sync offset=-854ns
23:42:05 Measure 2 id=2 sync offset=-87167ns
23:42:05 Measure 3 id=3 sync offset=-163521ns
23:42:05 Measure 4 id=4 sync offset=-251667ns
23:42:05 Measure 5 id=5 sync offset=-390677ns
23:42:05 Measure 6 id=6 sync offset=-508656ns
23:42:05 Measure 7 id=7 sync offset=-616583ns
23:42:05 Measure 8 id=8 sync offset=-723000ns
23:42:05 Measure 9 id=9 sync offset=-826854ns
23:42:05 Measure 10 id=10 sync offset=-933688ns
23:42:05 Measure 11 id=11 sync offset=-1045698ns
23:42:05 Measure 12 id=12 sync offset=-1163667ns
23:42:05 Measure 13 id=13 sync offset=-1264792ns
23:42:05 Measure 14 id=14 sync offset=-1372980ns
23:42:05 Measure 15 id=15 sync offset=-1476771ns
23:42:05 Measure 16 id=16 sync offset=-1577386ns
23:42:05 Measure 17 id=17 sync offset=-1684614ns
23:42:05 Measure 18 id=18 sync offset=-1773125ns
23:42:05 Measure 19 id=19 sync offset=-1849750ns
23:42:05 Measure 20 id=20 sync offset=-1945416ns
23:42:05 Measure 21 id=21 sync offset=-2040761ns
23:42:05 Measure 22 id=22 sync offset=-2077636ns
23:42:05 Measure 23 id=23 sync offset=-2167125ns
23:42:05 Measure 24 id=24 sync offset=-2253375ns
23:42:05 Measure 25 id=25 sync offset=-2297750ns
23:42:05 Measure 26 id=26 sync offset=-2374156ns
23:42:05 Measure 27 id=27 sync offset=-2456334ns
23:42:05 Measure 28 id=28 sync offset=-2536427ns
23:42:05 Measure 29 id=29 sync offset=-2630073ns
23:42:05 Measure 30 id=30 sync offset=-2707823ns
23:42:05 Measure 31 id=31 sync offset=-2773166ns
23:42:05 Measure 32 id=32 sync offset=-2866428ns
23:42:05 Measure 33 id=33 sync offset=-2967812ns
23:42:05 Measure 34 id=34 sync offset=-3060104ns
23:42:05 Measure 35 id=35 sync offset=-3149896ns
23:42:05 Measure 36 id=36 sync offset=-3241105ns
23:42:05 Measure 37 id=37 sync offset=-3331000ns
23:42:05 Measure 38 id=38 sync offset=-3418094ns
23:42:05 Measure 39 id=39 sync offset=-3504219ns
23:42:05 Measure 40 id=40 sync offset=-3567376ns
23:42:05 Measure 41 id=41 sync offset=-3660198ns
23:42:05 Measure 42 id=42 sync offset=-3758021ns
23:42:05 Measure 43 id=43 sync offset=-3845459ns
23:42:05 Measure 44 id=44 sync offset=-3504948ns
23:42:05 Measure 45 id=45 sync offset=-3957626ns
23:42:05 Measure 46 id=46 sync offset=-4048187ns
23:42:05 Measure 47 id=47 sync offset=-4145334ns
23:42:05 Measure 48 id=48 sync offset=-3107000ns
23:42:05 Measure 49 id=49 sync offset=-3171323ns
23:42:05 Measure 50 id=50 sync offset=-3666292ns
23:42:05 Measure 1 id=1 sync offset=-854ns
23:42:05 Measure 2 id=2 sync offset=-87167ns
23:42:05 Measure 3 id=3 sync offset=-163521ns
23:42:05 Measure 4 id=4 sync offset=-253750ns
23:42:05 Measure 5 id=5 sync offset=-393521ns
23:42:05 Measure 6 id=6 sync offset=-509209ns
23:42:05 Measure 7 id=7 sync offset=-624614ns
23:42:05 Measure 8 id=8 sync offset=-725281ns
23:42:05 Measure 9 id=9 sync offset=-829396ns
23:42:05 Measure 10 id=10 sync offset=-936230ns
23:42:05 Measure 11 id=11 sync offset=-1050771ns
23:42:05 Measure 12 id=12 sync offset=-1164646ns
23:42:05 Measure 13 id=13 sync offset=-1264854ns
23:42:05 Measure 14 id=14 sync offset=-1374031ns
23:42:05 Measure 15 id=15 sync offset=-1472396ns
23:42:05 Measure 16 id=16 sync offset=-1566459ns
23:42:05 Measure 17 id=17 sync offset=-1673542ns
23:42:05 Measure 18 id=18 sync offset=-1769188ns
23:42:05 Measure 19 id=19 sync offset=-1845281ns
23:42:05 Measure 20 id=20 sync offset=-1944625ns
23:42:05 Measure 21 id=21 sync offset=-2040761ns
23:42:05 Measure 22 id=22 sync offset=-2077636ns
23:42:05 Measure 23 id=23 sync offset=-2167125ns
23:42:05 Measure 24 id=24 sync offset=-2253375ns
23:42:05 Measure 25 id=25 sync offset=-2297750ns
23:42:05 Measure 26 id=26 sync offset=-2374156ns
23:42:05 Measure 27 id=27 sync offset=-2456334ns
23:42:05 Measure 28 id=28 sync offset=-2536427ns
23:42:05 Measure 29 id=29 sync offset=-2630073ns
23:42:05 Measure 30 id=30 sync offset=-2707823ns
23:42:05 Measure 31 id=31 sync offset=-2773166ns
23:42:05 Measure 32 id=32 sync offset=-2866428ns
23:42:05 Measure 33 id=33 sync offset=-2967812ns
23:42:05 Measure 34 id=34 sync offset=-3060104ns
23:42:05 Measure 35 id=35 sync offset=-3149896ns
23:42:05 Measure 36 id=36 sync offset=-3241105ns
23:42:05 Measure 37 id=37 sync offset=-3331000ns
23:42:05 Measure 38 id=38 sync offset=-3418094ns
23:42:05 Measure 39 id=39 sync offset=-3504219ns
23:42:05 Measure 40 id=40 sync offset=-3567376ns
23:42:05 Measure 41 id=41 sync offset=-3660198ns
23:42:05 Measure 42 id=42 sync offset=-3758021ns
23:42:05 Measure 43 id=43 sync offset=-3845459ns
23:42:05 Measure 44 id=44 sync offset=-3504948ns
23:42:05 Measure 45 id=45 sync offset=-3957626ns
23:42:05 Measure 46 id=46 sync offset=-4048187ns
23:42:05 Measure 47 id=47 sync offset=-4145334ns
23:42:05 Measure 48 id=48 sync offset=-3107000ns
23:42:05 Measure 49 id=49 sync offset=-3171323ns
23:42:05 Measure 50 id=50 sync offset=-3666292ns
23:42:06 Measure 1 id=1 sync offset=-854ns
23:42:06 Measure 2 id=2 sync offset=-86375ns
23:42:06 Measure 3 id=3 sync offset=-155615ns
23:42:06 Measure 4 id=4 sync offset=-250083ns
23:42:06 Measure 5 id=5 sync offset=-390677ns
23:42:06 Measure 6 id=6 sync offset=-508750ns
23:42:06 Measure 7 id=7 sync offset=-632646ns
23:42:06 Measure 8 id=8 sync offset=-727563ns
23:42:06 Measure 9 id=9 sync offset=-835771ns
23:42:06 Measure 10 id=10 sync offset=-961781ns
23:42:06 Measure 11 id=11 sync offset=-1060490ns
23:42:06 Measure 12 id=12 sync offset=-1165625ns
23:42:06 Measure 13 id=13 sync offset=-1297844ns
23:42:06 Measure 14 id=14 sync offset=-1396104ns
23:42:06 Measure 15 id=15 sync offset=-1472396ns
23:42:06 Measure 16 id=16 sync offset=-1566459ns
23:42:06 Measure 17 id=17 sync offset=-1671948ns
23:42:06 Measure 18 id=18 sync offset=-1766177ns
23:42:06 Measure 19 id=19 sync offset=-1840813ns
23:42:06 Measure 20 id=20 sync offset=-1943834ns
23:42:06 Measure 21 id=21 sync offset=-2037938ns
23:42:06 Measure 22 id=22 sync offset=-2077636ns
23:42:06 Measure 23 id=23 sync offset=-2167125ns
23:42:06 Measure 24 id=24 sync offset=-2253375ns
23:42:06 Measure 25 id=25 sync offset=-2297750ns
23:42:06 Measure 26 id=26 sync offset=-2374156ns
23:42:06 Measure 27 id=27 sync offset=-2456334ns
23:42:06 Measure 28 id=28 sync offset=-2536427ns
23:42:06 Measure 29 id=29 sync offset=-2630073ns
23:42:06 Measure 30 id=30 sync offset=-2707823ns
23:42:06 Measure 31 id=31 sync offset=-2773166ns
23:42:06 Measure 32 id=32 sync offset=-2866428ns
23:42:06 Measure 33 id=33 sync offset=-2967812ns
23:42:06 Measure 34 id=34 sync offset=-3060104ns
23:42:06 Measure 35 id=35 sync offset=-3149896ns
23:42:06 Measure 36 id=36 sync offset=-3241105ns
23:42:06 Measure 37 id=37 sync offset=-3331000ns
23:42:06 Measure 38 id=38 sync offset=-3418094ns
23:42:06 Measure 39 id=39 sync offset=-3504219ns
23:42:06 Measure 40 id=40 sync offset=-3567376ns
23:42:06 Measure 41 id=41 sync offset=-3660198ns
23:42:06 Measure 42 id=42 sync offset=-3758021ns
23:42:06 Measure 43 id=43 sync offset=-3845459ns
23:42:06 Measure 44 id=44 sync offset=-3504948ns
23:42:06 Measure 45 id=45 sync offset=-3957626ns
23:42:06 Measure 46 id=46 sync offset=-4048187ns
23:42:06 Measure 47 id=47 sync offset=-4145334ns
23:42:06 Measure 48 id=48 sync offset=-3107000ns
23:42:06 Measure 49 id=49 sync offset=-3171323ns
23:42:06 Measure 50 id=50 sync offset=-3666292ns
23:42:06 Measure 1 id=1 sync offset=-854ns
23:42:06 Measure 2 id=2 sync offset=-86375ns
23:42:06 Measure 3 id=3 sync offset=-155615ns
23:42:06 Measure 4 id=4 sync offset=-246062ns
23:42:06 Measure 5 id=5 sync offset=-387834ns
23:42:06 Measure 6 id=6 sync offset=-508104ns
23:42:06 Measure 7 id=7 sync offset=-632646ns
23:42:06 Measure 8 id=8 sync offset=-727563ns
23:42:06 Measure 9 id=9 sync offset=-835771ns
23:42:06 Measure 10 id=10 sync offset=-961781ns
23:42:06 Measure 11 id=11 sync offset=-1060490ns
23:42:06 Measure 12 id=12 sync offset=-1165625ns
23:42:06 Measure 13 id=13 sync offset=-1297844ns
23:42:06 Measure 14 id=14 sync offset=-1396104ns
23:42:06 Measure 15 id=15 sync offset=-1472396ns
23:42:06 Measure 16 id=16 sync offset=-1566459ns
23:42:06 Measure 17 id=17 sync offset=-1671948ns
23:42:06 Measure 18 id=18 sync offset=-1766177ns
23:42:06 Measure 19 id=19 sync offset=-1840813ns
23:42:06 Measure 20 id=20 sync offset=-1943834ns
23:42:06 Measure 21 id=21 sync offset=-2037938ns
23:42:06 Measure 22 id=22 sync offset=-2077636ns
23:42:06 Measure 23 id=23 sync offset=-2167125ns
23:42:06 Measure 24 id=24 sync offset=-2253375ns
23:42:06 Measure 25 id=25 sync offset=-2297750ns
23:42:06 Measure 26 id=26 sync offset=-2374156ns
23:42:06 Measure 27 id=27 sync offset=-2456334ns
23:42:06 Measure 28 id=28 sync offset=-2536427ns
23:42:06 Measure 29 id=29 sync offset=-2630073ns
23:42:06 Measure 30 id=30 sync offset=-2707823ns
23:42:06 Measure 31 id=31 sync offset=-2773166ns
23:42:06 Measure 32 id=32 sync offset=-2866428ns
23:42:06 Measure 33 id=33 sync offset=-2967812ns
23:42:06 Measure 34 id=34 sync offset=-3060104ns
23:42:06 Measure 35 id=35 sync offset=-3149896ns
23:42:06 Measure 36 id=36 sync offset=-3241105ns
23:42:06 Measure 37 id=37 sync offset=-3331000ns
23:42:06 Measure 38 id=38 sync offset=-3418094ns
23:42:06 Measure 39 id=39 sync offset=-3504219ns
23:42:06 Measure 40 id=40 sync offset=-3567376ns
23:42:06 Measure 41 id=41 sync offset=-3660198ns
23:42:06 Measure 42 id=42 sync offset=-3758021ns
23:42:06 Measure 43 id=43 sync offset=-3845459ns
23:42:06 Measure 44 id=44 sync offset=-3504948ns
23:42:06 Measure 45 id=45 sync offset=-3957626ns
23:42:06 Measure 46 id=46 sync offset=-4048187ns
23:42:06 Measure 47 id=47 sync offset=-4145334ns
23:42:06 Measure 48 id=48 sync offset=-3107000ns
23:42:06 Measure 49 id=49 sync offset=-3171323ns
23:42:06 Measure 50 id=50 sync offset=-3229833ns
23:42:07 Measure 1 id=1 sync offset=-9770ns
23:42:07 Measure 2 id=2 sync offset=-87167ns
23:42:07 Measure 3 id=3 sync offset=-164459ns
23:42:07 Measure 4 id=4 sync offset=-250083ns
23:42:07 Measure 5 id=5 sync offset=-390677ns
23:42:07 Measure 6 id=6 sync offset=-508750ns
23:42:07 Measure 7 id=7 sync offset=-638625ns
23:42:07 Measure 8 id=8 sync offset=-732615ns
23:42:07 Measure 9 id=9 sync offset=-824312ns
23:42:07 Measure 10 id=10 sync offset=-931146ns
23:42:07 Measure 11 id=11 sync offset=-1040626ns
23:42:07 Measure 12 id=12 sync offset=-1158864ns
23:42:07 Measure 13 id=13 sync offset=-1260230ns
23:42:07 Measure 14 id=14 sync offset=-1371167ns
23:42:07 Measure 15 id=15 sync offset=-1466458ns
23:42:07 Measure 16 id=16 sync offset=-1566323ns
23:42:07 Measure 17 id=17 sync offset=-1670354ns
23:42:07 Measure 18 id=18 sync offset=-1763167ns
23:42:07 Measure 19 id=19 sync offset=-1840813ns
23:42:07 Measure 20 id=20 sync offset=-1943834ns
23:42:07 Measure 21 id=21 sync offset=-2037938ns
23:42:07 Measure 22 id=22 sync offset=-2077636ns
23:42:07 Measure 23 id=23 sync offset=-2167125ns
23:42:07 Measure 24 id=24 sync offset=-2253375ns
23:42:07 Measure 25 id=25 sync offset=-2297750ns
23:42:07 Measure 26 id=26 sync offset=-2374156ns
23:42:07 Measure 27 id=27 sync offset=-2456334ns
23:42:07 Measure 28 id=28 sync offset=-2536427ns
23:42:07 Measure 29 id=29 sync offset=-2630073ns
23:42:07 Measure 30 id=30 sync offset=-2707823ns
23:42:07 Measure 31 id=31 sync offset=-2773166ns
23:42:07 Measure 32 id=32 sync offset=-2866428ns
23:42:07 Measure 33 id=33 sync offset=-2967812ns
23:42:07 Measure 34 id=34 sync offset=-3060104ns
23:42:07 Measure 35 id=35 sync offset=-3149896ns
23:42:07 Measure 36 id=36 sync offset=-3241105ns
23:42:07 Measure 37 id=37 sync offset=-3331000ns
23:42:07 Measure 38 id=38 sync offset=-3418094ns
23:42:07 Measure 39 id=39 sync offset=-3504219ns
23:42:07 Measure 40 id=40 sync offset=-3567376ns
23:42:07 Measure 41 id=41 sync offset=-3660198ns
23:42:07 Measure 42 id=42 sync offset=-3758021ns
23:42:07 Measure 43 id=43 sync offset=-3845459ns
23:42:07 Measure 44 id=44 sync offset=-3504948ns
23:42:07 Measure 45 id=45 sync offset=-3957626ns
23:42:07 Measure 46 id=46 sync offset=-4048187ns
23:42:07 Measure 47 id=47 sync offset=-4145334ns
23:42:07 Measure 48 id=48 sync offset=-3107000ns
23:42:07 Measure 49 id=49 sync offset=-3171323ns
23:42:07 Measure 50 id=50 sync offset=-3229833ns
23:42:07 Measure 1 id=1 sync offset=-9770ns
23:42:07 Measure 2 id=2 sync offset=-87167ns
23:42:07 Measure 3 id=3 sync offset=-164459ns
23:42:07 Measure 4 id=4 sync offset=-250083ns
23:42:07 Measure 5 id=5 sync offset=-390677ns
23:42:07 Measure 6 id=6 sync offset=-508750ns
23:42:07 Measure 7 id=7 sync offset=-638625ns
23:42:07 Measure 8 id=8 sync offset=-732615ns
23:42:07 Measure 9 id=9 sync offset=-824312ns
23:42:07 Measure 10 id=10 sync offset=-931146ns
23:42:07 Measure 11 id=11 sync offset=-1040626ns
23:42:07 Measure 12 id=12 sync offset=-1152104ns
23:42:07 Measure 13 id=13 sync offset=-1260063ns
23:42:07 Measure 14 id=14 sync offset=-1363917ns
23:42:07 Measure 15 id=15 sync offset=-1466458ns
23:42:07 Measure 16 id=16 sync offset=-1566323ns
23:42:07 Measure 17 id=17 sync offset=-1670354ns
23:42:07 Measure 18 id=18 sync offset=-1763167ns
23:42:07 Measure 19 id=19 sync offset=-1840813ns
23:42:07 Measure 20 id=20 sync offset=-1943834ns
23:42:07 Measure 21 id=21 sync offset=-2037938ns
23:42:07 Measure 22 id=22 sync offset=-2077636ns
23:42:07 Measure 23 id=23 sync offset=-2167125ns
23:42:07 Measure 24 id=24 sync offset=-2253375ns
23:42:07 Measure 25 id=25 sync offset=-2297750ns
23:42:07 Measure 26 id=26 sync offset=-2374156ns
23:42:07 Measure 27 id=27 sync offset=-2456334ns
23:42:07 Measure 28 id=28 sync offset=-2536427ns
23:42:07 Measure 29 id=29 sync offset=-2630073ns
23:42:07 Measure 30 id=30 sync offset=-2707823ns
23:42:07 Measure 31 id=31 sync offset=-2773166ns
23:42:07 Measure 32 id=32 sync offset=-2866428ns
23:42:07 Measure 33 id=33 sync offset=-2967812ns
23:42:07 Measure 34 id=34 sync offset=-3060104ns
23:42:07 Measure 35 id=35 sync offset=-3149896ns
23:42:07 Measure 36 id=36 sync offset=-3241105ns
23:42:07 Measure 37 id=37 sync offset=-3331000ns
23:42:07 Measure 38 id=38 sync offset=-3418094ns
23:42:07 Measure 39 id=39 sync offset=-3504219ns
23:42:07 Measure 40 id=40 sync offset=-3567376ns
23:42:07 Measure 41 id=41 sync offset=-3660198ns
23:42:07 Measure 42 id=42 sync offset=-3758021ns
23:42:07 Measure 43 id=43 sync offset=-3845459ns
23:42:07 Measure 44 id=44 sync offset=-3872646ns
23:42:07 Measure 45 id=45 sync offset=-3957626ns
23:42:07 Measure 46 id=46 sync offset=-4048187ns
23:42:07 Measure 47 id=47 sync offset=-4145334ns
23:42:07 Measure 48 id=48 sync offset=-3107000ns
23:42:07 Measure 49 id=49 sync offset=-3171323ns
23:42:07 Measure 50 id=50 sync offset=-3229833ns
23:42:08 Measure 1 id=1 sync offset=-26021ns
23:42:08 Measure 2 id=2 sync offset=-81125ns
23:42:08 Measure 3 id=3 sync offset=-160479ns
23:42:08 Measure 4 id=4 sync offset=-264667ns
23:42:08 Measure 5 id=5 sync offset=-386542ns
23:42:08 Measure 6 id=6 sync offset=-498646ns
23:42:08 Measure 7 id=7 sync offset=-621146ns
23:42:08 Measure 8 id=8 sync offset=-723188ns
23:42:08 Measure 9 id=9 sync offset=-808771ns
23:42:08 Measure 10 id=10 sync offset=-914083ns
23:42:08 Measure 11 id=11 sync offset=-1020188ns
23:42:08 Measure 12 id=12 sync offset=-1146375ns
23:42:08 Measure 13 id=13 sync offset=-1250792ns
23:42:08 Measure 14 id=14 sync offset=-1354042ns
23:42:08 Measure 15 id=15 sync offset=-1460281ns
23:42:08 Measure 16 id=16 sync offset=-1565989ns
23:42:08 Measure 17 id=17 sync offset=-1669271ns
23:42:08 Measure 18 id=18 sync offset=-1757614ns
23:42:08 Measure 19 id=19 sync offset=-1839104ns
23:42:08 Measure 20 id=20 sync offset=-1915156ns
23:42:08 Measure 21 id=21 sync offset=-1996500ns
23:42:08 Measure 22 id=22 sync offset=-2040105ns
23:42:08 Measure 23 id=23 sync offset=-2129625ns
23:42:08 Measure 24 id=24 sync offset=-2191292ns
23:42:08 Measure 25 id=25 sync offset=-2235625ns
23:42:08 Measure 26 id=26 sync offset=-2327500ns
23:42:08 Measure 27 id=27 sync offset=-2435897ns
23:42:08 Measure 28 id=28 sync offset=-2521625ns
23:42:08 Measure 29 id=29 sync offset=-2603125ns
23:42:08 Measure 30 id=30 sync offset=-2695563ns
23:42:08 Measure 31 id=31 sync offset=-2760750ns
23:42:08 Measure 32 id=32 sync offset=-2849230ns
23:42:08 Measure 33 id=33 sync offset=-2943229ns
23:42:08 Measure 34 id=34 sync offset=-3043709ns
23:42:08 Measure 35 id=35 sync offset=-3137250ns
23:42:08 Measure 36 id=36 sync offset=-3221251ns
23:42:08 Measure 37 id=37 sync offset=-3312854ns
23:42:08 Measure 38 id=38 sync offset=-3405750ns
23:42:08 Measure 39 id=39 sync offset=-3492396ns
23:42:08 Measure 40 id=40 sync offset=-3570209ns
23:42:08 Measure 41 id=41 sync offset=-3685854ns
23:42:08 Measure 42 id=42 sync offset=-3787084ns
23:42:08 Measure 43 id=43 sync offset=-3882855ns
23:42:08 Measure 44 id=44 sync offset=-3920802ns
23:42:08 Measure 45 id=45 sync offset=-4005740ns
23:42:08 Measure 46 id=46 sync offset=-4094552ns
23:42:08 Measure 47 id=47 sync offset=-4190542ns
23:42:08 Measure 48 id=48 sync offset=-4325084ns
23:42:08 Measure 49 id=49 sync offset=-4411396ns
23:42:08 Measure 50 id=50 sync offset=-4503896ns
23:42:08 Measure 1 id=1 sync offset=-26021ns
23:42:08 Measure 2 id=2 sync offset=-81125ns
23:42:08 Measure 3 id=3 sync offset=-160479ns
23:42:08 Measure 4 id=4 sync offset=-275230ns
23:42:08 Measure 5 id=5 sync offset=-373135ns
23:42:08 Measure 6 id=6 sync offset=-489979ns
23:42:08 Measure 7 id=7 sync offset=-632646ns
23:42:08 Measure 8 id=8 sync offset=-727563ns
23:42:08 Measure 9 id=9 sync offset=-801938ns
23:42:08 Measure 10 id=10 sync offset=-907625ns
23:42:08 Measure 11 id=11 sync offset=-1018969ns
23:42:08 Measure 12 id=12 sync offset=-1139531ns
23:42:08 Measure 13 id=13 sync offset=-1247844ns
23:42:08 Measure 14 id=14 sync offset=-1351865ns
23:42:08 Measure 15 id=15 sync offset=-1460521ns
23:42:08 Measure 16 id=16 sync offset=-1565792ns
23:42:08 Measure 17 id=17 sync offset=-1659583ns
23:42:08 Measure 18 id=18 sync offset=-1752062ns
23:42:08 Measure 19 id=19 sync offset=-1837396ns
23:42:08 Measure 20 id=20 sync offset=-1886479ns
23:42:08 Measure 21 id=21 sync offset=-1955063ns
23:42:08 Measure 22 id=22 sync offset=-2040105ns
23:42:08 Measure 23 id=23 sync offset=-2129625ns
23:42:08 Measure 24 id=24 sync offset=-2191292ns
23:42:08 Measure 25 id=25 sync offset=-2235625ns
23:42:08 Measure 26 id=26 sync offset=-2327500ns
23:42:08 Measure 27 id=27 sync offset=-2435897ns
23:42:08 Measure 28 id=28 sync offset=-2521625ns
23:42:08 Measure 29 id=29 sync offset=-2603125ns
23:42:08 Measure 30 id=30 sync offset=-2695563ns
23:42:08 Measure 31 id=31 sync offset=-2760750ns
23:42:08 Measure 32 id=32 sync offset=-2849230ns
23:42:08 Measure 33 id=33 sync offset=-2943229ns
23:42:08 Measure 34 id=34 sync offset=-3043709ns
23:42:08 Measure 35 id=35 sync offset=-3137250ns
23:42:08 Measure 36 id=36 sync offset=-3221251ns
23:42:08 Measure 37 id=37 sync offset=-3312854ns
23:42:08 Measure 38 id=38 sync offset=-3405750ns
23:42:08 Measure 39 id=39 sync offset=-3492396ns
23:42:08 Measure 40 id=40 sync offset=-3570209ns
23:42:08 Measure 41 id=41 sync offset=-3685854ns
23:42:08 Measure 42 id=42 sync offset=-3787084ns
23:42:08 Measure 43 id=43 sync offset=-3882855ns
23:42:08 Measure 44 id=44 sync offset=-3920802ns
23:42:08 Measure 45 id=45 sync offset=-4005740ns
23:42:08 Measure 46 id=46 sync offset=-4094552ns
23:42:08 Measure 47 id=47 sync offset=-4190542ns
23:42:08 Measure 48 id=48 sync offset=-4325084ns
23:42:08 Measure 49 id=49 sync offset=-4411396ns
23:42:08 Measure 50 id=50 sync offset=-4503896ns
23:42:09 Measure 1 id=1 sync offset=-26021ns
23:42:09 Measure 2 id=2 sync offset=-90531ns
23:42:09 Measure 3 id=3 sync offset=-174188ns
23:42:09 Measure 4 id=4 sync offset=-282573ns
23:42:09 Measure 5 id=5 sync offset=-386542ns
23:42:09 Measure 6 id=6 sync offset=-508104ns
23:42:09 Measure 7 id=7 sync offset=-644135ns
23:42:09 Measure 8 id=8 sync offset=-732615ns
23:42:09 Measure 9 id=9 sync offset=-807636ns
23:42:09 Measure 10 id=10 sync offset=-901167ns
23:42:09 Measure 11 id=11 sync offset=-1017750ns
23:42:09 Measure 12 id=12 sync offset=-1152104ns
23:42:09 Measure 13 id=13 sync offset=-1259896ns
23:42:09 Measure 14 id=14 sync offset=-1349688ns
23:42:09 Measure 15 id=15 sync offset=-1458021ns
23:42:09 Measure 16 id=16 sync offset=-1532166ns
23:42:09 Measure 17 id=17 sync offset=-1648812ns
23:42:09 Measure 18 id=18 sync offset=-1678135ns
23:42:09 Measure 19 id=19 sync offset=-1762479ns
23:42:09 Measure 20 id=20 sync offset=-1826593ns
23:42:09 Measure 21 id=21 sync offset=-1904407ns
23:42:09 Measure 22 id=22 sync offset=-1993834ns
23:42:09 Measure 23 id=23 sync offset=-2085573ns
23:42:09 Measure 24 id=24 sync offset=-2191292ns
23:42:09 Measure 25 id=25 sync offset=-2235625ns
23:42:09 Measure 26 id=26 sync offset=-2327500ns
23:42:09 Measure 27 id=27 sync offset=-2435897ns
23:42:09 Measure 28 id=28 sync offset=-2521625ns
23:42:09 Measure 29 id=29 sync offset=-2603125ns
23:42:09 Measure 30 id=30 sync offset=-2695563ns
23:42:09 Measure 31 id=31 sync offset=-2760750ns
23:42:09 Measure 32 id=32 sync offset=-2849230ns
23:42:09 Measure 33 id=33 sync offset=-2943229ns
23:42:09 Measure 34 id=34 sync offset=-3043709ns
23:42:09 Measure 35 id=35 sync offset=-3137250ns
23:42:09 Measure 36 id=36 sync offset=-3221251ns
23:42:09 Measure 37 id=37 sync offset=-3312854ns
23:42:09 Measure 38 id=38 sync offset=-3405750ns
23:42:09 Measure 39 id=39 sync offset=-3492396ns
23:42:09 Measure 40 id=40 sync offset=-3570209ns
23:42:09 Measure 41 id=41 sync offset=-3685854ns
23:42:09 Measure 42 id=42 sync offset=-3787084ns
23:42:09 Measure 43 id=43 sync offset=-3882855ns
23:42:09 Measure 44 id=44 sync offset=-3920802ns
23:42:09 Measure 45 id=45 sync offset=-4005740ns
23:42:09 Measure 46 id=46 sync offset=-4094552ns
23:42:09 Measure 47 id=47 sync offset=-4190542ns
23:42:09 Measure 48 id=48 sync offset=-4325084ns
23:42:09 Measure 49 id=49 sync offset=-4411396ns
23:42:09 Measure 50 id=50 sync offset=-4503896ns
23:42:09 Measure 1 id=1 sync offset=-26021ns
23:42:09 Measure 2 id=2 sync offset=-90531ns
23:42:09 Measure 3 id=3 sync offset=-184271ns
23:42:09 Measure 4 id=4 sync offset=-289916ns
23:42:09 Measure 5 id=5 sync offset=-371885ns
23:42:09 Measure 6 id=6 sync offset=-481489ns
23:42:09 Measure 7 id=7 sync offset=-632646ns
23:42:09 Measure 8 id=8 sync offset=-727563ns
23:42:09 Measure 9 id=9 sync offset=-799667ns
23:42:09 Measure 10 id=10 sync offset=-896979ns
23:42:09 Measure 11 id=11 sync offset=-1000594ns
23:42:09 Measure 12 id=12 sync offset=-1112271ns
23:42:09 Measure 13 id=13 sync offset=-1209468ns
23:42:09 Measure 14 id=14 sync offset=-1296208ns
23:42:09 Measure 15 id=15 sync offset=-1443646ns
23:42:09 Measure 16 id=16 sync offset=-1498541ns
23:42:09 Measure 17 id=17 sync offset=-1582708ns
23:42:09 Measure 18 id=18 sync offset=-1678135ns
23:42:09 Measure 19 id=19 sync offset=-1762479ns
23:42:09 Measure 20 id=20 sync offset=-1826593ns
23:42:09 Measure 21 id=21 sync offset=-1904407ns
23:42:09 Measure 22 id=22 sync offset=-1993834ns
23:42:09 Measure 23 id=23 sync offset=-2085573ns
23:42:09 Measure 24 id=24 sync offset=-2191292ns
23:42:09 Measure 25 id=25 sync offset=-2235625ns
23:42:09 Measure 26 id=26 sync offset=-2327500ns
23:42:09 Measure 27 id=27 sync offset=-2435897ns
23:42:09 Measure 28 id=28 sync offset=-2521625ns
23:42:09 Measure 29 id=29 sync offset=-2603125ns
23:42:09 Measure 30 id=30 sync offset=-2695563ns
23:42:09 Measure 31 id=31 sync offset=-2760750ns
23:42:09 Measure 32 id=32 sync offset=-2849230ns
23:42:09 Measure 33 id=33 sync offset=-2943229ns
23:42:09 Measure 34 id=34 sync offset=-3043709ns
23:42:09 Measure 35 id=35 sync offset=-3137250ns
23:42:09 Measure 36 id=36 sync offset=-3221251ns
23:42:09 Measure 37 id=37 sync offset=-3312854ns
23:42:09 Measure 38 id=38 sync offset=-3405750ns
23:42:09 Measure 39 id=39 sync offset=-3492396ns
23:42:09 Measure 40 id=40 sync offset=-3570209ns
23:42:09 Measure 41 id=41 sync offset=-3685854ns
23:42:09 Measure 42 id=42 sync offset=-3787084ns
23:42:09 Measure 43 id=43 sync offset=-3882855ns
23:42:09 Measure 44 id=44 sync offset=-3920802ns
23:42:09 Measure 45 id=45 sync offset=-4005740ns
23:42:09 Measure 46 id=46 sync offset=-4094552ns
23:42:09 Measure 47 id=47 sync offset=-4190542ns
23:42:09 Measure 48 id=48 sync offset=-4325084ns
23:42:09 Measure 49 id=49 sync offset=-4411396ns
23:42:09 Measure 50 id=50 sync offset=-4503896ns
23:42:10 Measure 1 id=1 sync offset=-26021ns
23:42:10 Measure 2 id=2 sync offset=-90531ns
23:42:10 Measure 3 id=3 sync offset=-184271ns
23:42:10 Measure 4 id=4 sync offset=-282573ns
23:42:10 Measure 5 id=5 sync offset=-371885ns
23:42:10 Measure 6 id=6 sync offset=-481489ns
23:42:10 Measure 7 id=7 sync offset=-617229ns
23:42:10 Measure 8 id=8 sync offset=-716615ns
23:42:10 Measure 9 id=9 sync offset=-807636ns
23:42:10 Measure 10 id=10 sync offset=-901167ns
23:42:10 Measure 11 id=11 sync offset=-1017750ns
23:42:10 Measure 12 id=12 sync offset=-1152104ns
23:42:10 Measure 13 id=13 sync offset=-1259896ns
23:42:10 Measure 14 id=14 sync offset=-1349688ns
23:42:10 Measure 15 id=15 sync offset=-1458021ns
23:42:10 Measure 16 id=16 sync offset=-1532166ns
23:42:10 Measure 17 id=17 sync offset=-1659583ns
23:42:10 Measure 18 id=18 sync offset=-1757614ns
23:42:10 Measure 19 id=19 sync offset=-1839104ns
23:42:10 Measure 20 id=20 sync offset=-1915156ns
23:42:10 Measure 21 id=21 sync offset=-1996500ns
23:42:10 Measure 22 id=22 sync offset=-2077636ns
23:42:10 Measure 23 id=23 sync offset=-2167125ns
23:42:10 Measure 24 id=24 sync offset=-2271427ns
23:42:10 Measure 25 id=25 sync offset=-2359625ns
23:42:10 Measure 26 id=26 sync offset=-2430209ns
23:42:10 Measure 27 id=27 sync offset=-2506625ns
23:42:10 Measure 28 id=28 sync offset=-2583292ns
23:42:10 Measure 29 id=29 sync offset=-2657021ns
23:42:10 Measure 30 id=30 sync offset=-2720084ns
23:42:10 Measure 31 id=31 sync offset=-2785583ns
23:42:10 Measure 32 id=32 sync offset=-2883626ns
23:42:10 Measure 33 id=33 sync offset=-2992396ns
23:42:10 Measure 34 id=34 sync offset=-3076500ns
23:42:10 Measure 35 id=35 sync offset=-3162542ns
23:42:10 Measure 36 id=36 sync offset=-3265771ns
23:42:10 Measure 37 id=37 sync offset=-3349147ns
23:42:10 Measure 38 id=38 sync offset=-3430438ns
23:42:10 Measure 39 id=39 sync offset=-3516042ns
23:42:10 Measure 40 id=40 sync offset=-3617001ns
23:42:10 Measure 41 id=41 sync offset=-3725105ns
23:42:10 Measure 42 id=42 sync offset=-3824208ns
23:42:10 Measure 43 id=43 sync offset=-3913751ns
23:42:10 Measure 44 id=44 sync offset=-4013479ns
23:42:10 Measure 45 id=45 sync offset=-4097105ns
23:42:10 Measure 46 id=46 sync offset=-4208313ns
23:42:10 Measure 47 id=47 sync offset=-4296146ns
23:42:10 Measure 48 id=48 sync offset=-4385271ns
23:42:10 Measure 49 id=49 sync offset=-4483584ns
23:42:10 Measure 50 id=50 sync offset=-4581271ns
23:42:10 Measure 1 id=1 sync offset=-26021ns
23:42:10 Measure 2 id=2 sync offset=-101896ns
23:42:10 Measure 3 id=3 sync offset=-194354ns
23:42:10 Measure 4 id=4 sync offset=-289916ns
23:42:10 Measure 5 id=5 sync offset=-386542ns
23:42:10 Measure 6 id=6 sync offset=-508104ns
23:42:10 Measure 7 id=7 sync offset=-632646ns
23:42:10 Measure 8 id=8 sync offset=-727563ns
23:42:10 Measure 9 id=9 sync offset=-815605ns
23:42:10 Measure 10 id=10 sync offset=-952885ns
23:42:10 Measure 11 id=11 sync offset=-1049052ns
23:42:10 Measure 12 id=12 sync offset=-1158864ns
23:42:10 Measure 13 id=13 sync offset=-1260063ns
23:42:10 Measure 14 id=14 sync offset=-1360427ns
23:42:10 Measure 15 id=15 sync offset=-1472396ns
23:42:10 Measure 16 id=16 sync offset=-1565792ns
23:42:10 Measure 17 id=17 sync offset=-1670354ns
23:42:10 Measure 18 id=18 sync offset=-1763167ns
23:42:10 Measure 19 id=19 sync offset=-1840813ns
23:42:10 Measure 20 id=20 sync offset=-1943834ns
23:42:10 Measure 21 id=21 sync offset=-2037938ns
23:42:10 Measure 22 id=22 sync offset=-2115167ns
23:42:10 Measure 23 id=23 sync offset=-2204625ns
23:42:10 Measure 24 id=24 sync offset=-2289479ns
23:42:10 Measure 25 id=25 sync offset=-2359876ns
23:42:10 Measure 26 id=26 sync offset=-2457334ns
23:42:10 Measure 27 id=27 sync offset=-2546968ns
23:42:10 Measure 28 id=28 sync offset=-2629802ns
23:42:10 Measure 29 id=29 sync offset=-2712000ns
23:42:10 Measure 30 id=30 sync offset=-2797042ns
23:42:10 Measure 31 id=31 sync offset=-2878145ns
23:42:10 Measure 32 id=32 sync offset=-2966990ns
23:42:10 Measure 33 id=33 sync offset=-3085156ns
23:42:10 Measure 34 id=34 sync offset=-3179573ns
23:42:10 Measure 35 id=35 sync offset=-3261938ns
23:42:10 Measure 36 id=36 sync offset=-3359208ns
23:42:10 Measure 37 id=37 sync offset=-3429938ns
23:42:10 Measure 38 id=38 sync offset=-3515322ns
23:42:10 Measure 39 id=39 sync offset=-3622792ns
23:42:10 Measure 40 id=40 sync offset=-3724500ns
23:42:10 Measure 41 id=41 sync offset=-3823750ns
23:42:10 Measure 42 id=42 sync offset=-3924511ns
23:42:10 Measure 43 id=43 sync offset=-4021355ns
23:42:10 Measure 44 id=44 sync offset=-4119208ns
23:42:10 Measure 45 id=45 sync offset=-4212458ns
23:42:10 Measure 46 id=46 sync offset=-4311542ns
23:42:10 Measure 47 id=47 sync offset=-4401104ns
23:42:10 Measure 48 id=48 sync offset=-4502240ns
23:42:10 Measure 49 id=49 sync offset=-4587385ns
23:42:10 Measure 50 id=50 sync offset=-4673552ns
23:42:11 Measure 1 id=1 sync offset=-26021ns
23:42:11 Measure 2 id=2 sync offset=-136969ns
23:42:11 Measure 3 id=3 sync offset=-206490ns
23:42:11 Measure 4 id=4 sync offset=-306011ns
23:42:11 Measure 5 id=5 sync offset=-424865ns
23:42:11 Measure 6 id=6 sync offset=-520552ns
23:42:11 Measure 7 id=7 sync offset=-640573ns
23:42:11 Measure 8 id=8 sync offset=-760177ns
23:42:11 Measure 9 id=9 sync offset=-853354ns
23:42:11 Measure 10 id=10 sync offset=-1004604ns
23:42:11 Measure 11 id=11 sync offset=-1080354ns
23:42:11 Measure 12 id=12 sync offset=-1165625ns
23:42:11 Measure 13 id=13 sync offset=-1259896ns
23:42:11 Measure 14 id=14 sync offset=-1371167ns
23:42:11 Measure 15 id=15 sync offset=-1495625ns
23:42:11 Measure 16 id=16 sync offset=-1592479ns
23:42:11 Measure 17 id=17 sync offset=-1685135ns
23:42:11 Measure 18 id=18 sync offset=-1766177ns
23:42:11 Measure 19 id=19 sync offset=-1839104ns
23:42:11 Measure 20 id=20 sync offset=-1915156ns
23:42:11 Measure 21 id=21 sync offset=-1999323ns
23:42:11 Measure 22 id=22 sync offset=-2077636ns
23:42:11 Measure 23 id=23 sync offset=-2167125ns
23:42:11 Measure 24 id=24 sync offset=-2271427ns
23:42:11 Measure 25 id=25 sync offset=-2359625ns
23:42:11 Measure 26 id=26 sync offset=-2430209ns
23:42:11 Measure 27 id=27 sync offset=-2506625ns
23:42:11 Measure 28 id=28 sync offset=-2583292ns
23:42:11 Measure 29 id=29 sync offset=-2657021ns
23:42:11 Measure 30 id=30 sync offset=-2720084ns
23:42:11 Measure 31 id=31 sync offset=-2776479ns
23:42:11 Measure 32 id=32 sync offset=-2849230ns
23:42:11 Measure 33 id=33 sync offset=-2983730ns
23:42:11 Measure 34 id=34 sync offset=-3073229ns
23:42:11 Measure 35 id=35 sync offset=-3156188ns
23:42:11 Measure 36 id=36 sync offset=-3265771ns
23:42:11 Measure 37 id=37 sync offset=-3322980ns
23:42:11 Measure 38 id=38 sync offset=-3407937ns
23:42:11 Measure 39 id=39 sync offset=-3514626ns
23:42:11 Measure 40 id=40 sync offset=-3613333ns
23:42:11 Measure 41 id=41 sync offset=-3699458ns
23:42:11 Measure 42 id=42 sync offset=-3787876ns
23:42:11 Measure 43 id=43 sync offset=-3882855ns
23:42:11 Measure 44 id=44 sync offset=-3968958ns
23:42:11 Measure 45 id=45 sync offset=-4053854ns
23:42:11 Measure 46 id=46 sync offset=-4140917ns
23:42:11 Measure 47 id=47 sync offset=-4235750ns
23:42:11 Measure 48 id=48 sync offset=-4325084ns
23:42:11 Measure 49 id=49 sync offset=-4411396ns
23:42:11 Measure 50 id=50 sync offset=-4503896ns
23:42:11 Measure 1 id=1 sync offset=-16167ns
23:42:11 Measure 2 id=2 sync offset=-101896ns
23:42:11 Measure 3 id=3 sync offset=-174188ns
23:42:11 Measure 4 id=4 sync offset=-275230ns
23:42:11 Measure 5 id=5 sync offset=-357229ns
23:42:11 Measure 6 id=6 sync offset=-454875ns
23:42:11 Measure 7 id=7 sync offset=-601813ns
23:42:11 Measure 8 id=8 sync offset=-705667ns
23:42:11 Measure 9 id=9 sync offset=-799667ns
23:42:11 Measure 10 id=10 sync offset=-998031ns
23:42:11 Measure 11 id=11 sync offset=-1084198ns
23:42:11 Measure 12 id=12 sync offset=-1166969ns
23:42:11 Measure 13 id=13 sync offset=-1247249ns
23:42:11 Measure 14 id=14 sync offset=-1331885ns
23:42:11 Measure 15 id=15 sync offset=-1518854ns
23:42:11 Measure 16 id=16 sync offset=-1619167ns
23:42:11 Measure 17 id=17 sync offset=-1699917ns
23:42:11 Measure 18 id=18 sync offset=-1769188ns
23:42:11 Measure 19 id=19 sync offset=-1837396ns
23:42:11 Measure 20 id=20 sync offset=-1943834ns
23:42:11 Measure 21 id=21 sync offset=-2043584ns
23:42:11 Measure 22 id=22 sync offset=-2115167ns
23:42:11 Measure 23 id=23 sync offset=-2204625ns
23:42:11 Measure 24 id=24 sync offset=-2289479ns
23:42:11 Measure 25 id=25 sync offset=-2359375ns
23:42:11 Measure 26 id=26 sync offset=-2566313ns
23:42:11 Measure 27 id=27 sync offset=-2641271ns
23:42:11 Measure 28 id=28 sync offset=-2723510ns
23:42:11 Measure 29 id=29 sync offset=-2795479ns
23:42:11 Measure 30 id=30 sync offset=-2866031ns
23:42:11 Measure 31 id=31 sync offset=-2940552ns
23:42:11 Measure 32 id=32 sync offset=-3016697ns
23:42:11 Measure 33 id=33 sync offset=-3128250ns
23:42:11 Measure 34 id=34 sync offset=-3227885ns
23:42:11 Measure 35 id=35 sync offset=-3314604ns
23:42:11 Measure 36 id=36 sync offset=-3412771ns
23:42:11 Measure 37 id=37 sync offset=-3482667ns
23:42:11 Measure 38 id=38 sync offset=-3568864ns
23:42:11 Measure 39 id=39 sync offset=-3662198ns
23:42:11 Measure 40 id=40 sync offset=-3770541ns
23:42:11 Measure 41 id=41 sync offset=-3866593ns
23:42:11 Measure 42 id=42 sync offset=-3951667ns
23:42:11 Measure 43 id=43 sync offset=-4041417ns
23:42:11 Measure 44 id=44 sync offset=-4130083ns
23:42:11 Measure 45 id=45 sync offset=-4225239ns
23:42:11 Measure 46 id=46 sync offset=-4311542ns
23:42:11 Measure 47 id=47 sync offset=-4411448ns
23:42:11 Measure 48 id=48 sync offset=-4502531ns
23:42:11 Measure 49 id=49 sync offset=-4588427ns
23:42:11 Measure 50 id=50 sync offset=-4673552ns
23:42:12 Measure 1 id=1 sync offset=-16167ns
23:42:12 Measure 2 id=2 sync offset=-101896ns
23:42:12 Measure 3 id=3 sync offset=-174188ns
23:42:12 Measure 4 id=4 sync offset=-275230ns
23:42:12 Measure 5 id=5 sync offset=-357229ns
23:42:12 Measure 6 id=6 sync offset=-454875ns
23:42:12 Measure 7 id=7 sync offset=-601813ns
23:42:12 Measure 8 id=8 sync offset=-705667ns
23:42:12 Measure 9 id=9 sync offset=-799667ns
23:42:12 Measure 10 id=10 sync offset=-998031ns
23:42:12 Measure 11 id=11 sync offset=-1084198ns
23:42:12 Measure 12 id=12 sync offset=-1166969ns
23:42:12 Measure 13 id=13 sync offset=-1247249ns
23:42:12 Measure 14 id=14 sync offset=-1331885ns
23:42:12 Measure 15 id=15 sync offset=-1518854ns
23:42:12 Measure 16 id=16 sync offset=-1619167ns
23:42:12 Measure 17 id=17 sync offset=-1699917ns
23:42:12 Measure 18 id=18 sync offset=-1769188ns
23:42:12 Measure 19 id=19 sync offset=-1837396ns
23:42:12 Measure 20 id=20 sync offset=-1943834ns
23:42:12 Measure 21 id=21 sync offset=-2043584ns
23:42:12 Measure 22 id=22 sync offset=-2115167ns
23:42:12 Measure 23 id=23 sync offset=-2204625ns
23:42:12 Measure 24 id=24 sync offset=-2289479ns
23:42:12 Measure 25 id=25 sync offset=-2359375ns
23:42:12 Measure 26 id=26 sync offset=-2566313ns
23:42:12 Measure 27 id=27 sync offset=-2641271ns
23:42:12 Measure 28 id=28 sync offset=-2723510ns
23:42:12 Measure 29 id=29 sync offset=-2795479ns
23:42:12 Measure 30 id=30 sync offset=-2866031ns
23:42:12 Measure 31 id=31 sync offset=-2940552ns
23:42:12 Measure 32 id=32 sync offset=-3016697ns
23:42:12 Measure 33 id=33 sync offset=-3128250ns
23:42:12 Measure 34 id=34 sync offset=-3227885ns
23:42:12 Measure 35 id=35 sync offset=-3314604ns
23:42:12 Measure 36 id=36 sync offset=-3412771ns
23:42:12 Measure 37 id=37 sync offset=-3482667ns
23:42:12 Measure 38 id=38 sync offset=-3568864ns
23:42:12 Measure 39 id=39 sync offset=-3662198ns
23:42:12 Measure 40 id=40 sync offset=-3770541ns
23:42:12 Measure 41 id=41 sync offset=-3866593ns
23:42:12 Measure 42 id=42 sync offset=-3951667ns
23:42:12 Measure 43 id=43 sync offset=-4041417ns
23:42:12 Measure 44 id=44 sync offset=-4130083ns
23:42:12 Measure 45 id=45 sync offset=-4225239ns
23:42:12 Measure 46 id=46 sync offset=-4311542ns
23:42:12 Measure 47 id=47 sync offset=-4411448ns
23:42:12 Measure 48 id=48 sync offset=-4502531ns
23:42:12 Measure 49 id=49 sync offset=-4588427ns
23:42:12 Measure 50 id=50 sync offset=-4673552ns
23:42:13 Measure 1 id=1 sync offset=-16167ns
23:42:13 Measure 2 id=2 sync offset=-101896ns
23:42:13 Measure 3 id=3 sync offset=-185073ns
23:42:13 Measure 4 id=4 sync offset=-282094ns
23:42:13 Measure 5 id=5 sync offset=-379416ns
23:42:13 Measure 6 id=6 sync offset=-478656ns
23:42:13 Measure 7 id=7 sync offset=-605771ns
23:42:13 Measure 8 id=8 sync offset=-734948ns
23:42:13 Measure 9 id=9 sync offset=-851240ns
23:42:13 Measure 10 id=10 sync offset=-1010105ns
23:42:13 Measure 11 id=11 sync offset=-1134417ns
23:42:13 Measure 12 id=12 sync offset=-1233813ns
23:42:13 Measure 13 id=13 sync offset=-1335458ns
23:42:13 Measure 14 id=14 sync offset=-1421042ns
23:42:13 Measure 15 id=15 sync offset=-1530000ns
23:42:13 Measure 16 id=16 sync offset=-1629094ns
23:42:13 Measure 17 id=17 sync offset=-1718167ns
23:42:13 Measure 18 id=18 sync offset=-1782896ns
23:42:13 Measure 19 id=19 sync offset=-1858552ns
23:42:13 Measure 20 id=20 sync offset=-1956719ns
23:42:13 Measure 21 id=21 sync offset=-2058063ns
23:42:13 Measure 22 id=22 sync offset=-2174063ns
23:42:13 Measure 23 id=23 sync offset=-2278250ns
23:42:13 Measure 24 id=24 sync offset=-2372135ns
23:42:13 Measure 25 id=25 sync offset=-2455146ns
23:42:13 Measure 26 id=26 sync offset=-2640584ns
23:42:13 Measure 27 id=27 sync offset=-2735833ns
23:42:13 Measure 28 id=28 sync offset=-2845125ns
23:42:13 Measure 29 id=29 sync offset=-2941271ns
23:42:13 Measure 30 id=30 sync offset=-3021167ns
23:42:13 Measure 31 id=31 sync offset=-3104625ns
23:42:13 Measure 32 id=32 sync offset=-3187312ns
23:42:13 Measure 33 id=33 sync offset=-3272771ns
23:42:13 Measure 34 id=34 sync offset=-3382542ns
23:42:13 Measure 35 id=35 sync offset=-3473021ns
23:42:13 Measure 36 id=36 sync offset=-3559771ns
23:42:13 Measure 37 id=37 sync offset=-3642355ns
23:42:13 Measure 38 id=38 sync offset=-3729792ns
23:42:13 Measure 39 id=39 sync offset=-3809771ns
23:42:13 Measure 40 id=40 sync offset=-3927750ns
23:42:13 Measure 41 id=41 sync offset=-4033729ns
23:42:13 Measure 42 id=42 sync offset=-4115459ns
23:42:13 Measure 43 id=43 sync offset=-4199979ns
23:42:13 Measure 44 id=44 sync offset=-4291209ns
23:42:13 Measure 45 id=45 sync offset=-4396625ns
23:42:13 Measure 46 id=46 sync offset=-4482167ns
23:42:13 Measure 47 id=47 sync offset=-4587146ns
23:42:13 Measure 48 id=48 sync offset=-4679979ns
23:42:13 Measure 49 id=49 sync offset=-4765459ns
23:42:13 Measure 50 id=50 sync offset=-4843209ns
23:42:13 Measure 1 id=1 sync offset=-16167ns
23:42:13 Measure 2 id=2 sync offset=-101896ns
23:42:13 Measure 3 id=3 sync offset=-185073ns
23:42:13 Measure 4 id=4 sync offset=-282094ns
23:42:13 Measure 5 id=5 sync offset=-379416ns
23:42:13 Measure 6 id=6 sync offset=-478656ns
23:42:13 Measure 7 id=7 sync offset=-605771ns
23:42:13 Measure 8 id=8 sync offset=-734948ns
23:42:13 Measure 9 id=9 sync offset=-851240ns
23:42:13 Measure 10 id=10 sync offset=-951448ns
23:42:13 Measure 11 id=11 sync offset=-1058927ns
23:42:13 Measure 12 id=12 sync offset=-1153125ns
23:42:13 Measure 13 id=13 sync offset=-1248864ns
23:42:13 Measure 14 id=14 sync offset=-1333979ns
23:42:13 Measure 15 id=15 sync offset=-1541146ns
23:42:13 Measure 16 id=16 sync offset=-1722365ns
23:42:13 Measure 17 id=17 sync offset=-1808052ns
23:42:13 Measure 18 id=18 sync offset=-1889562ns
23:42:13 Measure 19 id=19 sync offset=-1979072ns
23:42:13 Measure 20 id=20 sync offset=-2075531ns
23:42:13 Measure 21 id=21 sync offset=-2168709ns
23:42:13 Measure 22 id=22 sync offset=-2291021ns
23:42:13 Measure 23 id=23 sync offset=-2408698ns
23:42:13 Measure 24 id=24 sync offset=-2500208ns
23:42:13 Measure 25 id=25 sync offset=-2586979ns
23:42:13 Measure 26 id=26 sync offset=-2702417ns
23:42:13 Measure 27 id=27 sync offset=-2775917ns
23:42:13 Measure 28 id=28 sync offset=-2863729ns
23:42:13 Measure 29 id=29 sync offset=-2942271ns
23:42:13 Measure 30 id=30 sync offset=-3040937ns
23:42:13 Measure 31 id=31 sync offset=-3147563ns
23:42:13 Measure 32 id=32 sync offset=-3248104ns
23:42:13 Measure 33 id=33 sync offset=-3382688ns
23:42:13 Measure 34 id=34 sync offset=-3513979ns
23:42:13 Measure 35 id=35 sync offset=-3628062ns
23:42:13 Measure 36 id=36 sync offset=-3729917ns
23:42:13 Measure 37 id=37 sync offset=-3830833ns
23:42:13 Measure 38 id=38 sync offset=-3897792ns
23:42:13 Measure 39 id=39 sync offset=-3979896ns
23:42:13 Measure 40 id=40 sync offset=-4077458ns
23:42:13 Measure 41 id=41 sync offset=-4194229ns
23:42:13 Measure 42 id=42 sync offset=-4306208ns
23:42:13 Measure 43 id=43 sync offset=-4396917ns
23:42:13 Measure 44 id=44 sync offset=-4491209ns
23:42:13 Measure 45 id=45 sync offset=-4585980ns
23:42:13 Measure 46 id=46 sync offset=-4680937ns
23:42:13 Measure 47 id=47 sync offset=-4784375ns
23:42:13 Measure 48 id=48 sync offset=-4878188ns
23:42:13 Measure 49 id=49 sync offset=-4960896ns
23:42:13 Measure 50 id=50 sync offset=-5038333ns
23:42:14 Measure 1 id=1 sync offset=-16167ns
23:42:14 Measure 2 id=2 sync offset=-101896ns
23:42:14 Measure 3 id=3 sync offset=-185073ns
23:42:14 Measure 4 id=4 sync offset=-282094ns
23:42:14 Measure 5 id=5 sync offset=-379416ns
23:42:14 Measure 6 id=6 sync offset=-478656ns
23:42:14 Measure 7 id=7 sync offset=-605771ns
23:42:14 Measure 8 id=8 sync offset=-734948ns
23:42:14 Measure 9 id=9 sync offset=-851240ns
23:42:14 Measure 10 id=10 sync offset=-951448ns
23:42:14 Measure 11 id=11 sync offset=-1058927ns
23:42:14 Measure 12 id=12 sync offset=-1153125ns
23:42:14 Measure 13 id=13 sync offset=-1248864ns
23:42:14 Measure 14 id=14 sync offset=-1333979ns
23:42:14 Measure 15 id=15 sync offset=-1541146ns
23:42:14 Measure 16 id=16 sync offset=-1722365ns
23:42:14 Measure 17 id=17 sync offset=-1808052ns
23:42:14 Measure 18 id=18 sync offset=-1889562ns
23:42:14 Measure 19 id=19 sync offset=-1979072ns
23:42:14 Measure 20 id=20 sync offset=-2075531ns
23:42:14 Measure 21 id=21 sync offset=-2168709ns
23:42:14 Measure 22 id=22 sync offset=-2291021ns
23:42:14 Measure 23 id=23 sync offset=-2408698ns
23:42:14 Measure 24 id=24 sync offset=-2500208ns
23:42:14 Measure 25 id=25 sync offset=-2586979ns
23:42:14 Measure 26 id=26 sync offset=-2702417ns
23:42:14 Measure 27 id=27 sync offset=-2775917ns
23:42:14 Measure 28 id=28 sync offset=-2863729ns
23:42:14 Measure 29 id=29 sync offset=-2942271ns
23:42:14 Measure 30 id=30 sync offset=-3040937ns
23:42:14 Measure 31 id=31 sync offset=-3147563ns
23:42:14 Measure 32 id=32 sync offset=-3248104ns
23:42:14 Measure 33 id=33 sync offset=-3382688ns
23:42:14 Measure 34 id=34 sync offset=-3513979ns
23:42:14 Measure 35 id=35 sync offset=-3628062ns
23:42:14 Measure 36 id=36 sync offset=-3729917ns
23:42:14 Measure 37 id=37 sync offset=-3830833ns
23:42:14 Measure 38 id=38 sync offset=-3897792ns
23:42:14 Measure 39 id=39 sync offset=-3979896ns
23:42:14 Measure 40 id=40 sync offset=-4077458ns
23:42:14 Measure 41 id=41 sync offset=-4194229ns
23:42:14 Measure 42 id=42 sync offset=-4306208ns
23:42:14 Measure 43 id=43 sync offset=-4396917ns
23:42:14 Measure 44 id=44 sync offset=-4491209ns
23:42:14 Measure 45 id=45 sync offset=-4585980ns
23:42:14 Measure 46 id=46 sync offset=-4680937ns
23:42:14 Measure 47 id=47 sync offset=-4784375ns
23:42:14 Measure 48 id=48 sync offset=-4878188ns
23:42:14 Measure 49 id=49 sync offset=-4960896ns
23:42:14 Measure 50 id=50 sync offset=-5038333ns
23:42:14 Measure 1 id=1 sync offset=-15854ns
23:42:14 Measure 2 id=2 sync offset=-114219ns
23:42:14 Measure 3 id=3 sync offset=-191459ns
23:42:14 Measure 4 id=4 sync offset=-276312ns
23:42:14 Measure 5 id=5 sync offset=-399042ns
23:42:14 Measure 6 id=6 sync offset=-502438ns
23:42:14 Measure 7 id=7 sync offset=-609730ns
23:42:14 Measure 8 id=8 sync offset=-737375ns
23:42:14 Measure 9 id=9 sync offset=-837959ns
23:42:14 Measure 10 id=10 sync offset=-945271ns
23:42:14 Measure 11 id=11 sync offset=-1019521ns
23:42:14 Measure 12 id=12 sync offset=-1153437ns
23:42:14 Measure 13 id=13 sync offset=-1270271ns
23:42:14 Measure 14 id=14 sync offset=-1388396ns
23:42:14 Measure 15 id=15 sync offset=-1491709ns
23:42:14 Measure 16 id=16 sync offset=-1617719ns
23:42:14 Measure 17 id=17 sync offset=-1720531ns
23:42:14 Measure 18 id=18 sync offset=-1803344ns
23:42:14 Measure 19 id=19 sync offset=-1895531ns
23:42:14 Measure 20 id=20 sync offset=-2008885ns
23:42:14 Measure 21 id=21 sync offset=-2120563ns
23:42:14 Measure 22 id=22 sync offset=-2252115ns
23:42:14 Measure 23 id=23 sync offset=-2362573ns
23:42:14 Measure 24 id=24 sync offset=-2471771ns
23:42:14 Measure 25 id=25 sync offset=-2575500ns
23:42:14 Measure 26 id=26 sync offset=-2701209ns
23:42:14 Measure 27 id=27 sync offset=-2808459ns
23:42:14 Measure 28 id=28 sync offset=-2914355ns
23:42:14 Measure 29 id=29 sync offset=-3022313ns
23:42:14 Measure 30 id=30 sync offset=-3124604ns
23:42:14 Measure 31 id=31 sync offset=-3223292ns
23:42:14 Measure 32 id=32 sync offset=-3338584ns
23:42:14 Measure 33 id=33 sync offset=-3465771ns
23:42:14 Measure 34 id=34 sync offset=-3579813ns
23:42:14 Measure 35 id=35 sync offset=-3676604ns
23:42:14 Measure 36 id=36 sync offset=-3795479ns
23:42:14 Measure 37 id=37 sync offset=-3876459ns
23:42:14 Measure 38 id=38 sync offset=-3960625ns
23:42:14 Measure 39 id=39 sync offset=-4043271ns
23:42:14 Measure 40 id=40 sync offset=-4134729ns
23:42:14 Measure 41 id=41 sync offset=-4239250ns
23:42:14 Measure 42 id=42 sync offset=-4346521ns
23:42:14 Measure 43 id=43 sync offset=-4437251ns
23:42:14 Measure 44 id=44 sync offset=-4545250ns
23:42:14 Measure 45 id=45 sync offset=-4633605ns
23:42:14 Measure 46 id=46 sync offset=-4710876ns
23:42:14 Measure 47 id=47 sync offset=-4799313ns
23:42:14 Measure 48 id=48 sync offset=-4910104ns
23:42:14 Measure 49 id=49 sync offset=-5021730ns
23:42:14 Measure 50 id=50 sync offset=-5134271ns
23:42:15 Measure 1 id=1 sync offset=-15854ns
23:42:15 Measure 2 id=2 sync offset=-114219ns
23:42:15 Measure 3 id=3 sync offset=-191459ns
23:42:15 Measure 4 id=4 sync offset=-276312ns
23:42:15 Measure 5 id=5 sync offset=-399042ns
23:42:15 Measure 6 id=6 sync offset=-502438ns
23:42:15 Measure 7 id=7 sync offset=-609730ns
23:42:15 Measure 8 id=8 sync offset=-737375ns
23:42:15 Measure 9 id=9 sync offset=-837959ns
23:42:15 Measure 10 id=10 sync offset=-945271ns
23:42:15 Measure 11 id=11 sync offset=-1019521ns
23:42:15 Measure 12 id=12 sync offset=-1153437ns
23:42:15 Measure 13 id=13 sync offset=-1270271ns
23:42:15 Measure 14 id=14 sync offset=-1388396ns
23:42:15 Measure 15 id=15 sync offset=-1491709ns
23:42:15 Measure 16 id=16 sync offset=-1617719ns
23:42:15 Measure 17 id=17 sync offset=-1720531ns
23:42:15 Measure 18 id=18 sync offset=-1803344ns
23:42:15 Measure 19 id=19 sync offset=-1895531ns
23:42:15 Measure 20 id=20 sync offset=-2008885ns
23:42:15 Measure 21 id=21 sync offset=-2120563ns
23:42:15 Measure 22 id=22 sync offset=-2252115ns
23:42:15 Measure 23 id=23 sync offset=-2362573ns
23:42:15 Measure 24 id=24 sync offset=-2471771ns
23:42:15 Measure 25 id=25 sync offset=-2575500ns
23:42:15 Measure 26 id=26 sync offset=-2701209ns
23:42:15 Measure 27 id=27 sync offset=-2808459ns
23:42:15 Measure 28 id=28 sync offset=-2914355ns
23:42:15 Measure 29 id=29 sync offset=-3022313ns
23:42:15 Measure 30 id=30 sync offset=-3124604ns
23:42:15 Measure 31 id=31 sync offset=-3223292ns
23:42:15 Measure 32 id=32 sync offset=-3338584ns
23:42:15 Measure 33 id=33 sync offset=-3465771ns
23:42:15 Measure 34 id=34 sync offset=-3579813ns
23:42:15 Measure 35 id=35 sync offset=-3676604ns
23:42:15 Measure 36 id=36 sync offset=-3795479ns
23:42:15 Measure 37 id=37 sync offset=-3876459ns
23:42:15 Measure 38 id=38 sync offset=-3960625ns
23:42:15 Measure 39 id=39 sync offset=-4043271ns
23:42:15 Measure 40 id=40 sync offset=-4134729ns
23:42:15 Measure 41 id=41 sync offset=-4239250ns
23:42:15 Measure 42 id=42 sync offset=-4346521ns
23:42:15 Measure 43 id=43 sync offset=-4437251ns
23:42:15 Measure 44 id=44 sync offset=-4545250ns
23:42:15 Measure 45 id=45 sync offset=-4633605ns
23:42:15 Measure 46 id=46 sync offset=-4710876ns
23:42:15 Measure 47 id=47 sync offset=-4799313ns
23:42:15 Measure 48 id=48 sync offset=-4910104ns
23:42:15 Measure 49 id=49 sync offset=-5021730ns
23:42:15 Measure 50 id=50 sync offset=-5134271ns
23:42:15 Measure 1 id=1 sync offset=-15854ns
23:42:15 Measure 2 id=2 sync offset=-114219ns
23:42:15 Measure 3 id=3 sync offset=-191459ns
23:42:15 Measure 4 id=4 sync offset=-276312ns
23:42:15 Measure 5 id=5 sync offset=-399042ns
23:42:15 Measure 6 id=6 sync offset=-502438ns
23:42:15 Measure 7 id=7 sync offset=-609730ns
23:42:15 Measure 8 id=8 sync offset=-737375ns
23:42:15 Measure 9 id=9 sync offset=-837959ns
23:42:15 Measure 10 id=10 sync offset=-945271ns
23:42:15 Measure 11 id=11 sync offset=-1019521ns
23:42:15 Measure 12 id=12 sync offset=-1153437ns
23:42:15 Measure 13 id=13 sync offset=-1270271ns
23:42:15 Measure 14 id=14 sync offset=-1388396ns
23:42:15 Measure 15 id=15 sync offset=-1491709ns
23:42:15 Measure 16 id=16 sync offset=-1617719ns
23:42:15 Measure 17 id=17 sync offset=-1720531ns
23:42:15 Measure 18 id=18 sync offset=-1803344ns
23:42:15 Measure 19 id=19 sync offset=-1895531ns
23:42:15 Measure 20 id=20 sync offset=-2008885ns
23:42:15 Measure 21 id=21 sync offset=-2120563ns
23:42:15 Measure 22 id=22 sync offset=-2252115ns
23:42:15 Measure 23 id=23 sync offset=-2362573ns
23:42:15 Measure 24 id=24 sync offset=-2471771ns
23:42:15 Measure 25 id=25 sync offset=-2575500ns
23:42:15 Measure 26 id=26 sync offset=-2701209ns
23:42:15 Measure 27 id=27 sync offset=-2808459ns
23:42:15 Measure 28 id=28 sync offset=-2914355ns
23:42:15 Measure 29 id=29 sync offset=-3022313ns
23:42:15 Measure 30 id=30 sync offset=-3124604ns
23:42:15 Measure 31 id=31 sync offset=-3223292ns
23:42:15 Measure 32 id=32 sync offset=-3338584ns
23:42:15 Measure 33 id=33 sync offset=-3465771ns
23:42:15 Measure 34 id=34 sync offset=-3579813ns
23:42:15 Measure 35 id=35 sync offset=-3676604ns
23:42:15 Measure 36 id=36 sync offset=-3795479ns
23:42:15 Measure 37 id=37 sync offset=-3876459ns
23:42:15 Measure 38 id=38 sync offset=-3960625ns
23:42:15 Measure 39 id=39 sync offset=-4043271ns
23:42:15 Measure 40 id=40 sync offset=-4134729ns
23:42:15 Measure 41 id=41 sync offset=-4239250ns
23:42:15 Measure 42 id=42 sync offset=-4346521ns
23:42:15 Measure 43 id=43 sync offset=-4437251ns
23:42:15 Measure 44 id=44 sync offset=-4545250ns
23:42:15 Measure 45 id=45 sync offset=-4633605ns
23:42:15 Measure 46 id=46 sync offset=-4710876ns
23:42:15 Measure 47 id=47 sync offset=-4799313ns
23:42:15 Measure 48 id=48 sync offset=-4910104ns
23:42:15 Measure 49 id=49 sync offset=-5021730ns
23:42:15 Measure 50 id=50 sync offset=-5134271ns
23:42:16 Measure 1 id=1 sync offset=-15854ns
23:42:16 Measure 2 id=2 sync offset=-114219ns
23:42:16 Measure 3 id=3 sync offset=-191459ns
23:42:16 Measure 4 id=4 sync offset=-276312ns
23:42:16 Measure 5 id=5 sync offset=-399042ns
23:42:16 Measure 6 id=6 sync offset=-502438ns
23:42:16 Measure 7 id=7 sync offset=-609730ns
23:42:16 Measure 8 id=8 sync offset=-737375ns
23:42:16 Measure 9 id=9 sync offset=-837959ns
23:42:16 Measure 10 id=10 sync offset=-945271ns
23:42:16 Measure 11 id=11 sync offset=-1019521ns
23:42:16 Measure 12 id=12 sync offset=-1153437ns
23:42:16 Measure 13 id=13 sync offset=-1270271ns
23:42:16 Measure 14 id=14 sync offset=-1388396ns
23:42:16 Measure 15 id=15 sync offset=-1491709ns
23:42:16 Measure 16 id=16 sync offset=-1617719ns
23:42:16 Measure 17 id=17 sync offset=-1720531ns
23:42:16 Measure 18 id=18 sync offset=-1803344ns
23:42:16 Measure 19 id=19 sync offset=-1895531ns
23:42:16 Measure 20 id=20 sync offset=-2008885ns
23:42:16 Measure 21 id=21 sync offset=-2120563ns
23:42:16 Measure 22 id=22 sync offset=-2252115ns
23:42:16 Measure 23 id=23 sync offset=-2362573ns
23:42:16 Measure 24 id=24 sync offset=-2471771ns
23:42:16 Measure 25 id=25 sync offset=-2575500ns
23:42:16 Measure 26 id=26 sync offset=-2701209ns
23:42:16 Measure 27 id=27 sync offset=-2808459ns
23:42:16 Measure 28 id=28 sync offset=-2914355ns
23:42:16 Measure 29 id=29 sync offset=-3022313ns
23:42:16 Measure 30 id=30 sync offset=-3124604ns
23:42:16 Measure 31 id=31 sync offset=-3223292ns
23:42:16 Measure 32 id=32 sync offset=-3338584ns
23:42:16 Measure 33 id=33 sync offset=-3465771ns
23:42:16 Measure 34 id=34 sync offset=-3579813ns
23:42:16 Measure 35 id=35 sync offset=-3676604ns
23:42:16 Measure 36 id=36 sync offset=-3795479ns
23:42:16 Measure 37 id=37 sync offset=-3876459ns
23:42:16 Measure 38 id=38 sync offset=-3960625ns
23:42:16 Measure 39 id=39 sync offset=-4043271ns
23:42:16 Measure 40 id=40 sync offset=-4134729ns
23:42:16 Measure 41 id=41 sync offset=-4239250ns
23:42:16 Measure 42 id=42 sync offset=-4346521ns
23:42:16 Measure 43 id=43 sync offset=-4437251ns
23:42:16 Measure 44 id=44 sync offset=-4545250ns
23:42:16 Measure 45 id=45 sync offset=-4633605ns
23:42:16 Measure 46 id=46 sync offset=-4710876ns
23:42:16 Measure 47 id=47 sync offset=-4799313ns
23:42:16 Measure 48 id=48 sync offset=-4910104ns
23:42:16 Measure 49 id=49 sync offset=-5021730ns
23:42:16 Measure 50 id=50 sync offset=-5134271ns
23:42:16 Measure 1 id=1 sync offset=-3771ns
23:42:16 Measure 2 id=2 sync offset=-123365ns
23:42:16 Measure 3 id=3 sync offset=-193708ns
23:42:16 Measure 4 id=4 sync offset=-282635ns
23:42:16 Measure 5 id=5 sync offset=-400323ns
23:42:16 Measure 6 id=6 sync offset=-518521ns
23:42:16 Measure 7 id=7 sync offset=-628375ns
23:42:16 Measure 8 id=8 sync offset=-750802ns
23:42:16 Measure 9 id=9 sync offset=-870386ns
23:42:16 Measure 10 id=10 sync offset=-977688ns
23:42:16 Measure 11 id=11 sync offset=-1076969ns
23:42:16 Measure 12 id=12 sync offset=-1233813ns
23:42:16 Measure 13 id=13 sync offset=-1338688ns
23:42:16 Measure 14 id=14 sync offset=-1425230ns
23:42:16 Measure 15 id=15 sync offset=-1541146ns
23:42:16 Measure 16 id=16 sync offset=-1722365ns
23:42:16 Measure 17 id=17 sync offset=-1808052ns
23:42:16 Measure 18 id=18 sync offset=-1896302ns
23:42:16 Measure 19 id=19 sync offset=-1994895ns
23:42:16 Measure 20 id=20 sync offset=-2114813ns
23:42:16 Measure 21 id=21 sync offset=-2216730ns
23:42:16 Measure 22 id=22 sync offset=-2310177ns
23:42:16 Measure 23 id=23 sync offset=-2426854ns
23:42:16 Measure 24 id=24 sync offset=-2543813ns
23:42:16 Measure 25 id=25 sync offset=-2646938ns
23:42:16 Measure 26 id=26 sync offset=-2754334ns
23:42:16 Measure 27 id=27 sync offset=-2850667ns
23:42:16 Measure 28 id=28 sync offset=-2949771ns
23:42:16 Measure 29 id=29 sync offset=-3070854ns
23:42:16 Measure 30 id=30 sync offset=-3172615ns
23:42:16 Measure 31 id=31 sync offset=-3275583ns
23:42:16 Measure 32 id=32 sync offset=-3421938ns
23:42:16 Measure 33 id=33 sync offset=-3506417ns
23:42:16 Measure 34 id=34 sync offset=-3738073ns
23:42:16 Measure 35 id=35 sync offset=-3826375ns
23:42:16 Measure 36 id=36 sync offset=-3924802ns
23:42:16 Measure 37 id=37 sync offset=-4118625ns
23:42:16 Measure 38 id=38 sync offset=-4201625ns
23:42:16 Measure 39 id=39 sync offset=-4311250ns
23:42:16 Measure 40 id=40 sync offset=-4405938ns
23:42:16 Measure 41 id=41 sync offset=-4940937ns
23:42:16 Measure 42 id=42 sync offset=-5028562ns
23:42:16 Measure 43 id=43 sync offset=-5112541ns
23:42:16 Measure 44 id=44 sync offset=-5197875ns
23:42:16 Measure 45 id=45 sync offset=-5292593ns
23:42:16 Measure 46 id=46 sync offset=-5854271ns
23:42:16 Measure 47 id=47 sync offset=-5965125ns
23:42:16 Measure 48 id=48 sync offset=-6081750ns
23:42:16 Measure 49 id=49 sync offset=-6211833ns
23:42:16 Measure 50 id=50 sync offset=-6342187ns
23:42:17 Measure 1 id=1 sync offset=-3771ns
23:42:17 Measure 2 id=2 sync offset=-123365ns
23:42:17 Measure 3 id=3 sync offset=-193708ns
23:42:17 Measure 4 id=4 sync offset=-282635ns
23:42:17 Measure 5 id=5 sync offset=-400323ns
23:42:17 Measure 6 id=6 sync offset=-518521ns
23:42:17 Measure 7 id=7 sync offset=-628375ns
23:42:17 Measure 8 id=8 sync offset=-750802ns
23:42:17 Measure 9 id=9 sync offset=-870386ns
23:42:17 Measure 10 id=10 sync offset=-977688ns
23:42:17 Measure 11 id=11 sync offset=-1076969ns
23:42:17 Measure 12 id=12 sync offset=-1233813ns
23:42:17 Measure 13 id=13 sync offset=-1338688ns
23:42:17 Measure 14 id=14 sync offset=-1425230ns
23:42:17 Measure 15 id=15 sync offset=-1541146ns
23:42:17 Measure 16 id=16 sync offset=-1722365ns
23:42:17 Measure 17 id=17 sync offset=-1808052ns
23:42:17 Measure 18 id=18 sync offset=-1896302ns
23:42:17 Measure 19 id=19 sync offset=-1994895ns
23:42:17 Measure 20 id=20 sync offset=-2114813ns
23:42:17 Measure 21 id=21 sync offset=-2216730ns
23:42:17 Measure 22 id=22 sync offset=-2310177ns
23:42:17 Measure 23 id=23 sync offset=-2426854ns
23:42:17 Measure 24 id=24 sync offset=-2543813ns
23:42:17 Measure 25 id=25 sync offset=-2646938ns
23:42:17 Measure 26 id=26 sync offset=-2754334ns
23:42:17 Measure 27 id=27 sync offset=-2850667ns
23:42:17 Measure 28 id=28 sync offset=-2949771ns
23:42:17 Measure 29 id=29 sync offset=-3070854ns
23:42:17 Measure 30 id=30 sync offset=-3172615ns
23:42:17 Measure 31 id=31 sync offset=-3327875ns
23:42:17 Measure 32 id=32 sync offset=-3531938ns
23:42:17 Measure 33 id=33 sync offset=-3628948ns
23:42:17 Measure 34 id=34 sync offset=-3850730ns
23:42:17 Measure 35 id=35 sync offset=-3943063ns
23:42:17 Measure 36 id=36 sync offset=-4027250ns
23:42:17 Measure 37 id=37 sync offset=-4118625ns
23:42:17 Measure 38 id=38 sync offset=-4201625ns
23:42:17 Measure 39 id=39 sync offset=-4311250ns
23:42:17 Measure 40 id=40 sync offset=-4405938ns
23:42:17 Measure 41 id=41 sync offset=-4910292ns
23:42:17 Measure 42 id=42 sync offset=-4996510ns
23:42:17 Measure 43 id=43 sync offset=-5093594ns
23:42:17 Measure 44 id=44 sync offset=-5183593ns
23:42:17 Measure 45 id=45 sync offset=-5280479ns
23:42:17 Measure 46 id=46 sync offset=-5817625ns
23:42:17 Measure 47 id=47 sync offset=-5921979ns
23:42:17 Measure 48 id=48 sync offset=-6017771ns
23:42:17 Measure 49 id=49 sync offset=-6138458ns
23:42:17 Measure 50 id=50 sync offset=-6277875ns
23:42:17 Measure 1 id=1 sync offset=-3771ns
23:42:17 Measure 2 id=2 sync offset=-123365ns
23:42:17 Measure 3 id=3 sync offset=-193708ns
23:42:17 Measure 4 id=4 sync offset=-282635ns
23:42:17 Measure 5 id=5 sync offset=-400323ns
23:42:17 Measure 6 id=6 sync offset=-518521ns
23:42:17 Measure 7 id=7 sync offset=-628375ns
23:42:17 Measure 8 id=8 sync offset=-750802ns
23:42:17 Measure 9 id=9 sync offset=-870386ns
23:42:17 Measure 10 id=10 sync offset=-977688ns
23:42:17 Measure 11 id=11 sync offset=-1076969ns
23:42:17 Measure 12 id=12 sync offset=-1233813ns
23:42:17 Measure 13 id=13 sync offset=-1338688ns
23:42:17 Measure 14 id=14 sync offset=-1425230ns
23:42:17 Measure 15 id=15 sync offset=-1541146ns
23:42:17 Measure 16 id=16 sync offset=-1722365ns
23:42:17 Measure 17 id=17 sync offset=-1808052ns
23:42:17 Measure 18 id=18 sync offset=-1896302ns
23:42:17 Measure 19 id=19 sync offset=-1994895ns
23:42:17 Measure 20 id=20 sync offset=-2114813ns
23:42:17 Measure 21 id=21 sync offset=-2216730ns
23:42:17 Measure 22 id=22 sync offset=-2310177ns
23:42:17 Measure 23 id=23 sync offset=-2426854ns
23:42:17 Measure 24 id=24 sync offset=-2543813ns
23:42:17 Measure 25 id=25 sync offset=-2646938ns
23:42:17 Measure 26 id=26 sync offset=-2754334ns
