00:09:49 sim1 id=1 sync_skew=2350935ns
00:09:49 sim2 id=2 sync_skew=-12126003ns
00:09:49 sim3 id=3 sync_skew=19163578ns
00:09:49 sim4 id=4 sync_skew=35837463ns
00:09:49 sim5 id=5 sync_skew=-35784432ns
00:09:49 sim6 id=6 sync_skew=25715146ns
00:09:49 sim7 id=7 sync_skew=32787488ns
00:09:49 sim8 id=8 sync_skew=32540995ns
00:09:49 sim9 id=9 sync_skew=16750914ns
00:09:49 sim10 id=10 sync_skew=-4298172ns
00:09:49 sim11 id=11 sync_skew=12981443ns
00:09:49 sim12 id=12 sync_skew=-33865415ns
00:09:49 sim13 id=13 sync_skew=-12025154ns
00:09:49 sim14 id=14 sync_skew=970447ns
00:09:49 sim15 id=15 sync_skew=-7756659ns
00:09:49 sim16 id=16 sync_skew=-108115ns
00:09:49 sim17 id=17 sync_skew=-31163175ns
00:09:49 sim18 id=18 sync_skew=-790932ns
00:09:49 sim19 id=19 sync_skew=17290704ns
00:09:49 sim20 id=20 sync_skew=-36924832ns
00:09:49 sim21 id=21 sync_skew=36524765ns
00:09:49 sim22 id=22 sync_skew=-20755562ns
00:09:49 sim23 id=23 sync_skew=-916848ns
00:09:49 sim24 id=24 sync_skew=39786791ns
00:09:49 sim25 id=25 sync_skew=-9175328ns
00:09:49 sim26 id=26 sync_skew=-35185161ns
00:09:49 sim27 id=27 sync_skew=-17695699ns
00:09:49 sim28 id=28 sync_skew=16048648ns
00:09:49 sim29 id=29 sync_skew=33324903ns
00:09:49 sim30 id=30 sync_skew=44706ns
00:09:49 sim31 id=31 sync_skew=-32693702ns
00:09:49 sim32 id=32 sync_skew=15601071ns
00:09:49 sim1 id=1 state=booting
00:09:49 sim2 id=2 state=booting
00:09:49 sim3 id=3 state=booting
00:09:49 sim4 id=4 state=booting
00:09:49 sim5 id=5 state=booting
00:09:49 sim6 id=6 state=booting
00:09:49 sim7 id=7 state=booting
00:09:49 sim8 id=8 state=booting
00:09:49 sim9 id=9 state=booting
00:09:49 sim10 id=10 state=booting
00:09:49 sim11 id=11 state=booting
00:09:49 sim12 id=12 state=booting
00:09:49 sim13 id=13 state=booting
00:09:49 sim14 id=14 state=booting
00:09:49 sim15 id=15 state=booting
00:09:49 sim16 id=16 state=booting
00:09:49 sim17 id=17 state=booting
00:09:49 sim18 id=18 state=booting
00:09:49 sim19 id=19 state=booting
00:09:49 sim20 id=20 state=booting
00:09:49 sim21 id=21 state=booting
00:09:49 sim22 id=22 state=booting
00:09:49 sim23 id=23 state=booting
00:09:49 sim24 id=24 state=booting
00:09:49 sim25 id=25 state=booting
00:09:49 sim26 id=26 state=booting
00:09:49 sim27 id=27 state=booting
00:09:49 sim28 id=28 state=booting
00:09:49 sim29 id=29 state=booting
00:09:49 sim30 id=30 state=booting
00:09:49 sim31 id=31 state=booting
00:09:49 sim32 id=32 state=booting
00:09:50 sim1 id=1 state=running
00:09:50 sim2 id=2 state=running
00:09:50 sim3 id=3 state=running
00:09:50 sim4 id=4 state=running
00:09:50 sim5 id=5 state=running
00:09:50 sim6 id=6 state=running
00:09:50 sim7 id=7 state=running
00:09:50 sim8 id=8 state=running
00:09:50 sim9 id=9 state=running
00:09:50 sim10 id=10 state=running
00:09:50 sim11 id=11 state=running
00:09:50 sim12 id=12 state=running
00:09:50 sim13 id=13 state=running
00:09:50 sim14 id=14 state=running
00:09:50 sim15 id=15 state=running
00:09:50 sim16 id=16 state=running
00:09:50 sim17 id=17 state=running
00:09:50 sim18 id=18 state=running
00:09:50 sim19 id=19 state=running
00:09:50 sim20 id=20 state=running
00:09:50 sim21 id=21 state=running
00:09:50 sim22 id=22 state=running
00:09:50 sim23 id=23 state=running
00:09:50 sim24 id=24 state=running
00:09:50 sim25 id=25 state=running
00:09:50 sim26 id=26 state=running
00:09:50 sim27 id=27 state=running
00:09:50 sim28 id=28 state=running
00:09:50 sim29 id=29 state=running
00:09:50 sim30 id=30 state=running
00:09:50 sim31 id=31 state=running
00:09:50 sim32 id=32 state=running
00:09:51 sim1 id=1 sync offset=2385288ns
00:09:51 sim2 id=2 sync offset=-12117055ns
00:09:51 sim3 id=3 sync offset=19183328ns
00:09:51 sim4 id=4 sync offset=35850359ns
00:09:51 sim5 id=5 sync offset=-35699526ns
00:09:51 sim6 id=6 sync offset=25731312ns
00:09:51 sim7 id=7 sync offset=32807383ns
00:09:51 sim8 id=8 sync offset=32565662ns
00:09:51 sim9 id=9 sync offset=16778434ns
00:09:51 sim10 id=10 sync offset=-4269422ns
00:09:51 sim11 id=11 sync offset=13028672ns
00:09:51 sim12 id=12 sync offset=-33813519ns
00:09:51 sim13 id=13 sync offset=-11972508ns
00:09:51 sim14 id=14 sync offset=1029593ns
00:09:51 sim15 id=15 sync offset=-7693806ns
00:09:51 sim16 id=16 sync offset=104645ns
00:09:51 sim17 id=17 sync offset=-30953550ns
00:09:51 sim18 id=18 sync offset=-577557ns
00:09:51 sim19 id=19 sync offset=17514859ns
00:09:51 sim20 id=20 sync offset=-36695061ns
00:09:51 sim21 id=21 sync offset=36757463ns
00:09:51 sim22 id=22 sync offset=-20513573ns
00:09:51 sim23 id=23 sync offset=-663473ns
00:09:51 sim24 id=24 sync offset=40044134ns
00:09:51 sim25 id=25 sync offset=-8932516ns
00:09:51 sim26 id=26 sync offset=-34937786ns
00:09:51 sim27 id=27 sync offset=-17445897ns
00:09:51 sim28 id=28 sync offset=16304502ns
00:09:51 sim29 id=29 sync offset=33585861ns
00:09:51 sim30 id=30 sync offset=309403ns
00:09:51 sim31 id=31 sync offset=-32424390ns
00:09:51 sim32 id=32 sync offset=15886372ns
00:09:52 sim1 id=1 sync offset=2381268ns
00:09:52 sim2 id=2 sync offset=-12129962ns
00:09:52 sim3 id=3 sync offset=19149848ns
00:09:52 sim4 id=4 sync offset=35864004ns
00:09:52 sim5 id=5 sync offset=-35743307ns
00:09:52 sim6 id=6 sync offset=25745395ns
00:09:52 sim7 id=7 sync offset=32817987ns
00:09:52 sim8 id=8 sync offset=32569078ns
00:09:52 sim9 id=9 sync offset=16808913ns
00:09:52 sim10 id=10 sync offset=-4244474ns
00:09:52 sim11 id=11 sync offset=13036651ns
00:09:52 sim12 id=12 sync offset=-33809529ns
00:09:52 sim13 id=13 sync offset=-11971393ns
00:09:52 sim14 id=14 sync offset=1025947ns
00:09:52 sim15 id=15 sync offset=-7710034ns
00:09:52 sim16 id=16 sync offset=-50241ns
00:09:52 sim17 id=17 sync offset=-31114905ns
00:09:52 sim18 id=18 sync offset=-736245ns
00:09:52 sim19 id=19 sync offset=17363932ns
00:09:52 sim20 id=20 sync offset=-36847541ns
00:09:52 sim21 id=21 sync offset=36605890ns
00:09:52 sim22 id=22 sync offset=-20513573ns
00:09:52 sim23 id=23 sync offset=-663473ns
00:09:52 sim24 id=24 sync offset=40044134ns
00:09:52 sim25 id=25 sync offset=-8932516ns
00:09:52 sim26 id=26 sync offset=-34937786ns
00:09:52 sim27 id=27 sync offset=-17445897ns
00:09:52 sim28 id=28 sync offset=16304502ns
00:09:52 sim29 id=29 sync offset=33585861ns
00:09:52 sim30 id=30 sync offset=309403ns
00:09:52 sim31 id=31 sync offset=-32424390ns
00:09:52 sim32 id=32 sync offset=15886372ns
00:09:52 sim1 id=1 sync offset=2378997ns
00:09:52 sim2 id=2 sync offset=-12118461ns
00:09:52 sim3 id=3 sync offset=19162556ns
00:09:52 sim4 id=4 sync offset=35867379ns
00:09:52 sim5 id=5 sync offset=-35739047ns
00:09:52 sim6 id=6 sync offset=25738771ns
00:09:52 sim7 id=7 sync offset=32807383ns
00:09:52 sim8 id=8 sync offset=32565662ns
00:09:52 sim9 id=9 sync offset=16805185ns
00:09:52 sim10 id=10 sync offset=-4238339ns
00:09:52 sim11 id=11 sync offset=13036651ns
00:09:52 sim12 id=12 sync offset=-33809529ns
00:09:52 sim13 id=13 sync offset=-11971393ns
00:09:52 sim14 id=14 sync offset=1025947ns
00:09:52 sim15 id=15 sync offset=-7710034ns
00:09:52 sim16 id=16 sync offset=-50241ns
00:09:52 sim17 id=17 sync offset=-31114905ns
00:09:52 sim18 id=18 sync offset=-736245ns
00:09:52 sim19 id=19 sync offset=17363932ns
00:09:52 sim20 id=20 sync offset=-36847541ns
00:09:52 sim21 id=21 sync offset=36605890ns
00:09:52 sim22 id=22 sync offset=-20513573ns
00:09:52 sim23 id=23 sync offset=-663473ns
00:09:52 sim24 id=24 sync offset=40044134ns
00:09:52 sim25 id=25 sync offset=-8932516ns
00:09:52 sim26 id=26 sync offset=-34937786ns
00:09:52 sim27 id=27 sync offset=-17445897ns
00:09:52 sim28 id=28 sync offset=16304502ns
00:09:52 sim29 id=29 sync offset=33585861ns
00:09:52 sim30 id=30 sync offset=309403ns
00:09:52 sim31 id=31 sync offset=-32424390ns
00:09:52 sim32 id=32 sync offset=15886372ns
00:09:53 sim1 id=1 sync offset=2381268ns
00:09:53 sim2 id=2 sync offset=-12118274ns
00:09:53 sim3 id=3 sync offset=19175265ns
00:09:53 sim4 id=4 sync offset=35870755ns
00:09:53 sim5 id=5 sync offset=-35734787ns
00:09:53 sim6 id=6 sync offset=25749125ns
00:09:53 sim7 id=7 sync offset=32817987ns
00:09:53 sim8 id=8 sync offset=32565662ns
00:09:53 sim9 id=9 sync offset=16805185ns
00:09:53 sim10 id=10 sync offset=-4238339ns
00:09:53 sim11 id=11 sync offset=13036651ns
00:09:53 sim12 id=12 sync offset=-33809529ns
00:09:53 sim13 id=13 sync offset=-11971393ns
00:09:53 sim14 id=14 sync offset=1025947ns
00:09:53 sim15 id=15 sync offset=-7710034ns
00:09:53 sim16 id=16 sync offset=-50241ns
00:09:53 sim17 id=17 sync offset=-31114905ns
00:09:53 sim18 id=18 sync offset=-736245ns
00:09:53 sim19 id=19 sync offset=17363932ns
00:09:53 sim20 id=20 sync offset=-36847541ns
00:09:53 sim21 id=21 sync offset=36605890ns
00:09:53 sim22 id=22 sync offset=-20513573ns
00:09:53 sim23 id=23 sync offset=-663473ns
00:09:53 sim24 id=24 sync offset=40044134ns
00:09:53 sim25 id=25 sync offset=-8932516ns
00:09:53 sim26 id=26 sync offset=-34937786ns
00:09:53 sim27 id=27 sync offset=-17445897ns
00:09:53 sim28 id=28 sync offset=16304502ns
00:09:53 sim29 id=29 sync offset=33585861ns
00:09:53 sim30 id=30 sync offset=309403ns
00:09:53 sim31 id=31 sync offset=-32424390ns
00:09:53 sim32 id=32 sync offset=15886372ns
00:09:53 sim1 id=1 sync offset=2379070ns
00:09:53 sim2 id=2 sync offset=-12117274ns
00:09:53 sim3 id=3 sync offset=19171046ns
00:09:53 sim4 id=4 sync offset=35867379ns
00:09:53 sim5 id=5 sync offset=-35739047ns
00:09:53 sim6 id=6 sync offset=25738771ns
00:09:53 sim7 id=7 sync offset=32808321ns
00:09:53 sim8 id=8 sync offset=32562557ns
00:09:53 sim9 id=9 sync offset=16791809ns
00:09:53 sim10 id=10 sync offset=-4253880ns
00:09:53 sim11 id=11 sync offset=13028672ns
00:09:53 sim12 id=12 sync offset=-33813519ns
00:09:53 sim13 id=13 sync offset=-11972508ns
00:09:53 sim14 id=14 sync offset=1022301ns
00:09:53 sim15 id=15 sync offset=-7726263ns
00:09:53 sim16 id=16 sync offset=-50241ns
00:09:53 sim17 id=17 sync offset=-31114905ns
00:09:53 sim18 id=18 sync offset=-736245ns
00:09:53 sim19 id=19 sync offset=17363932ns
00:09:53 sim20 id=20 sync offset=-36847541ns
00:09:53 sim21 id=21 sync offset=36605890ns
00:09:53 sim22 id=22 sync offset=-20513573ns
00:09:53 sim23 id=23 sync offset=-663473ns
00:09:53 sim24 id=24 sync offset=40044134ns
00:09:53 sim25 id=25 sync offset=-8932516ns
00:09:53 sim26 id=26 sync offset=-34937786ns
00:09:53 sim27 id=27 sync offset=-17445897ns
00:09:53 sim28 id=28 sync offset=16304502ns
00:09:53 sim29 id=29 sync offset=33585861ns
00:09:53 sim30 id=30 sync offset=309403ns
00:09:53 sim31 id=31 sync offset=-32424390ns
00:09:53 sim32 id=32 sync offset=15886372ns
00:09:54 sim1 id=1 sync offset=2376872ns
00:09:54 sim2 id=2 sync offset=-12116274ns
00:09:54 sim3 id=3 sync offset=19175265ns
00:09:54 sim4 id=4 sync offset=35862639ns
00:09:54 sim5 id=5 sync offset=-35743307ns
00:09:54 sim6 id=6 sync offset=25736333ns
00:09:54 sim7 id=7 sync offset=32807852ns
00:09:54 sim8 id=8 sync offset=32559453ns
00:09:54 sim9 id=9 sync offset=16778434ns
00:09:54 sim10 id=10 sync offset=-4269422ns
00:09:54 sim11 id=11 sync offset=12999484ns
00:09:54 sim12 id=12 sync offset=-33838946ns
00:09:54 sim13 id=13 sync offset=-12000758ns
00:09:54 sim14 id=14 sync offset=994207ns
00:09:54 sim15 id=15 sync offset=-7744992ns
00:09:54 sim16 id=16 sync offset=-72720ns
00:09:54 sim17 id=17 sync offset=-31139717ns
00:09:54 sim18 id=18 sync offset=-764547ns
00:09:54 sim19 id=19 sync offset=17323651ns
00:09:54 sim20 id=20 sync offset=-36891426ns
00:09:54 sim21 id=21 sync offset=36558431ns
00:09:54 sim22 id=22 sync offset=-20661771ns
00:09:54 sim23 id=23 sync offset=-804536ns
00:09:54 sim24 id=24 sync offset=40044134ns
00:09:54 sim25 id=25 sync offset=-8932516ns
00:09:54 sim26 id=26 sync offset=-34937786ns
00:09:54 sim27 id=27 sync offset=-17445897ns
00:09:54 sim28 id=28 sync offset=16304502ns
00:09:54 sim29 id=29 sync offset=33585861ns
00:09:54 sim30 id=30 sync offset=309403ns
00:09:54 sim31 id=31 sync offset=-32424390ns
00:09:54 sim32 id=32 sync offset=15886372ns
00:09:54 sim1 id=1 sync offset=2376799ns
00:09:54 sim2 id=2 sync offset=-12117274ns
00:09:54 sim3 id=3 sync offset=19171046ns
00:09:54 sim4 id=4 sync offset=35861275ns
00:09:54 sim5 id=5 sync offset=-35754067ns
00:09:54 sim6 id=6 sync offset=25733896ns
00:09:54 sim7 id=7 sync offset=32807383ns
00:09:54 sim8 id=8 sync offset=32556942ns
00:09:54 sim9 id=9 sync offset=16770934ns
00:09:54 sim10 id=10 sync offset=-4295891ns
00:09:54 sim11 id=11 sync offset=12970297ns
00:09:54 sim12 id=12 sync offset=-33864373ns
00:09:54 sim13 id=13 sync offset=-12029009ns
00:09:54 sim14 id=14 sync offset=966114ns
00:09:54 sim15 id=15 sync offset=-7763722ns
00:09:54 sim16 id=16 sync offset=-95199ns
00:09:54 sim17 id=17 sync offset=-31164529ns
00:09:54 sim18 id=18 sync offset=-792849ns
00:09:54 sim19 id=19 sync offset=17283371ns
00:09:54 sim20 id=20 sync offset=-36935311ns
00:09:54 sim21 id=21 sync offset=36510973ns
00:09:54 sim22 id=22 sync offset=-20730239ns
00:09:54 sim23 id=23 sync offset=-883775ns
00:09:54 sim24 id=24 sync offset=40044134ns
00:09:54 sim25 id=25 sync offset=-8932516ns
00:09:54 sim26 id=26 sync offset=-34937786ns
00:09:54 sim27 id=27 sync offset=-17445897ns
00:09:54 sim28 id=28 sync offset=16304502ns
00:09:54 sim29 id=29 sync offset=33585861ns
00:09:54 sim30 id=30 sync offset=309403ns
00:09:54 sim31 id=31 sync offset=-32424390ns
00:09:54 sim32 id=32 sync offset=15886372ns
00:09:55 sim1 id=1 sync offset=2376727ns
00:09:55 sim2 id=2 sync offset=-12118274ns
00:09:55 sim3 id=3 sync offset=19166827ns
00:09:55 sim4 id=4 sync offset=35855817ns
00:09:55 sim5 id=5 sync offset=-35764828ns
00:09:55 sim6 id=6 sync offset=25732604ns
00:09:55 sim7 id=7 sync offset=32806540ns
00:09:55 sim8 id=8 sync offset=32554432ns
00:09:55 sim9 id=9 sync offset=16770934ns
00:09:55 sim10 id=10 sync offset=-4295891ns
00:09:55 sim11 id=11 sync offset=12970297ns
00:09:55 sim12 id=12 sync offset=-33864373ns
00:09:55 sim13 id=13 sync offset=-12029009ns
00:09:55 sim14 id=14 sync offset=966114ns
00:09:55 sim15 id=15 sync offset=-7763722ns
00:09:55 sim16 id=16 sync offset=-95199ns
00:09:55 sim17 id=17 sync offset=-31164529ns
00:09:55 sim18 id=18 sync offset=-792849ns
00:09:55 sim19 id=19 sync offset=17283371ns
00:09:55 sim20 id=20 sync offset=-36935311ns
00:09:55 sim21 id=21 sync offset=36510973ns
00:09:55 sim22 id=22 sync offset=-20730239ns
00:09:55 sim23 id=23 sync offset=-883775ns
00:09:55 sim24 id=24 sync offset=40044134ns
00:09:55 sim25 id=25 sync offset=-8932516ns
00:09:55 sim26 id=26 sync offset=-34937786ns
00:09:55 sim27 id=27 sync offset=-17445897ns
00:09:55 sim28 id=28 sync offset=16304502ns
00:09:55 sim29 id=29 sync offset=33585861ns
00:09:55 sim30 id=30 sync offset=309403ns
00:09:55 sim31 id=31 sync offset=-32424390ns
00:09:55 sim32 id=32 sync offset=15886372ns
00:09:55 sim1 id=1 sync offset=2376122ns
00:09:55 sim2 id=2 sync offset=-12119826ns
00:09:55 sim3 id=3 sync offset=19166296ns
00:09:55 sim4 id=4 sync offset=35850359ns
00:09:55 sim5 id=5 sync offset=-35765672ns
00:09:55 sim6 id=6 sync offset=25731312ns
00:09:55 sim7 id=7 sync offset=32805697ns
00:09:55 sim8 id=8 sync offset=32552130ns
00:09:55 sim9 id=9 sync offset=16770934ns
00:09:55 sim10 id=10 sync offset=-4295891ns
00:09:55 sim11 id=11 sync offset=12970297ns
00:09:55 sim12 id=12 sync offset=-33864373ns
00:09:55 sim13 id=13 sync offset=-12029009ns
00:09:55 sim14 id=14 sync offset=966114ns
00:09:55 sim15 id=15 sync offset=-7763722ns
00:09:55 sim16 id=16 sync offset=-95199ns
00:09:55 sim17 id=17 sync offset=-31164529ns
00:09:55 sim18 id=18 sync offset=-792849ns
00:09:55 sim19 id=19 sync offset=17283371ns
00:09:55 sim20 id=20 sync offset=-36935311ns
00:09:55 sim21 id=21 sync offset=36510973ns
00:09:55 sim22 id=22 sync offset=-20730239ns
00:09:55 sim23 id=23 sync offset=-883775ns
00:09:55 sim24 id=24 sync offset=40044134ns
00:09:55 sim25 id=25 sync offset=-8932516ns
00:09:55 sim26 id=26 sync offset=-34937786ns
00:09:55 sim27 id=27 sync offset=-17445897ns
00:09:55 sim28 id=28 sync offset=16304502ns
00:09:55 sim29 id=29 sync offset=33585861ns
00:09:55 sim30 id=30 sync offset=309403ns
00:09:55 sim31 id=31 sync offset=-32424390ns
00:09:55 sim32 id=32 sync offset=15886372ns
00:09:56 sim1 id=1 sync offset=2375518ns
00:09:56 sim2 id=2 sync offset=-12121378ns
00:09:56 sim3 id=3 sync offset=19165766ns
00:09:56 sim4 id=4 sync offset=35842619ns
00:09:56 sim5 id=5 sync offset=-35766516ns
00:09:56 sim6 id=6 sync offset=25732604ns
00:09:56 sim7 id=7 sync offset=32806540ns
00:09:56 sim8 id=8 sync offset=32554432ns
00:09:56 sim9 id=9 sync offset=16778434ns
00:09:56 sim10 id=10 sync offset=-4269422ns
00:09:56 sim11 id=11 sync offset=12999484ns
00:09:56 sim12 id=12 sync offset=-33838946ns
00:09:56 sim13 id=13 sync offset=-12000758ns
00:09:56 sim14 id=14 sync offset=994207ns
00:09:56 sim15 id=15 sync offset=-7744992ns
00:09:56 sim16 id=16 sync offset=-89896ns
00:09:56 sim17 id=17 sync offset=-31160039ns
00:09:56 sim18 id=18 sync offset=-792849ns
00:09:56 sim19 id=19 sync offset=17283371ns
00:09:56 sim20 id=20 sync offset=-36935311ns
00:09:56 sim21 id=21 sync offset=36510973ns
00:09:56 sim22 id=22 sync offset=-20730239ns
00:09:56 sim23 id=23 sync offset=-883775ns
00:09:56 sim24 id=24 sync offset=40044134ns
00:09:56 sim25 id=25 sync offset=-8932516ns
00:09:56 sim26 id=26 sync offset=-34937786ns
00:09:56 sim27 id=27 sync offset=-17445897ns
00:09:56 sim28 id=28 sync offset=16304502ns
00:09:56 sim29 id=29 sync offset=33585861ns
00:09:56 sim30 id=30 sync offset=309403ns
00:09:56 sim31 id=31 sync offset=-32424390ns
00:09:56 sim32 id=32 sync offset=15886372ns
00:09:56 sim1 id=1 sync offset=2376122ns
00:09:56 sim2 id=2 sync offset=-12119826ns
00:09:56 sim3 id=3 sync offset=19166296ns
00:09:56 sim4 id=4 sync offset=35834879ns
00:09:56 sim5 id=5 sync offset=-35768860ns
00:09:56 sim6 id=6 sync offset=25731312ns
00:09:56 sim7 id=7 sync offset=32805697ns
00:09:56 sim8 id=8 sync offset=32552130ns
00:09:56 sim9 id=9 sync offset=16770934ns
00:09:56 sim10 id=10 sync offset=-4295891ns
00:09:56 sim11 id=11 sync offset=12970297ns
00:09:56 sim12 id=12 sync offset=-33864373ns
00:09:56 sim13 id=13 sync offset=-12000758ns
00:09:56 sim14 id=14 sync offset=994207ns
00:09:56 sim15 id=15 sync offset=-7744992ns
00:09:56 sim16 id=16 sync offset=-89896ns
00:09:56 sim17 id=17 sync offset=-31160039ns
00:09:56 sim18 id=18 sync offset=-792849ns
00:09:56 sim19 id=19 sync offset=17283371ns
00:09:56 sim20 id=20 sync offset=-36935311ns
00:09:56 sim21 id=21 sync offset=36510973ns
00:09:56 sim22 id=22 sync offset=-20730239ns
00:09:56 sim23 id=23 sync offset=-883775ns
00:09:56 sim24 id=24 sync offset=40044134ns
00:09:56 sim25 id=25 sync offset=-8932516ns
00:09:56 sim26 id=26 sync offset=-34937786ns
00:09:56 sim27 id=27 sync offset=-17445897ns
00:09:56 sim28 id=28 sync offset=16304502ns
00:09:56 sim29 id=29 sync offset=33585861ns
00:09:56 sim30 id=30 sync offset=309403ns
00:09:56 sim31 id=31 sync offset=-32424390ns
00:09:56 sim32 id=32 sync offset=15886372ns
00:09:57 sim1 id=1 sync offset=2375518ns
00:09:57 sim2 id=2 sync offset=-12121378ns
00:09:57 sim3 id=3 sync offset=19165766ns
00:09:57 sim4 id=4 sync offset=35832619ns
00:09:57 sim5 id=5 sync offset=-35771204ns
00:09:57 sim6 id=6 sync offset=25730312ns
00:09:57 sim7 id=7 sync offset=32802144ns
00:09:57 sim8 id=8 sync offset=32549828ns
00:09:57 sim9 id=9 sync offset=16763435ns
00:09:57 sim10 id=10 sync offset=-4322360ns
00:09:57 sim11 id=11 sync offset=12970297ns
00:09:57 sim12 id=12 sync offset=-33864373ns
00:09:57 sim13 id=13 sync offset=-12000758ns
00:09:57 sim14 id=14 sync offset=994207ns
00:09:57 sim15 id=15 sync offset=-7744992ns
00:09:57 sim16 id=16 sync offset=-89896ns
00:09:57 sim17 id=17 sync offset=-31160039ns
00:09:57 sim18 id=18 sync offset=-792849ns
00:09:57 sim19 id=19 sync offset=17283371ns
00:09:57 sim20 id=20 sync offset=-36935311ns
00:09:57 sim21 id=21 sync offset=36510973ns
00:09:57 sim22 id=22 sync offset=-20730239ns
00:09:57 sim23 id=23 sync offset=-883775ns
00:09:57 sim24 id=24 sync offset=40044134ns
00:09:57 sim25 id=25 sync offset=-8932516ns
00:09:57 sim26 id=26 sync offset=-34937786ns
00:09:57 sim27 id=27 sync offset=-17445897ns
00:09:57 sim28 id=28 sync offset=16304502ns
00:09:57 sim29 id=29 sync offset=33585861ns
00:09:57 sim30 id=30 sync offset=309403ns
00:09:57 sim31 id=31 sync offset=-32424390ns
00:09:57 sim32 id=32 sync offset=15886372ns
00:09:57 sim1 id=1 sync offset=2374789ns
00:09:57 sim2 id=2 sync offset=-12123409ns
00:09:57 sim3 id=3 sync offset=19160474ns
00:09:57 sim4 id=4 sync offset=35830359ns
00:09:57 sim5 id=5 sync offset=-35785756ns
00:09:57 sim6 id=6 sync offset=25729312ns
00:09:57 sim7 id=7 sync offset=32798592ns
00:09:57 sim8 id=8 sync offset=32530255ns
00:09:57 sim9 id=9 sync offset=16763435ns
00:09:57 sim10 id=10 sync offset=-4322360ns
00:09:57 sim11 id=11 sync offset=12970297ns
00:09:57 sim12 id=12 sync offset=-33864373ns
00:09:57 sim13 id=13 sync offset=-12000758ns
00:09:57 sim14 id=14 sync offset=994207ns
00:09:57 sim15 id=15 sync offset=-7744992ns
00:09:57 sim16 id=16 sync offset=-89896ns
00:09:57 sim17 id=17 sync offset=-31160039ns
00:09:57 sim18 id=18 sync offset=-792849ns
00:09:57 sim19 id=19 sync offset=17283371ns
00:09:57 sim20 id=20 sync offset=-36935311ns
00:09:57 sim21 id=21 sync offset=36510973ns
00:09:57 sim22 id=22 sync offset=-20730239ns
00:09:57 sim23 id=23 sync offset=-883775ns
00:09:57 sim24 id=24 sync offset=40044134ns
00:09:57 sim25 id=25 sync offset=-8932516ns
00:09:57 sim26 id=26 sync offset=-34937786ns
00:09:57 sim27 id=27 sync offset=-17445897ns
00:09:57 sim28 id=28 sync offset=16304502ns
00:09:57 sim29 id=29 sync offset=33585861ns
00:09:57 sim30 id=30 sync offset=309403ns
00:09:57 sim31 id=31 sync offset=-32424390ns
00:09:57 sim32 id=32 sync offset=15886372ns
00:09:58 sim1 id=1 sync offset=2374060ns
00:09:58 sim2 id=2 sync offset=-12125440ns
00:09:58 sim3 id=3 sync offset=19155182ns
00:09:58 sim4 id=4 sync offset=35829931ns
00:09:58 sim5 id=5 sync offset=-35800308ns
00:09:58 sim6 id=6 sync offset=25712062ns
00:09:58 sim7 id=7 sync offset=32780196ns
00:09:58 sim8 id=8 sync offset=32511162ns
00:09:58 sim9 id=9 sync offset=16752080ns
00:09:58 sim10 id=10 sync offset=-4325714ns
00:09:58 sim11 id=11 sync offset=12957890ns
00:09:58 sim12 id=12 sync offset=-33885789ns
00:09:58 sim13 id=13 sync offset=-12029009ns
00:09:58 sim14 id=14 sync offset=966114ns
00:09:58 sim15 id=15 sync offset=-7763722ns
00:09:58 sim16 id=16 sync offset=-95199ns
00:09:58 sim17 id=17 sync offset=-31164529ns
00:09:58 sim18 id=18 sync offset=-814703ns
00:09:58 sim19 id=19 sync offset=17269131ns
00:09:58 sim20 id=20 sync offset=-36949019ns
00:09:58 sim21 id=21 sync offset=36496014ns
00:09:58 sim22 id=22 sync offset=-20798708ns
00:09:58 sim23 id=23 sync offset=-963015ns
00:09:58 sim24 id=24 sync offset=39912791ns
00:09:58 sim25 id=25 sync offset=-9045662ns
00:09:58 sim26 id=26 sync offset=-35051640ns
00:09:58 sim27 id=27 sync offset=-17558762ns
00:09:58 sim28 id=28 sync offset=16304502ns
00:09:58 sim29 id=29 sync offset=33585861ns
00:09:58 sim30 id=30 sync offset=309403ns
00:09:58 sim31 id=31 sync offset=-32424390ns
00:09:58 sim32 id=32 sync offset=15886372ns
00:09:58 sim1 id=1 sync offset=2373310ns
00:09:58 sim2 id=2 sync offset=-12127701ns
00:09:58 sim3 id=3 sync offset=19153255ns
00:09:58 sim4 id=4 sync offset=35829504ns
00:09:58 sim5 id=5 sync offset=-35812078ns
00:09:58 sim6 id=6 sync offset=25694812ns
00:09:58 sim7 id=7 sync offset=32761800ns
00:09:58 sim8 id=8 sync offset=32510922ns
00:09:58 sim9 id=9 sync offset=16752080ns
00:09:58 sim10 id=10 sync offset=-4325714ns
00:09:58 sim11 id=11 sync offset=12957890ns
00:09:58 sim12 id=12 sync offset=-33885789ns
00:09:58 sim13 id=13 sync offset=-12029009ns
00:09:58 sim14 id=14 sync offset=966114ns
00:09:58 sim15 id=15 sync offset=-7763722ns
00:09:58 sim16 id=16 sync offset=-125626ns
00:09:58 sim17 id=17 sync offset=-31188831ns
00:09:58 sim18 id=18 sync offset=-836557ns
00:09:58 sim19 id=19 sync offset=17254892ns
00:09:58 sim20 id=20 sync offset=-36962728ns
00:09:58 sim21 id=21 sync offset=36481056ns
00:09:58 sim22 id=22 sync offset=-20810864ns
00:09:58 sim23 id=23 sync offset=-988359ns
00:09:58 sim24 id=24 sync offset=39809978ns
00:09:58 sim25 id=25 sync offset=-9146464ns
00:09:58 sim26 id=26 sync offset=-35156400ns
00:09:58 sim27 id=27 sync offset=-17659813ns
00:09:58 sim28 id=28 sync offset=16195960ns
00:09:58 sim29 id=29 sync offset=33478923ns
00:09:58 sim30 id=30 sync offset=202643ns
00:09:58 sim31 id=31 sync offset=-32530724ns
00:09:58 sim32 id=32 sync offset=15769133ns
00:09:59 sim1 id=1 sync offset=2373310ns
00:09:59 sim2 id=2 sync offset=-12127701ns
00:09:59 sim3 id=3 sync offset=19153255ns
00:09:59 sim4 id=4 sync offset=35829504ns
00:09:59 sim5 id=5 sync offset=-35812078ns
00:09:59 sim6 id=6 sync offset=25694812ns
00:09:59 sim7 id=7 sync offset=32761800ns
00:09:59 sim8 id=8 sync offset=32511162ns
00:09:59 sim9 id=9 sync offset=16731674ns
00:09:59 sim10 id=10 sync offset=-4331152ns
00:09:59 sim11 id=11 sync offset=12933890ns
00:09:59 sim12 id=12 sync offset=-33912665ns
00:09:59 sim13 id=13 sync offset=-12070706ns
00:09:59 sim14 id=14 sync offset=922509ns
00:09:59 sim15 id=15 sync offset=-7814409ns
00:09:59 sim16 id=16 sync offset=-167011ns
00:09:59 sim17 id=17 sync offset=-31223915ns
00:09:59 sim18 id=18 sync offset=-863015ns
00:09:59 sim19 id=19 sync offset=17214433ns
00:09:59 sim20 id=20 sync offset=-37011811ns
00:09:59 sim21 id=21 sync offset=36443140ns
00:09:59 sim22 id=22 sync offset=-20839708ns
00:09:59 sim23 id=23 sync offset=-1040140ns
00:09:59 sim24 id=24 sync offset=39645208ns
00:09:59 sim25 id=25 sync offset=-9317932ns
00:09:59 sim26 id=26 sync offset=-35338682ns
00:09:59 sim27 id=27 sync offset=-17851595ns
00:09:59 sim28 id=28 sync offset=15888626ns
00:09:59 sim29 id=29 sync offset=33158173ns
00:09:59 sim30 id=30 sync offset=-127649ns
00:09:59 sim31 id=31 sync offset=-32875640ns
00:09:59 sim32 id=32 sync offset=15413758ns
00:09:59 sim1 id=1 sync offset=2372268ns
00:09:59 sim2 id=2 sync offset=-12125440ns
00:09:59 sim3 id=3 sync offset=19155182ns
00:09:59 sim4 id=4 sync offset=35823983ns
00:09:59 sim5 id=5 sync offset=-35812078ns
00:09:59 sim6 id=6 sync offset=25694812ns
00:09:59 sim7 id=7 sync offset=32761144ns
00:09:59 sim8 id=8 sync offset=32510922ns
00:09:59 sim9 id=9 sync offset=16722622ns
00:09:59 sim10 id=10 sync offset=-4331152ns
00:09:59 sim11 id=11 sync offset=12933890ns
00:09:59 sim12 id=12 sync offset=-33912665ns
00:09:59 sim13 id=13 sync offset=-12070706ns
00:09:59 sim14 id=14 sync offset=922509ns
00:09:59 sim15 id=15 sync offset=-7814409ns
00:09:59 sim16 id=16 sync offset=-167011ns
00:09:59 sim17 id=17 sync offset=-31223915ns
00:09:59 sim18 id=18 sync offset=-863015ns
00:09:59 sim19 id=19 sync offset=17214433ns
00:09:59 sim20 id=20 sync offset=-37011811ns
00:09:59 sim21 id=21 sync offset=36451234ns
00:09:59 sim22 id=22 sync offset=-20831364ns
00:09:59 sim23 id=23 sync offset=-1021452ns
00:09:59 sim24 id=24 sync offset=39645208ns
00:09:59 sim25 id=25 sync offset=-9317932ns
00:09:59 sim26 id=26 sync offset=-35338682ns
00:09:59 sim27 id=27 sync offset=-17851595ns
00:09:59 sim28 id=28 sync offset=15888626ns
00:09:59 sim29 id=29 sync offset=33158173ns
00:09:59 sim30 id=30 sync offset=-127649ns
00:09:59 sim31 id=31 sync offset=-32875640ns
00:09:59 sim32 id=32 sync offset=15413758ns
00:10:00 sim1 id=1 sync offset=2372268ns
00:10:00 sim2 id=2 sync offset=-12123837ns
00:10:00 sim3 id=3 sync offset=19158390ns
00:10:00 sim4 id=4 sync offset=35823983ns
00:10:00 sim5 id=5 sync offset=-35812078ns
00:10:00 sim6 id=6 sync offset=25694812ns
00:10:00 sim7 id=7 sync offset=32761144ns
00:10:00 sim8 id=8 sync offset=32510922ns
00:10:00 sim9 id=9 sync offset=16722622ns
00:10:00 sim10 id=10 sync offset=-4331152ns
00:10:00 sim11 id=11 sync offset=12933890ns
00:10:00 sim12 id=12 sync offset=-33912665ns
00:10:00 sim13 id=13 sync offset=-12070706ns
00:10:00 sim14 id=14 sync offset=922509ns
00:10:00 sim15 id=15 sync offset=-7814409ns
00:10:00 sim16 id=16 sync offset=-164250ns
00:10:00 sim17 id=17 sync offset=-31223956ns
00:10:00 sim18 id=18 sync offset=-857556ns
00:10:00 sim19 id=19 sync offset=17214433ns
00:10:00 sim20 id=20 sync offset=-37011811ns
00:10:00 sim21 id=21 sync offset=36449619ns
00:10:00 sim22 id=22 sync offset=-20833604ns
00:10:00 sim23 id=23 sync offset=-1014286ns
00:10:00 sim24 id=24 sync offset=39690041ns
00:10:00 sim25 id=25 sync offset=-9297067ns
00:10:00 sim26 id=26 sync offset=-35331099ns
00:10:00 sim27 id=27 sync offset=-17844105ns
00:10:00 sim28 id=28 sync offset=15898345ns
00:10:00 sim29 id=29 sync offset=33170548ns
00:10:00 sim30 id=30 sync offset=-127649ns
00:10:00 sim31 id=31 sync offset=-32875640ns
00:10:00 sim32 id=32 sync offset=15413758ns
00:10:00 sim1 id=1 sync offset=2372268ns
00:10:00 sim2 id=2 sync offset=-12123837ns
00:10:00 sim3 id=3 sync offset=19158390ns
00:10:00 sim4 id=4 sync offset=35812692ns
00:10:00 sim5 id=5 sync offset=-35812078ns
00:10:00 sim6 id=6 sync offset=25694812ns
00:10:00 sim7 id=7 sync offset=32761144ns
00:10:00 sim8 id=8 sync offset=32510922ns
00:10:00 sim9 id=9 sync offset=16722622ns
00:10:00 sim10 id=10 sync offset=-4331152ns
00:10:00 sim11 id=11 sync offset=12933890ns
00:10:00 sim12 id=12 sync offset=-33912665ns
00:10:00 sim13 id=13 sync offset=-12070706ns
00:10:00 sim14 id=14 sync offset=922509ns
00:10:00 sim15 id=15 sync offset=-7811450ns
00:10:00 sim16 id=16 sync offset=-161490ns
00:10:00 sim17 id=17 sync offset=-31220800ns
00:10:00 sim18 id=18 sync offset=-852098ns
00:10:00 sim19 id=19 sync offset=17220495ns
00:10:00 sim20 id=20 sync offset=-37007811ns
00:10:00 sim21 id=21 sync offset=36456098ns
00:10:00 sim22 id=22 sync offset=-20827500ns
00:10:00 sim23 id=23 sync offset=-1013703ns
00:10:00 sim24 id=24 sync offset=39707166ns
00:10:00 sim25 id=25 sync offset=-9296203ns
00:10:00 sim26 id=26 sync offset=-35319995ns
00:10:00 sim27 id=27 sync offset=-17827282ns
00:10:00 sim28 id=28 sync offset=15914377ns
00:10:00 sim29 id=29 sync offset=33187320ns
00:10:00 sim30 id=30 sync offset=-98752ns
00:10:00 sim31 id=31 sync offset=-32873973ns
00:10:00 sim32 id=32 sync offset=15423363ns
00:10:01 sim1 id=1 sync offset=2371976ns
00:10:01 sim2 id=2 sync offset=-12124638ns
00:10:01 sim3 id=3 sync offset=19156786ns
00:10:01 sim4 id=4 sync offset=35806921ns
00:10:01 sim5 id=5 sync offset=-35818578ns
00:10:01 sim6 id=6 sync offset=25692208ns
00:10:01 sim7 id=7 sync offset=32760488ns
00:10:01 sim8 id=8 sync offset=32510682ns
00:10:01 sim9 id=9 sync offset=16722622ns
00:10:01 sim10 id=10 sync offset=-4331152ns
00:10:01 sim11 id=11 sync offset=12938943ns
00:10:01 sim12 id=12 sync offset=-33910050ns
00:10:01 sim13 id=13 sync offset=-12070446ns
00:10:01 sim14 id=14 sync offset=922551ns
00:10:01 sim15 id=15 sync offset=-7808492ns
00:10:01 sim16 id=16 sync offset=-160750ns
00:10:01 sim17 id=17 sync offset=-31220758ns
00:10:01 sim18 id=18 sync offset=-851557ns
00:10:01 sim19 id=19 sync offset=17226558ns
00:10:01 sim20 id=20 sync offset=-37003812ns
00:10:01 sim21 id=21 sync offset=36456098ns
00:10:01 sim22 id=22 sync offset=-20827500ns
00:10:01 sim23 id=23 sync offset=-1013703ns
00:10:01 sim24 id=24 sync offset=39707166ns
00:10:01 sim25 id=25 sync offset=-9296203ns
00:10:01 sim26 id=26 sync offset=-35319995ns
00:10:01 sim27 id=27 sync offset=-17827282ns
00:10:01 sim28 id=28 sync offset=15914377ns
00:10:01 sim29 id=29 sync offset=33187320ns
00:10:01 sim30 id=30 sync offset=-96137ns
00:10:01 sim31 id=31 sync offset=-32857316ns
00:10:01 sim32 id=32 sync offset=15436415ns
00:10:01 sim1 id=1 sync offset=2368685ns
00:10:01 sim2 id=2 sync offset=-12129065ns
00:10:01 sim3 id=3 sync offset=19156786ns
00:10:01 sim4 id=4 sync offset=35806921ns
00:10:01 sim5 id=5 sync offset=-35818578ns
00:10:01 sim6 id=6 sync offset=25679959ns
00:10:01 sim7 id=7 sync offset=32741301ns
00:10:01 sim8 id=8 sync offset=32486974ns
00:10:01 sim9 id=9 sync offset=16717831ns
00:10:01 sim10 id=10 sync offset=-4334068ns
00:10:01 sim11 id=11 sync offset=12928838ns
00:10:01 sim12 id=12 sync offset=-33914550ns
00:10:01 sim13 id=13 sync offset=-12070967ns
00:10:01 sim14 id=14 sync offset=922467ns
00:10:01 sim15 id=15 sync offset=-7814409ns
00:10:01 sim16 id=16 sync offset=-164250ns
00:10:01 sim17 id=17 sync offset=-31223956ns
00:10:01 sim18 id=18 sync offset=-857556ns
00:10:01 sim19 id=19 sync offset=17214433ns
00:10:01 sim20 id=20 sync offset=-37011811ns
00:10:01 sim21 id=21 sync offset=36443140ns
00:10:01 sim22 id=22 sync offset=-20839708ns
00:10:01 sim23 id=23 sync offset=-1014869ns
00:10:01 sim24 id=24 sync offset=39672916ns
00:10:01 sim25 id=25 sync offset=-9297932ns
00:10:01 sim26 id=26 sync offset=-35331099ns
00:10:01 sim27 id=27 sync offset=-17844105ns
00:10:01 sim28 id=28 sync offset=15898345ns
00:10:01 sim29 id=29 sync offset=33170548ns
00:10:01 sim30 id=30 sync offset=-113200ns
00:10:01 sim31 id=31 sync offset=-32872181ns
00:10:01 sim32 id=32 sync offset=15425102ns
00:10:01 sim1 id=1 sync offset=2370330ns
00:10:01 sim2 id=2 sync offset=-12132493ns
00:10:01 sim3 id=3 sync offset=19151328ns
00:10:01 sim4 id=4 sync offset=35803234ns
00:10:01 sim5 id=5 sync offset=-35825380ns
00:10:01 sim6 id=6 sync offset=25666760ns
00:10:01 sim7 id=7 sync offset=32735175ns
00:10:01 sim8 id=8 sync offset=32486329ns
00:10:01 sim9 id=9 sync offset=16693768ns
00:10:01 sim10 id=10 sync offset=-4356359ns
00:10:01 sim11 id=11 sync offset=12922964ns
00:10:01 sim12 id=12 sync offset=-33923259ns
00:10:01 sim13 id=13 sync offset=-12083904ns
00:10:01 sim14 id=14 sync offset=885551ns
00:10:01 sim15 id=15 sync offset=-7863160ns
00:10:01 sim16 id=16 sync offset=-174052ns
00:10:01 sim17 id=17 sync offset=-31228644ns
00:10:01 sim18 id=18 sync offset=-867869ns
00:10:01 sim19 id=19 sync offset=17195579ns
00:10:01 sim20 id=20 sync offset=-37022478ns
00:10:01 sim21 id=21 sync offset=36456098ns
00:10:01 sim22 id=22 sync offset=-20827500ns
00:10:01 sim23 id=23 sync offset=-1014869ns
00:10:01 sim24 id=24 sync offset=39707166ns
00:10:01 sim25 id=25 sync offset=-9296203ns
00:10:01 sim26 id=26 sync offset=-35331099ns
00:10:01 sim27 id=27 sync offset=-17844105ns
00:10:01 sim28 id=28 sync offset=15898345ns
00:10:01 sim29 id=29 sync offset=33170548ns
00:10:01 sim30 id=30 sync offset=-113200ns
00:10:01 sim31 id=31 sync offset=-32872181ns
00:10:01 sim32 id=32 sync offset=15425102ns
00:10:02 sim1 id=1 sync offset=2373018ns
00:10:02 sim2 id=2 sync offset=-12126701ns
00:10:02 sim3 id=3 sync offset=19158390ns
00:10:02 sim4 id=4 sync offset=35828463ns
00:10:02 sim5 id=5 sync offset=-35809995ns
00:10:02 sim6 id=6 sync offset=25703448ns
00:10:02 sim7 id=7 sync offset=32780269ns
00:10:02 sim8 id=8 sync offset=32514797ns
00:10:02 sim9 id=9 sync offset=16723091ns
00:10:02 sim10 id=10 sync offset=-4334068ns
00:10:02 sim11 id=11 sync offset=12928838ns
00:10:02 sim12 id=12 sync offset=-33928822ns
00:10:02 sim13 id=13 sync offset=-12106863ns
00:10:02 sim14 id=14 sync offset=871592ns
00:10:02 sim15 id=15 sync offset=-7863160ns
00:10:02 sim16 id=16 sync offset=-171292ns
00:10:02 sim17 id=17 sync offset=-31225488ns
00:10:02 sim18 id=18 sync offset=-872109ns
00:10:02 sim19 id=19 sync offset=17195579ns
00:10:02 sim20 id=20 sync offset=-37022478ns
00:10:02 sim21 id=21 sync offset=36445827ns
00:10:02 sim22 id=22 sync offset=-20838145ns
00:10:02 sim23 id=23 sync offset=-1014869ns
00:10:02 sim24 id=24 sync offset=39687770ns
00:10:02 sim25 id=25 sync offset=-9269661ns
00:10:02 sim26 id=26 sync offset=-35310567ns
00:10:02 sim27 id=27 sync offset=-17827282ns
00:10:02 sim28 id=28 sync offset=15914377ns
00:10:02 sim29 id=29 sync offset=33187320ns
00:10:02 sim30 id=30 sync offset=-113200ns
00:10:02 sim31 id=31 sync offset=-32872181ns
00:10:02 sim32 id=32 sync offset=15425102ns
00:10:03 sim1 id=1 sync offset=2373018ns
00:10:03 sim2 id=2 sync offset=-12127962ns
00:10:03 sim3 id=3 sync offset=19157785ns
00:10:03 sim4 id=4 sync offset=35826567ns
00:10:03 sim5 id=5 sync offset=-35805192ns
00:10:03 sim6 id=6 sync offset=25705521ns
00:10:03 sim7 id=7 sync offset=32791884ns
00:10:03 sim8 id=8 sync offset=32518432ns
00:10:03 sim9 id=9 sync offset=16723091ns
00:10:03 sim10 id=10 sync offset=-4332610ns
00:10:03 sim11 id=11 sync offset=12933890ns
00:10:03 sim12 id=12 sync offset=-33927562ns
00:10:03 sim13 id=13 sync offset=-12095383ns
00:10:03 sim14 id=14 sync offset=878571ns
00:10:03 sim15 id=15 sync offset=-7835826ns
00:10:03 sim16 id=16 sync offset=-161490ns
00:10:03 sim17 id=17 sync offset=-31220800ns
00:10:03 sim18 id=18 sync offset=-860579ns
00:10:03 sim19 id=19 sync offset=17209120ns
00:10:03 sim20 id=20 sync offset=-37017144ns
00:10:03 sim21 id=21 sync offset=36450962ns
00:10:03 sim22 id=22 sync offset=-20832822ns
00:10:03 sim23 id=23 sync offset=-1010275ns
00:10:03 sim24 id=24 sync offset=39697468ns
00:10:03 sim25 id=25 sync offset=-9258463ns
00:10:03 sim26 id=26 sync offset=-35297619ns
00:10:03 sim27 id=27 sync offset=-17817949ns
00:10:03 sim28 id=28 sync offset=15920690ns
00:10:03 sim29 id=29 sync offset=33191716ns
00:10:03 sim30 id=30 sync offset=-127649ns
00:10:03 sim31 id=31 sync offset=-32873973ns
00:10:03 sim32 id=32 sync offset=15423363ns
00:10:03 sim1 id=1 sync offset=2374622ns
00:10:03 sim2 id=2 sync offset=-12126701ns
00:10:03 sim3 id=3 sync offset=19157785ns
00:10:03 sim4 id=4 sync offset=35823483ns
00:10:03 sim5 id=5 sync offset=-35809370ns
00:10:03 sim6 id=6 sync offset=25703448ns
00:10:03 sim7 id=7 sync offset=32780269ns
00:10:03 sim8 id=8 sync offset=32514797ns
00:10:03 sim9 id=9 sync offset=16722622ns
00:10:03 sim10 id=10 sync offset=-4334068ns
00:10:03 sim11 id=11 sync offset=12928838ns
00:10:03 sim12 id=12 sync offset=-33928822ns
00:10:03 sim13 id=13 sync offset=-12106863ns
00:10:03 sim14 id=14 sync offset=871592ns
00:10:03 sim15 id=15 sync offset=-7863160ns
00:10:03 sim16 id=16 sync offset=-171292ns
00:10:03 sim17 id=17 sync offset=-31225488ns
00:10:03 sim18 id=18 sync offset=-872109ns
00:10:03 sim19 id=19 sync offset=17195579ns
00:10:03 sim20 id=20 sync offset=-37022478ns
00:10:03 sim21 id=21 sync offset=36445827ns
00:10:03 sim22 id=22 sync offset=-20838145ns
00:10:03 sim23 id=23 sync offset=-1014869ns
00:10:03 sim24 id=24 sync offset=39687770ns
00:10:03 sim25 id=25 sync offset=-9269661ns
00:10:03 sim26 id=26 sync offset=-35297619ns
00:10:03 sim27 id=27 sync offset=-17817949ns
00:10:03 sim28 id=28 sync offset=15920690ns
00:10:03 sim29 id=29 sync offset=33191716ns
00:10:03 sim30 id=30 sync offset=-127649ns
00:10:03 sim31 id=31 sync offset=-32873973ns
00:10:03 sim32 id=32 sync offset=15423363ns
00:10:04 sim1 id=1 sync offset=2374278ns
00:10:04 sim2 id=2 sync offset=-12125899ns
00:10:04 sim3 id=3 sync offset=19157785ns
00:10:04 sim4 id=4 sync offset=35823483ns
00:10:04 sim5 id=5 sync offset=-35809370ns
00:10:04 sim6 id=6 sync offset=25703448ns
00:10:04 sim7 id=7 sync offset=32777904ns
00:10:04 sim8 id=8 sync offset=32514797ns
00:10:04 sim9 id=9 sync offset=16722622ns
00:10:04 sim10 id=10 sync offset=-4334068ns
00:10:04 sim11 id=11 sync offset=12928838ns
00:10:04 sim12 id=12 sync offset=-33928822ns
00:10:04 sim13 id=13 sync offset=-12106863ns
00:10:04 sim14 id=14 sync offset=871592ns
00:10:04 sim15 id=15 sync offset=-7863160ns
00:10:04 sim16 id=16 sync offset=-171292ns
00:10:04 sim17 id=17 sync offset=-31225488ns
00:10:04 sim18 id=18 sync offset=-872109ns
00:10:04 sim19 id=19 sync offset=17195579ns
00:10:04 sim20 id=20 sync offset=-37022478ns
00:10:04 sim21 id=21 sync offset=36456098ns
00:10:04 sim22 id=22 sync offset=-20827500ns
00:10:04 sim23 id=23 sync offset=-1005682ns
00:10:04 sim24 id=24 sync offset=39707166ns
00:10:04 sim25 id=25 sync offset=-9247266ns
00:10:04 sim26 id=26 sync offset=-35297619ns
00:10:04 sim27 id=27 sync offset=-17817949ns
00:10:04 sim28 id=28 sync offset=15920690ns
00:10:04 sim29 id=29 sync offset=33191716ns
00:10:04 sim30 id=30 sync offset=-127649ns
00:10:04 sim31 id=31 sync offset=-32870390ns
00:10:04 sim32 id=32 sync offset=15426841ns
00:10:04 sim1 id=1 sync offset=2373373ns
00:10:04 sim2 id=2 sync offset=-12127962ns
00:10:04 sim3 id=3 sync offset=19157181ns
00:10:04 sim4 id=4 sync offset=35820400ns
00:10:04 sim5 id=5 sync offset=-35809682ns
00:10:04 sim6 id=6 sync offset=25701375ns
00:10:04 sim7 id=7 sync offset=32768655ns
00:10:04 sim8 id=8 sync offset=32514797ns
00:10:04 sim9 id=9 sync offset=16717831ns
00:10:04 sim10 id=10 sync offset=-4356359ns
00:10:04 sim11 id=11 sync offset=12922964ns
00:10:04 sim12 id=12 sync offset=-33945196ns
00:10:04 sim13 id=13 sync offset=-12117821ns
00:10:04 sim14 id=14 sync offset=864426ns
00:10:04 sim15 id=15 sync offset=-7868576ns
00:10:04 sim16 id=16 sync offset=-171292ns
00:10:04 sim17 id=17 sync offset=-31225488ns
00:10:04 sim18 id=18 sync offset=-872109ns
00:10:04 sim19 id=19 sync offset=17195579ns
00:10:04 sim20 id=20 sync offset=-37022478ns
00:10:04 sim21 id=21 sync offset=36456098ns
00:10:04 sim22 id=22 sync offset=-20827500ns
00:10:04 sim23 id=23 sync offset=-1005682ns
00:10:04 sim24 id=24 sync offset=39707166ns
00:10:04 sim25 id=25 sync offset=-9247266ns
00:10:04 sim26 id=26 sync offset=-35297619ns
00:10:04 sim27 id=27 sync offset=-17817949ns
00:10:04 sim28 id=28 sync offset=15920690ns
00:10:04 sim29 id=29 sync offset=33191716ns
00:10:04 sim30 id=30 sync offset=-129065ns
00:10:04 sim31 id=31 sync offset=-32870390ns
00:10:04 sim32 id=32 sync offset=15426841ns
00:10:05 sim1 id=1 sync offset=2373373ns
00:10:05 sim2 id=2 sync offset=-12125899ns
00:10:05 sim3 id=3 sync offset=19157785ns
00:10:05 sim4 id=4 sync offset=35823483ns
00:10:05 sim5 id=5 sync offset=-35809370ns
00:10:05 sim6 id=6 sync offset=25703448ns
00:10:05 sim7 id=7 sync offset=32777904ns
00:10:05 sim8 id=8 sync offset=32518432ns
00:10:05 sim9 id=9 sync offset=16723560ns
00:10:05 sim10 id=10 sync offset=-4334068ns
00:10:05 sim11 id=11 sync offset=12930953ns
00:10:05 sim12 id=12 sync offset=-33930082ns
00:10:05 sim13 id=13 sync offset=-12112342ns
00:10:05 sim14 id=14 sync offset=868009ns
00:10:05 sim15 id=15 sync offset=-7838534ns
00:10:05 sim16 id=16 sync offset=-161490ns
00:10:05 sim17 id=17 sync offset=-31220800ns
00:10:05 sim18 id=18 sync offset=-860579ns
00:10:05 sim19 id=19 sync offset=17209120ns
00:10:05 sim20 id=20 sync offset=-37009946ns
00:10:05 sim21 id=21 sync offset=36457713ns
00:10:05 sim22 id=22 sync offset=-20825260ns
00:10:05 sim23 id=23 sync offset=-998379ns
00:10:05 sim24 id=24 sync offset=39707395ns
00:10:05 sim25 id=25 sync offset=-9245276ns
00:10:05 sim26 id=26 sync offset=-35284119ns
00:10:05 sim27 id=27 sync offset=-17810699ns
00:10:05 sim28 id=28 sync offset=15926366ns
00:10:05 sim29 id=29 sync offset=33197070ns
00:10:05 sim30 id=30 sync offset=-111294ns
00:10:05 sim31 id=31 sync offset=-32855525ns
00:10:05 sim32 id=32 sync offset=15438154ns
00:10:05 sim1 id=1 sync offset=2373373ns
00:10:05 sim2 id=2 sync offset=-12125899ns
00:10:05 sim3 id=3 sync offset=19157785ns
00:10:05 sim4 id=4 sync offset=35826567ns
00:10:05 sim5 id=5 sync offset=-35805151ns
00:10:05 sim6 id=6 sync offset=25705521ns
00:10:05 sim7 id=7 sync offset=32787154ns
00:10:05 sim8 id=8 sync offset=32531057ns
00:10:05 sim9 id=9 sync offset=16723560ns
00:10:05 sim10 id=10 sync offset=-4334068ns
00:10:05 sim11 id=11 sync offset=12930953ns
00:10:05 sim12 id=12 sync offset=-33928822ns
00:10:05 sim13 id=13 sync offset=-12106863ns
00:10:05 sim14 id=14 sync offset=871592ns
00:10:05 sim15 id=15 sync offset=-7808492ns
00:10:05 sim16 id=16 sync offset=-161490ns
00:10:05 sim17 id=17 sync offset=-31220800ns
00:10:05 sim18 id=18 sync offset=-860579ns
00:10:05 sim19 id=19 sync offset=17222662ns
00:10:05 sim20 id=20 sync offset=-36997415ns
00:10:05 sim21 id=21 sync offset=36457713ns
00:10:05 sim22 id=22 sync offset=-20825260ns
00:10:05 sim23 id=23 sync offset=-998379ns
00:10:05 sim24 id=24 sync offset=39707395ns
00:10:05 sim25 id=25 sync offset=-9245276ns
00:10:05 sim26 id=26 sync offset=-35284119ns
00:10:05 sim27 id=27 sync offset=-17810699ns
00:10:05 sim28 id=28 sync offset=15926366ns
00:10:05 sim29 id=29 sync offset=33197070ns
00:10:05 sim30 id=30 sync offset=-111294ns
00:10:05 sim31 id=31 sync offset=-32870390ns
00:10:05 sim32 id=32 sync offset=15426841ns
00:10:06 sim1 id=1 sync offset=2372695ns
00:10:06 sim2 id=2 sync offset=-12123837ns
00:10:06 sim3 id=3 sync offset=19157785ns
00:10:06 sim4 id=4 sync offset=35826567ns
00:10:06 sim5 id=5 sync offset=-35805151ns
00:10:06 sim6 id=6 sync offset=25705521ns
00:10:06 sim7 id=7 sync offset=32787154ns
00:10:06 sim8 id=8 sync offset=32531057ns
00:10:06 sim9 id=9 sync offset=16743622ns
00:10:06 sim10 id=10 sync offset=-4328922ns
00:10:06 sim11 id=11 sync offset=12932172ns
00:10:06 sim12 id=12 sync offset=-33928822ns
00:10:06 sim13 id=13 sync offset=-12106863ns
00:10:06 sim14 id=14 sync offset=871592ns
00:10:06 sim15 id=15 sync offset=-7808368ns
00:10:06 sim16 id=16 sync offset=-165949ns
00:10:06 sim17 id=17 sync offset=-31227696ns
00:10:06 sim18 id=18 sync offset=-860579ns
00:10:06 sim19 id=19 sync offset=17222662ns
00:10:06 sim20 id=20 sync offset=-36997415ns
00:10:06 sim21 id=21 sync offset=36450962ns
00:10:06 sim22 id=22 sync offset=-20832822ns
00:10:06 sim23 id=23 sync offset=-998379ns
00:10:06 sim24 id=24 sync offset=39697697ns
00:10:06 sim25 id=25 sync offset=-9256473ns
00:10:06 sim26 id=26 sync offset=-35302827ns
00:10:06 sim27 id=27 sync offset=-17817324ns
00:10:06 sim28 id=28 sync offset=15919200ns
00:10:06 sim29 id=29 sync offset=33186226ns
00:10:06 sim30 id=30 sync offset=-114763ns
00:10:06 sim31 id=31 sync offset=-32870390ns
00:10:06 sim32 id=32 sync offset=15426841ns
00:10:06 sim1 id=1 sync offset=2373373ns
00:10:06 sim2 id=2 sync offset=-12122555ns
00:10:06 sim3 id=3 sync offset=19157785ns
00:10:06 sim4 id=4 sync offset=35826567ns
00:10:06 sim5 id=5 sync offset=-35805151ns
00:10:06 sim6 id=6 sync offset=25705521ns
00:10:06 sim7 id=7 sync offset=32787154ns
00:10:06 sim8 id=8 sync offset=32531057ns
00:10:06 sim9 id=9 sync offset=16743622ns
00:10:06 sim10 id=10 sync offset=-4328922ns
00:10:06 sim11 id=11 sync offset=12932172ns
00:10:06 sim12 id=12 sync offset=-33928822ns
00:10:06 sim13 id=13 sync offset=-12112342ns
00:10:06 sim14 id=14 sync offset=868009ns
00:10:06 sim15 id=15 sync offset=-7838472ns
00:10:06 sim16 id=16 sync offset=-173521ns
00:10:06 sim17 id=17 sync offset=-31228936ns
00:10:06 sim18 id=18 sync offset=-872109ns
00:10:06 sim19 id=19 sync offset=17209130ns
00:10:06 sim20 id=20 sync offset=-37009946ns
00:10:06 sim21 id=21 sync offset=36445827ns
00:10:06 sim22 id=22 sync offset=-20838145ns
00:10:06 sim23 id=23 sync offset=-1005682ns
00:10:06 sim24 id=24 sync offset=39687770ns
00:10:06 sim25 id=25 sync offset=-9269661ns
00:10:06 sim26 id=26 sync offset=-35302827ns
00:10:06 sim27 id=27 sync offset=-17817324ns
00:10:06 sim28 id=28 sync offset=15919200ns
00:10:06 sim29 id=29 sync offset=33186226ns
00:10:06 sim30 id=30 sync offset=-114763ns
00:10:06 sim31 id=31 sync offset=-32870390ns
00:10:06 sim32 id=32 sync offset=15426841ns
00:10:07 sim1 id=1 sync offset=2372018ns
00:10:07 sim2 id=2 sync offset=-12123837ns
00:10:07 sim3 id=3 sync offset=19157181ns
00:10:07 sim4 id=4 sync offset=35823483ns
00:10:07 sim5 id=5 sync offset=-35809370ns
00:10:07 sim6 id=6 sync offset=25703448ns
00:10:07 sim7 id=7 sync offset=32777904ns
00:10:07 sim8 id=8 sync offset=32518432ns
00:10:07 sim9 id=9 sync offset=16733591ns
00:10:07 sim10 id=10 sync offset=-4342640ns
00:10:07 sim11 id=11 sync offset=12922964ns
00:10:07 sim12 id=12 sync offset=-33930082ns
00:10:07 sim13 id=13 sync offset=-12117821ns
00:10:07 sim14 id=14 sync offset=864426ns
00:10:07 sim15 id=15 sync offset=-7868576ns
00:10:07 sim16 id=16 sync offset=-181094ns
00:10:07 sim17 id=17 sync offset=-31230176ns
00:10:07 sim18 id=18 sync offset=-883640ns
00:10:07 sim19 id=19 sync offset=17195599ns
00:10:07 sim20 id=20 sync offset=-37022478ns
00:10:07 sim21 id=21 sync offset=36435702ns
00:10:07 sim22 id=22 sync offset=-20847989ns
00:10:07 sim23 id=23 sync offset=-1015890ns
00:10:07 sim24 id=24 sync offset=39680197ns
00:10:07 sim25 id=25 sync offset=-9281619ns
00:10:07 sim26 id=26 sync offset=-35308036ns
00:10:07 sim27 id=27 sync offset=-17817949ns
00:10:07 sim28 id=28 sync offset=15917711ns
00:10:07 sim29 id=29 sync offset=33180736ns
00:10:07 sim30 id=30 sync offset=-129065ns
00:10:07 sim31 id=31 sync offset=-32882473ns
00:10:07 sim32 id=32 sync offset=15408174ns
00:10:07 sim1 id=1 sync offset=2370237ns
00:10:07 sim2 id=2 sync offset=-12124910ns
00:10:07 sim3 id=3 sync offset=19157004ns
00:10:07 sim4 id=4 sync offset=35824212ns
00:10:07 sim5 id=5 sync offset=-35806349ns
00:10:07 sim6 id=6 sync offset=25705521ns
00:10:07 sim7 id=7 sync offset=32787154ns
00:10:07 sim8 id=8 sync offset=32531057ns
00:10:07 sim9 id=9 sync offset=16743622ns
00:10:07 sim10 id=10 sync offset=-4322109ns
00:10:07 sim11 id=11 sync offset=12941380ns
00:10:07 sim12 id=12 sync offset=-33927562ns
00:10:07 sim13 id=13 sync offset=-12106863ns
00:10:07 sim14 id=14 sync offset=871592ns
00:10:07 sim15 id=15 sync offset=-7808368ns
00:10:07 sim16 id=16 sync offset=-165949ns
00:10:07 sim17 id=17 sync offset=-31227696ns
00:10:07 sim18 id=18 sync offset=-860579ns
00:10:07 sim19 id=19 sync offset=17222662ns
00:10:07 sim20 id=20 sync offset=-36997415ns
00:10:07 sim21 id=21 sync offset=36445389ns
00:10:07 sim22 id=22 sync offset=-20839896ns
00:10:07 sim23 id=23 sync offset=-1005682ns
00:10:07 sim24 id=24 sync offset=39687770ns
00:10:07 sim25 id=25 sync offset=-9272224ns
00:10:07 sim26 id=26 sync offset=-35297619ns
00:10:07 sim27 id=27 sync offset=-17816699ns
00:10:07 sim28 id=28 sync offset=15920690ns
00:10:07 sim29 id=29 sync offset=33191716ns
00:10:07 sim30 id=30 sync offset=-100461ns
00:10:07 sim31 id=31 sync offset=-32855525ns
00:10:07 sim32 id=32 sync offset=15438154ns
00:10:08 sim1 id=1 sync offset=2372018ns
00:10:08 sim2 id=2 sync offset=-12123628ns
00:10:08 sim3 id=3 sync offset=19157004ns
00:10:08 sim4 id=4 sync offset=35824212ns
00:10:08 sim5 id=5 sync offset=-35806349ns
00:10:08 sim6 id=6 sync offset=25706084ns
00:10:08 sim7 id=7 sync offset=32791884ns
00:10:08 sim8 id=8 sync offset=32543973ns
00:10:08 sim9 id=9 sync offset=16747851ns
00:10:08 sim10 id=10 sync offset=-4314266ns
00:10:08 sim11 id=11 sync offset=12941380ns
00:10:08 sim12 id=12 sync offset=-33927562ns
00:10:08 sim13 id=13 sync offset=-12106863ns
00:10:08 sim14 id=14 sync offset=871592ns
00:10:08 sim15 id=15 sync offset=-7821639ns
00:10:08 sim16 id=16 sync offset=-181636ns
00:10:08 sim17 id=17 sync offset=-31245092ns
00:10:08 sim18 id=18 sync offset=-889745ns
00:10:08 sim19 id=19 sync offset=17195599ns
00:10:08 sim20 id=20 sync offset=-37022770ns
00:10:08 sim21 id=21 sync offset=36425577ns
00:10:08 sim22 id=22 sync offset=-20857834ns
00:10:08 sim23 id=23 sync offset=-1026098ns
00:10:08 sim24 id=24 sync offset=39672624ns
00:10:08 sim25 id=25 sync offset=-9293578ns
00:10:08 sim26 id=26 sync offset=-35308036ns
00:10:08 sim27 id=27 sync offset=-17845543ns
00:10:08 sim28 id=28 sync offset=15898940ns
00:10:08 sim29 id=29 sync offset=33167142ns
00:10:08 sim30 id=30 sync offset=-134763ns
00:10:08 sim31 id=31 sync offset=-32882473ns
00:10:08 sim32 id=32 sync offset=15407362ns
00:10:08 sim1 id=1 sync offset=2372018ns
00:10:08 sim2 id=2 sync offset=-12125983ns
00:10:08 sim3 id=3 sync offset=19156827ns
00:10:08 sim4 id=4 sync offset=35825389ns
00:10:08 sim5 id=5 sync offset=-35809370ns
00:10:08 sim6 id=6 sync offset=25705802ns
00:10:08 sim7 id=7 sync offset=32789519ns
00:10:08 sim8 id=8 sync offset=32543682ns
00:10:08 sim9 id=9 sync offset=16745736ns
00:10:08 sim10 id=10 sync offset=-4315297ns
00:10:08 sim11 id=11 sync offset=12932172ns
00:10:08 sim12 id=12 sync offset=-33928822ns
00:10:08 sim13 id=13 sync offset=-12112342ns
00:10:08 sim14 id=14 sync offset=868009ns
00:10:08 sim15 id=15 sync offset=-7845107ns
00:10:08 sim16 id=16 sync offset=-204042ns
00:10:08 sim17 id=17 sync offset=-31262436ns
00:10:08 sim18 id=18 sync offset=-899599ns
00:10:08 sim19 id=19 sync offset=17179766ns
00:10:08 sim20 id=20 sync offset=-37028488ns
00:10:08 sim21 id=21 sync offset=36425129ns
00:10:08 sim22 id=22 sync offset=-20861115ns
00:10:08 sim23 id=23 sync offset=-1030161ns
00:10:08 sim24 id=24 sync offset=39650249ns
00:10:08 sim25 id=25 sync offset=-9322380ns
00:10:08 sim26 id=26 sync offset=-35336515ns
00:10:08 sim27 id=27 sync offset=-17874387ns
00:10:08 sim28 id=28 sync offset=15880169ns
00:10:08 sim29 id=29 sync offset=33153548ns
00:10:08 sim30 id=30 sync offset=-140461ns
00:10:08 sim31 id=31 sync offset=-32894556ns
00:10:08 sim32 id=32 sync offset=15387883ns
00:10:09 sim1 id=1 sync offset=2370237ns
00:10:09 sim2 id=2 sync offset=-12126972ns
00:10:09 sim3 id=3 sync offset=19156754ns
00:10:09 sim4 id=4 sync offset=35824212ns
00:10:09 sim5 id=5 sync offset=-35809682ns
00:10:09 sim6 id=6 sync offset=25705521ns
00:10:09 sim7 id=7 sync offset=32787154ns
00:10:09 sim8 id=8 sync offset=32519275ns
00:10:09 sim9 id=9 sync offset=16743622ns
00:10:09 sim10 id=10 sync offset=-4335828ns
00:10:09 sim11 id=11 sync offset=12935755ns
00:10:09 sim12 id=12 sync offset=-33927562ns
00:10:09 sim13 id=13 sync offset=-12106863ns
00:10:09 sim14 id=14 sync offset=871592ns
00:10:09 sim15 id=15 sync offset=-7868576ns
00:10:09 sim16 id=16 sync offset=-213719ns
00:10:09 sim17 id=17 sync offset=-31278988ns
00:10:09 sim18 id=18 sync offset=-909453ns
00:10:09 sim19 id=19 sync offset=17163933ns
00:10:09 sim20 id=20 sync offset=-37034207ns
00:10:09 sim21 id=21 sync offset=36424681ns
00:10:09 sim22 id=22 sync offset=-20864396ns
00:10:09 sim23 id=23 sync offset=-1034224ns
00:10:09 sim24 id=24 sync offset=39653749ns
00:10:09 sim25 id=25 sync offset=-9310641ns
00:10:09 sim26 id=26 sync offset=-35308036ns
00:10:09 sim27 id=27 sync offset=-17845543ns
00:10:09 sim28 id=28 sync offset=15886939ns
00:10:09 sim29 id=29 sync offset=33157350ns
00:10:09 sim30 id=30 sync offset=-134763ns
00:10:09 sim31 id=31 sync offset=-32882473ns
00:10:09 sim32 id=32 sync offset=15406039ns
00:10:09 sim1 id=1 sync offset=2372018ns
00:10:09 sim2 id=2 sync offset=-12125983ns
00:10:09 sim3 id=3 sync offset=19156754ns
00:10:09 sim4 id=4 sync offset=35824212ns
00:10:09 sim5 id=5 sync offset=-35806349ns
00:10:09 sim6 id=6 sync offset=25701718ns
00:10:09 sim7 id=7 sync offset=32787154ns
00:10:09 sim8 id=8 sync offset=32543682ns
00:10:09 sim9 id=9 sync offset=16743622ns
00:10:09 sim10 id=10 sync offset=-4325974ns
00:10:09 sim11 id=11 sync offset=12935755ns
00:10:09 sim12 id=12 sync offset=-33927562ns
00:10:09 sim13 id=13 sync offset=-12101384ns
00:10:09 sim14 id=14 sync offset=875998ns
00:10:09 sim15 id=15 sync offset=-7845107ns
00:10:09 sim16 id=16 sync offset=-197677ns
00:10:09 sim17 id=17 sync offset=-31262040ns
00:10:09 sim18 id=18 sync offset=-889745ns
00:10:09 sim19 id=19 sync offset=17195599ns
00:10:09 sim20 id=20 sync offset=-37022770ns
00:10:09 sim21 id=21 sync offset=36425577ns
00:10:09 sim22 id=22 sync offset=-20861115ns
00:10:09 sim23 id=23 sync offset=-1030161ns
00:10:09 sim24 id=24 sync offset=39663186ns
00:10:09 sim25 id=25 sync offset=-9302109ns
00:10:09 sim26 id=26 sync offset=-35296453ns
00:10:09 sim27 id=27 sync offset=-17816699ns
00:10:09 sim28 id=28 sync offset=15893710ns
00:10:09 sim29 id=29 sync offset=33161153ns
00:10:09 sim30 id=30 sync offset=-140461ns
00:10:09 sim31 id=31 sync offset=-32894556ns
00:10:09 sim32 id=32 sync offset=15387883ns
00:10:10 sim1 id=1 sync offset=2372018ns
00:10:10 sim2 id=2 sync offset=-12121274ns
00:10:10 sim3 id=3 sync offset=19156827ns
00:10:10 sim4 id=4 sync offset=35822306ns
00:10:10 sim5 id=5 sync offset=-35809370ns
00:10:10 sim6 id=6 sync offset=25697916ns
00:10:10 sim7 id=7 sync offset=32766998ns
00:10:10 sim8 id=8 sync offset=32519275ns
00:10:10 sim9 id=9 sync offset=16743622ns
00:10:10 sim10 id=10 sync offset=-4325974ns
00:10:10 sim11 id=11 sync offset=12941380ns
00:10:10 sim12 id=12 sync offset=-33914999ns
00:10:10 sim13 id=13 sync offset=-12075883ns
00:10:10 sim14 id=14 sync offset=895999ns
00:10:10 sim15 id=15 sync offset=-7815003ns
00:10:10 sim16 id=16 sync offset=-173792ns
00:10:10 sim17 id=17 sync offset=-31236394ns
00:10:10 sim18 id=18 sync offset=-860579ns
00:10:10 sim19 id=19 sync offset=17216891ns
00:10:10 sim20 id=20 sync offset=-37022770ns
00:10:10 sim21 id=21 sync offset=36424681ns
00:10:10 sim22 id=22 sync offset=-20869448ns
00:10:10 sim23 id=23 sync offset=-1039828ns
00:10:10 sim24 id=24 sync offset=39640811ns
00:10:10 sim25 id=25 sync offset=-9330912ns
00:10:10 sim26 id=26 sync offset=-35337255ns
00:10:10 sim27 id=27 sync offset=-17885491ns
00:10:10 sim28 id=28 sync offset=15858647ns
00:10:10 sim29 id=29 sync offset=33131319ns
00:10:10 sim30 id=30 sync offset=-152669ns
00:10:10 sim31 id=31 sync offset=-32894556ns
00:10:10 sim32 id=32 sync offset=15387883ns
00:10:10 sim1 id=1 sync offset=2372695ns
00:10:10 sim2 id=2 sync offset=-12119607ns
00:10:10 sim3 id=3 sync offset=19157671ns
00:10:10 sim4 id=4 sync offset=35822306ns
00:10:10 sim5 id=5 sync offset=-35813390ns
00:10:10 sim6 id=6 sync offset=25697916ns
00:10:10 sim7 id=7 sync offset=32754102ns
00:10:10 sim8 id=8 sync offset=32504859ns
00:10:10 sim9 id=9 sync offset=16710330ns
00:10:10 sim10 id=10 sync offset=-4348088ns
00:10:10 sim11 id=11 sync offset=12935755ns
00:10:10 sim12 id=12 sync offset=-33914999ns
00:10:10 sim13 id=13 sync offset=-12075883ns
00:10:10 sim14 id=14 sync offset=904738ns
00:10:10 sim15 id=15 sync offset=-7825253ns
00:10:10 sim16 id=16 sync offset=-187927ns
00:10:10 sim17 id=17 sync offset=-31257081ns
00:10:10 sim18 id=18 sync offset=-889745ns
00:10:10 sim19 id=19 sync offset=17195599ns
00:10:10 sim20 id=20 sync offset=-37045561ns
00:10:10 sim21 id=21 sync offset=36404015ns
00:10:10 sim22 id=22 sync offset=-20877395ns
00:10:10 sim23 id=23 sync offset=-1045494ns
00:10:10 sim24 id=24 sync offset=39640811ns
00:10:10 sim25 id=25 sync offset=-9331943ns
00:10:10 sim26 id=26 sync offset=-35346724ns
00:10:10 sim27 id=27 sync offset=-17885491ns
00:10:10 sim28 id=28 sync offset=15858647ns
00:10:10 sim29 id=29 sync offset=33131319ns
00:10:10 sim30 id=30 sync offset=-152669ns
00:10:10 sim31 id=31 sync offset=-32894181ns
00:10:10 sim32 id=32 sync offset=15396070ns
00:10:11 sim1 id=1 sync offset=2372695ns
00:10:11 sim2 id=2 sync offset=-12118503ns
00:10:11 sim3 id=3 sync offset=19158516ns
00:10:11 sim4 id=4 sync offset=35824212ns
00:10:11 sim5 id=5 sync offset=-35809370ns
00:10:11 sim6 id=6 sync offset=25699885ns
00:10:11 sim7 id=7 sync offset=32761362ns
00:10:11 sim8 id=8 sync offset=32514849ns
00:10:11 sim9 id=9 sync offset=16703789ns
00:10:11 sim10 id=10 sync offset=-4356568ns
00:10:11 sim11 id=11 sync offset=12935223ns
00:10:11 sim12 id=12 sync offset=-33921426ns
00:10:11 sim13 id=13 sync offset=-12084560ns
00:10:11 sim14 id=14 sync offset=897884ns
00:10:11 sim15 id=15 sync offset=-7828867ns
00:10:11 sim16 id=16 sync offset=-188615ns
00:10:11 sim17 id=17 sync offset=-31257081ns
00:10:11 sim18 id=18 sync offset=-889745ns
00:10:11 sim19 id=19 sync offset=17195599ns
00:10:11 sim20 id=20 sync offset=-37045561ns
00:10:11 sim21 id=21 sync offset=36400536ns
00:10:11 sim22 id=22 sync offset=-20880291ns
00:10:11 sim23 id=23 sync offset=-1045556ns
00:10:11 sim24 id=24 sync offset=39627874ns
00:10:11 sim25 id=25 sync offset=-9351183ns
00:10:11 sim26 id=26 sync offset=-35366474ns
00:10:11 sim27 id=27 sync offset=-17900293ns
00:10:11 sim28 id=28 sync offset=15858647ns
00:10:11 sim29 id=29 sync offset=33131319ns
00:10:11 sim30 id=30 sync offset=-152669ns
00:10:11 sim31 id=31 sync offset=-32894181ns
00:10:11 sim32 id=32 sync offset=15396070ns
00:10:11 sim1 id=1 sync offset=2372018ns
00:10:11 sim2 id=2 sync offset=-12119888ns
00:10:11 sim3 id=3 sync offset=19159463ns
00:10:11 sim4 id=4 sync offset=35825514ns
00:10:11 sim5 id=5 sync offset=-35810369ns
00:10:11 sim6 id=6 sync offset=25701854ns
00:10:11 sim7 id=7 sync offset=32764758ns
00:10:11 sim8 id=8 sync offset=32514849ns
00:10:11 sim9 id=9 sync offset=16703789ns
00:10:11 sim10 id=10 sync offset=-4346609ns
00:10:11 sim11 id=11 sync offset=12935223ns
00:10:11 sim12 id=12 sync offset=-33921426ns
00:10:11 sim13 id=13 sync offset=-12084560ns
00:10:11 sim14 id=14 sync offset=897884ns
00:10:11 sim15 id=15 sync offset=-7828867ns
00:10:11 sim16 id=16 sync offset=-188615ns
00:10:11 sim17 id=17 sync offset=-31252352ns
00:10:11 sim18 id=18 sync offset=-889745ns
00:10:11 sim19 id=19 sync offset=17195599ns
00:10:11 sim20 id=20 sync offset=-37034165ns
00:10:11 sim21 id=21 sync offset=36404015ns
00:10:11 sim22 id=22 sync offset=-20877395ns
00:10:11 sim23 id=23 sync offset=-1045494ns
00:10:11 sim24 id=24 sync offset=39635978ns
00:10:11 sim25 id=25 sync offset=-9331943ns
00:10:11 sim26 id=26 sync offset=-35346724ns
00:10:11 sim27 id=27 sync offset=-17885491ns
00:10:11 sim28 id=28 sync offset=15876178ns
00:10:11 sim29 id=29 sync offset=33146236ns
00:10:11 sim30 id=30 sync offset=-138221ns
00:10:11 sim31 id=31 sync offset=-32880733ns
00:10:11 sim32 id=32 sync offset=15410133ns
00:10:12 sim1 id=1 sync offset=2369955ns
00:10:12 sim2 id=2 sync offset=-12118503ns
00:10:12 sim3 id=3 sync offset=19160411ns
00:10:12 sim4 id=4 sync offset=35826817ns
00:10:12 sim5 id=5 sync offset=-35803328ns
00:10:12 sim6 id=6 sync offset=25699885ns
00:10:12 sim7 id=7 sync offset=32761362ns
00:10:12 sim8 id=8 sync offset=32509817ns
00:10:12 sim9 id=9 sync offset=16702643ns
00:10:12 sim10 id=10 sync offset=-4356568ns
00:10:12 sim11 id=11 sync offset=12934692ns
00:10:12 sim12 id=12 sync offset=-33927853ns
00:10:12 sim13 id=13 sync offset=-12093238ns
00:10:12 sim14 id=14 sync offset=891665ns
00:10:12 sim15 id=15 sync offset=-7840127ns
00:10:12 sim16 id=16 sync offset=-191417ns
00:10:12 sim17 id=17 sync offset=-31259613ns
00:10:12 sim18 id=18 sync offset=-897870ns
00:10:12 sim19 id=19 sync offset=17185495ns
00:10:12 sim20 id=20 sync offset=-37045561ns
00:10:12 sim21 id=21 sync offset=36397057ns
00:10:12 sim22 id=22 sync offset=-20906260ns
00:10:12 sim23 id=23 sync offset=-1079192ns
00:10:12 sim24 id=24 sync offset=39609832ns
00:10:12 sim25 id=25 sync offset=-9353786ns
00:10:12 sim26 id=26 sync offset=-35380599ns
00:10:12 sim27 id=27 sync offset=-17930220ns
00:10:12 sim28 id=28 sync offset=15834459ns
00:10:12 sim29 id=29 sync offset=33109434ns
00:10:12 sim30 id=30 sync offset=-174575ns
00:10:12 sim31 id=31 sync offset=-32916108ns
00:10:12 sim32 id=32 sync offset=15378935ns
00:10:12 sim1 id=1 sync offset=2372018ns
00:10:12 sim2 id=2 sync offset=-12118503ns
00:10:12 sim3 id=3 sync offset=19160411ns
00:10:12 sim4 id=4 sync offset=35827671ns
00:10:12 sim5 id=5 sync offset=-35800933ns
00:10:12 sim6 id=6 sync offset=25699885ns
00:10:12 sim7 id=7 sync offset=32761362ns
00:10:12 sim8 id=8 sync offset=32509817ns
00:10:12 sim9 id=9 sync offset=16702643ns
00:10:12 sim10 id=10 sync offset=-4356568ns
00:10:12 sim11 id=11 sync offset=12934692ns
00:10:12 sim12 id=12 sync offset=-33927853ns
00:10:12 sim13 id=13 sync offset=-12093238ns
00:10:12 sim14 id=14 sync offset=891665ns
00:10:12 sim15 id=15 sync offset=-7840127ns
00:10:12 sim16 id=16 sync offset=-191417ns
00:10:12 sim17 id=17 sync offset=-31259613ns
00:10:12 sim18 id=18 sync offset=-897870ns
00:10:12 sim19 id=19 sync offset=17185495ns
00:10:12 sim20 id=20 sync offset=-37045561ns
00:10:12 sim21 id=21 sync offset=36397057ns
00:10:12 sim22 id=22 sync offset=-20906260ns
00:10:12 sim23 id=23 sync offset=-1079192ns
00:10:12 sim24 id=24 sync offset=39609832ns
00:10:12 sim25 id=25 sync offset=-9353786ns
00:10:12 sim26 id=26 sync offset=-35380599ns
00:10:12 sim27 id=27 sync offset=-17930220ns
00:10:12 sim28 id=28 sync offset=15834428ns
00:10:12 sim29 id=29 sync offset=33109434ns
00:10:12 sim30 id=30 sync offset=-174575ns
00:10:12 sim31 id=31 sync offset=-32916108ns
00:10:12 sim32 id=32 sync offset=15378935ns
00:10:13 sim27 id=27 event m0 fired dev_deadline=613186609991488 fire_mono=613186634903875
00:10:13 sim31 id=31 event m0 fired dev_deadline=613186595005600 fire_mono=613186634953708
00:10:13 sim32 id=32 event m0 fired dev_deadline=613186643300643 fire_mono=613186634965583
00:10:13 sim30 id=30 event m0 fired dev_deadline=613186627747133 fire_mono=613186634972625
00:10:13 sim29 id=29 event m0 fired dev_deadline=613186661031142 fire_mono=613186634978750
00:10:13 sim28 id=28 event m0 fired dev_deadline=613186643756167 fire_mono=613186634984708
00:10:13 sim26 id=26 event m0 fired dev_deadline=613186592541109 fire_mono=613186634990125
00:10:13 sim25 id=25 event m0 fired dev_deadline=613186618567922 fire_mono=613186634995291
00:10:13 sim24 id=24 event m0 fired dev_deadline=613186667531540 fire_mono=613186634999833
00:10:13 sim23 id=23 event m0 fired dev_deadline=613186626842516 fire_mono=613186635005041
00:10:13 sim22 id=22 event m0 fired dev_deadline=613186607015448 fire_mono=613186635009875
00:10:13 sim21 id=21 event m0 fired dev_deadline=613186664318765 fire_mono=613186635014333
00:10:13 sim20 id=20 event m0 fired dev_deadline=613186590876147 fire_mono=613186635018958
00:10:13 sim18 id=18 event m0 fired dev_deadline=613186627023838 fire_mono=613186635024791
00:10:13 sim19 id=19 event m0 fired dev_deadline=613186645107203 fire_mono=613186635029375
00:10:13 sim17 id=17 event m0 fired dev_deadline=613186596662095 fire_mono=613186635035416
00:10:13 sim15 id=15 event m0 fired dev_deadline=613186620081581 fire_mono=613186635040208
00:10:13 sim16 id=16 event m0 fired dev_deadline=613186627730291 fire_mono=613186635044458
00:10:13 sim14 id=14 event m0 fired dev_deadline=613186628813373 fire_mono=613186635070125
00:10:13 sim13 id=13 event m0 fired dev_deadline=613186615828470 fire_mono=613186635083416
00:10:13 sim12 id=12 event m0 fired dev_deadline=613186593993855 fire_mono=613186635091625
00:10:13 sim10 id=10 event m0 fired dev_deadline=613186623565140 fire_mono=613186635098958
00:10:13 sim9 id=9 event m0 fired dev_deadline=613186644624351 fire_mono=613186635104666
00:10:13 sim11 id=11 event m0 fired dev_deadline=613186640856400 fire_mono=613186635110541
00:10:13 sim8 id=8 event m0 fired dev_deadline=613186660431525 fire_mono=613186635128125
00:10:13 sim7 id=7 event m0 fired dev_deadline=613186660683070 fire_mono=613186635133666
00:10:13 sim5 id=5 event m0 fired dev_deadline=613186592118380 fire_mono=613186635139041
00:10:13 sim6 id=6 event m0 fired dev_deadline=613186653621593 fire_mono=613186635143791
00:10:13 sim4 id=4 event m0 fired dev_deadline=613186663748525 fire_mono=613186635148416
00:10:13 sim3 id=3 event m0 fired dev_deadline=613186647082119 fire_mono=613186635153166
00:10:13 sim2 id=2 event m0 fired dev_deadline=613186615803205 fire_mono=613186635158875
00:10:13 sim1 id=1 event m0 fired dev_deadline=613186630291663 fire_mono=613186635165625
00:10:13 sim27 id=27 event m1 fired dev_deadline=613186712064488 fire_mono=613186731130708
00:10:13 sim31 id=31 event m1 fired dev_deadline=613186697078600 fire_mono=613186731178583
00:10:13 sim32 id=32 event m1 fired dev_deadline=613186745373643 fire_mono=613186731189166
00:10:13 sim30 id=30 event m1 fired dev_deadline=613186729820133 fire_mono=613186731195833
00:10:13 sim29 id=29 event m1 fired dev_deadline=613186763104142 fire_mono=613186731202458
00:10:13 sim28 id=28 event m1 fired dev_deadline=613186745829167 fire_mono=613186731208333
00:10:13 sim26 id=26 event m1 fired dev_deadline=613186694614109 fire_mono=613186731215833
00:10:13 sim25 id=25 event m1 fired dev_deadline=613186720640922 fire_mono=613186731221166
00:10:13 sim24 id=24 event m1 fired dev_deadline=613186769604540 fire_mono=613186731226000
00:10:13 sim23 id=23 event m1 fired dev_deadline=613186728915516 fire_mono=613186731231541
00:10:13 sim22 id=22 event m1 fired dev_deadline=613186709088448 fire_mono=613186731236500
00:10:13 sim21 id=21 event m1 fired dev_deadline=613186766391765 fire_mono=613186731241041
00:10:13 sim20 id=20 event m1 fired dev_deadline=613186692949147 fire_mono=613186731246583
00:10:13 sim18 id=18 event m1 fired dev_deadline=613186729096838 fire_mono=613186731252750
00:10:13 sim19 id=19 event m1 fired dev_deadline=613186747180203 fire_mono=613186731258125
00:10:13 sim17 id=17 event m1 fired dev_deadline=613186698735095 fire_mono=613186731262625
00:10:13 sim15 id=15 event m1 fired dev_deadline=613186722154581 fire_mono=613186731268583
00:10:13 sim16 id=16 event m1 fired dev_deadline=613186729803291 fire_mono=613186731274041
00:10:13 sim14 id=14 event m1 fired dev_deadline=613186730886373 fire_mono=613186731278875
00:10:13 sim13 id=13 event m1 fired dev_deadline=613186717901470 fire_mono=613186731283958
00:10:13 sim12 id=12 event m1 fired dev_deadline=613186696066855 fire_mono=613186731288541
00:10:13 sim10 id=10 event m1 fired dev_deadline=613186725638140 fire_mono=613186731294625
00:10:13 sim9 id=9 event m1 fired dev_deadline=613186746697351 fire_mono=613186731299458
00:10:13 sim11 id=11 event m1 fired dev_deadline=613186742929400 fire_mono=613186731305291
00:10:13 sim8 id=8 event m1 fired dev_deadline=613186762504525 fire_mono=613186731310083
00:10:13 sim7 id=7 event m1 fired dev_deadline=613186762756070 fire_mono=613186731314625
00:10:13 sim5 id=5 event m1 fired dev_deadline=613186694191380 fire_mono=613186731319833
00:10:13 sim6 id=6 event m1 fired dev_deadline=613186755694593 fire_mono=613186731325500
00:10:13 sim4 id=4 event m1 fired dev_deadline=613186765821525 fire_mono=613186731330250
00:10:13 sim3 id=3 event m1 fired dev_deadline=613186749155119 fire_mono=613186731336125
00:10:13 sim2 id=2 event m1 fired dev_deadline=613186717876205 fire_mono=613186731346458
00:10:13 sim1 id=1 event m1 fired dev_deadline=613186732364663 fire_mono=613186731351166
00:10:13 sim27 id=27 event m2 fired dev_deadline=613186814174446 fire_mono=613186837423708
00:10:13 sim31 id=31 event m2 fired dev_deadline=613186799188558 fire_mono=613186837514125
00:10:13 sim32 id=32 event m2 fired dev_deadline=613186847483601 fire_mono=613186837528833
00:10:13 sim30 id=30 event m2 fired dev_deadline=613186831930091 fire_mono=613186837536625
00:10:13 sim29 id=29 event m2 fired dev_deadline=613186865214100 fire_mono=613186837543208
00:10:13 sim28 id=28 event m2 fired dev_deadline=613186847939094 fire_mono=613186837567208
00:10:13 sim26 id=26 event m2 fired dev_deadline=613186796724067 fire_mono=613186837573625
00:10:13 sim24 id=24 event m2 fired dev_deadline=613186871714498 fire_mono=613186837578791
00:10:13 sim25 id=25 event m2 fired dev_deadline=613186822750880 fire_mono=613186837585375
00:10:13 sim23 id=23 event m2 fired dev_deadline=613186831025474 fire_mono=613186837591208
00:10:13 sim22 id=22 event m2 fired dev_deadline=613186811198406 fire_mono=613186837596291
00:10:13 sim21 id=21 event m2 fired dev_deadline=613186868501723 fire_mono=613186837603333
00:10:13 sim20 id=20 event m2 fired dev_deadline=613186795059105 fire_mono=613186837608208
00:10:13 sim18 id=18 event m2 fired dev_deadline=613186831206796 fire_mono=613186837613500
00:10:13 sim19 id=19 event m2 fired dev_deadline=613186849290161 fire_mono=613186837618291
00:10:13 sim17 id=17 event m2 fired dev_deadline=613186800845053 fire_mono=613186837622541
00:10:13 sim15 id=15 event m2 fired dev_deadline=613186824264539 fire_mono=613186837626958
00:10:13 sim16 id=16 event m2 fired dev_deadline=613186831913249 fire_mono=613186837631875
00:10:13 sim14 id=14 event m2 fired dev_deadline=613186832996331 fire_mono=613186837636750
00:10:13 sim13 id=13 event m2 fired dev_deadline=613186820011428 fire_mono=613186837641291
00:10:13 sim12 id=12 event m2 fired dev_deadline=613186798176813 fire_mono=613186837645666
00:10:13 sim10 id=10 event m2 fired dev_deadline=613186827748098 fire_mono=613186837650500
00:10:13 sim9 id=9 event m2 fired dev_deadline=613186848807309 fire_mono=613186837654875
00:10:13 sim11 id=11 event m2 fired dev_deadline=613186845039358 fire_mono=613186837660291
00:10:13 sim8 id=8 event m2 fired dev_deadline=613186864614483 fire_mono=613186837665541
00:10:13 sim7 id=7 event m2 fired dev_deadline=613186864866028 fire_mono=613186837670750
00:10:13 sim5 id=5 event m2 fired dev_deadline=613186796303733 fire_mono=613186837675125
00:10:13 sim6 id=6 event m2 fired dev_deadline=613186857804551 fire_mono=613186837680041
00:10:13 sim4 id=4 event m2 fired dev_deadline=613186867932337 fire_mono=613186837685750
00:10:13 sim3 id=3 event m2 fired dev_deadline=613186851265077 fire_mono=613186837690833
00:10:13 sim2 id=2 event m2 fired dev_deadline=613186819986163 fire_mono=613186837696083
00:10:13 sim1 id=1 event m2 fired dev_deadline=613186834476684 fire_mono=613186837700958
00:10:13 sim1 id=1 sync offset=2365591ns
00:10:13 sim2 id=2 sync offset=-12125983ns
00:10:13 sim3 id=3 sync offset=19158516ns
00:10:13 sim4 id=4 sync offset=35826817ns
00:10:13 sim5 id=5 sync offset=-35803328ns
00:10:13 sim6 id=6 sync offset=25697916ns
00:10:13 sim7 id=7 sync offset=32751935ns
00:10:13 sim8 id=8 sync offset=32504786ns
00:10:13 sim9 id=9 sync offset=16701497ns
00:10:13 sim10 id=10 sync offset=-4358047ns
00:10:13 sim11 id=11 sync offset=12934692ns
00:10:13 sim12 id=12 sync offset=-33927853ns
00:10:13 sim13 id=13 sync offset=-12093238ns
00:10:13 sim14 id=14 sync offset=891665ns
00:10:13 sim15 id=15 sync offset=-7840127ns
00:10:13 sim16 id=16 sync offset=-191417ns
00:10:13 sim17 id=17 sync offset=-31259613ns
00:10:13 sim18 id=18 sync offset=-897870ns
00:10:13 sim19 id=19 sync offset=17185495ns
00:10:13 sim20 id=20 sync offset=-37045655ns
00:10:13 sim21 id=21 sync offset=36376723ns
00:10:13 sim22 id=22 sync offset=-20932229ns
00:10:13 sim23 id=23 sync offset=-1112828ns
00:10:13 sim24 id=24 sync offset=39601457ns
00:10:13 sim25 id=25 sync offset=-9356390ns
00:10:13 sim26 id=26 sync offset=-35394724ns
00:10:13 sim27 id=27 sync offset=-17931407ns
00:10:13 sim28 id=28 sync offset=15810210ns
00:10:13 sim29 id=29 sync offset=33087549ns
00:10:13 sim30 id=30 sync offset=-196482ns
00:10:13 sim31 id=31 sync offset=-32938035ns
00:10:13 sim32 id=32 sync offset=15361800ns
00:10:13 sim27 id=27 event m3 fired dev_deadline=613186915517030 fire_mono=613186936710166
00:10:13 sim31 id=31 event m3 fired dev_deadline=613186900531142 fire_mono=613186936750333
00:10:13 sim32 id=32 event m3 fired dev_deadline=613186948826185 fire_mono=613186936759791
00:10:13 sim30 id=30 event m3 fired dev_deadline=613186933272675 fire_mono=613186936766833
00:10:13 sim29 id=29 event m3 fired dev_deadline=613186966556684 fire_mono=613186936773625
00:10:13 sim28 id=28 event m3 fired dev_deadline=613186949281678 fire_mono=613186936780041
00:10:13 sim26 id=26 event m3 fired dev_deadline=613186898066651 fire_mono=613186936785916
00:10:13 sim25 id=25 event m3 fired dev_deadline=613186924093464 fire_mono=613186936791000
00:10:13 sim24 id=24 event m3 fired dev_deadline=613186973057082 fire_mono=613186936796166
00:10:13 sim23 id=23 event m3 fired dev_deadline=613186932368058 fire_mono=613186936801500
00:10:13 sim22 id=22 event m3 fired dev_deadline=613186912540990 fire_mono=613186936806583
00:10:13 sim21 id=21 event m3 fired dev_deadline=613186969844307 fire_mono=613186936811375
00:10:13 sim20 id=20 event m3 fired dev_deadline=613186896401689 fire_mono=613186936818166
00:10:13 sim18 id=18 event m3 fired dev_deadline=613186932549380 fire_mono=613186936823375
00:10:13 sim19 id=19 event m3 fired dev_deadline=613186950632745 fire_mono=613186936828333
00:10:13 sim17 id=17 event m3 fired dev_deadline=613186902187637 fire_mono=613186936832583
00:10:13 sim15 id=15 event m3 fired dev_deadline=613186925607123 fire_mono=613186936837583
00:10:13 sim16 id=16 event m3 fired dev_deadline=613186933255833 fire_mono=613186936841875
00:10:13 sim14 id=14 event m3 fired dev_deadline=613186934338915 fire_mono=613186936846416
00:10:13 sim13 id=13 event m3 fired dev_deadline=613186921354012 fire_mono=613186936850458
00:10:13 sim12 id=12 event m3 fired dev_deadline=613186899519397 fire_mono=613186936854916
00:10:13 sim10 id=10 event m3 fired dev_deadline=613186929090682 fire_mono=613186936859291
00:10:13 sim9 id=9 event m3 fired dev_deadline=613186950149893 fire_mono=613186936864333
00:10:13 sim11 id=11 event m3 fired dev_deadline=613186946381942 fire_mono=613186936869375
00:10:13 sim8 id=8 event m3 fired dev_deadline=613186965957067 fire_mono=613186936873916
00:10:13 sim7 id=7 event m3 fired dev_deadline=613186966208612 fire_mono=613186936879083
00:10:13 sim5 id=5 event m3 fired dev_deadline=613186897646317 fire_mono=613186936883583
00:10:13 sim6 id=6 event m3 fired dev_deadline=613186959147135 fire_mono=613186936888625
00:10:13 sim4 id=4 event m3 fired dev_deadline=613186969274921 fire_mono=613186936893458
00:10:13 sim3 id=3 event m3 fired dev_deadline=613186952607661 fire_mono=613186936898375
00:10:13 sim2 id=2 event m3 fired dev_deadline=613186921328747 fire_mono=613186936903333
00:10:13 sim1 id=1 event m3 fired dev_deadline=613186935819268 fire_mono=613186936908666
00:10:13 sim27 id=27 event m4 fired dev_deadline=613187016273071 fire_mono=613187036602000
00:10:13 sim31 id=31 event m4 fired dev_deadline=613187001287183 fire_mono=613187036661958
00:10:13 sim32 id=32 event m4 fired dev_deadline=613187049582226 fire_mono=613187036681416
00:10:13 sim30 id=30 event m4 fired dev_deadline=613187034028716 fire_mono=613187036690208
00:10:13 sim29 id=29 event m4 fired dev_deadline=613187067312725 fire_mono=613187036695666
00:10:13 sim28 id=28 event m4 fired dev_deadline=613187050037719 fire_mono=613187036701125
00:10:13 sim26 id=26 event m4 fired dev_deadline=613186998822692 fire_mono=613187036705875
00:10:13 sim25 id=25 event m4 fired dev_deadline=613187024849505 fire_mono=613187036712125
00:10:13 sim24 id=24 event m4 fired dev_deadline=613187073813123 fire_mono=613187036716916
00:10:13 sim23 id=23 event m4 fired dev_deadline=613187033124099 fire_mono=613187036722500
00:10:13 sim22 id=22 event m4 fired dev_deadline=613187013297031 fire_mono=613187036727708
00:10:13 sim21 id=21 event m4 fired dev_deadline=613187070600348 fire_mono=613187036733625
00:10:13 sim20 id=20 event m4 fired dev_deadline=613186997157730 fire_mono=613187036738125
00:10:13 sim18 id=18 event m4 fired dev_deadline=613187033305421 fire_mono=613187036743250
00:10:13 sim19 id=19 event m4 fired dev_deadline=613187051388786 fire_mono=613187036748541
00:10:13 sim17 id=17 event m4 fired dev_deadline=613187002943678 fire_mono=613187036753750
00:10:13 sim15 id=15 event m4 fired dev_deadline=613187026363164 fire_mono=613187036759375
00:10:13 sim16 id=16 event m4 fired dev_deadline=613187034011874 fire_mono=613187036763708
00:10:13 sim14 id=14 event m4 fired dev_deadline=613187035094956 fire_mono=613187036768250
00:10:13 sim13 id=13 event m4 fired dev_deadline=613187022110053 fire_mono=613187036773541
00:10:13 sim12 id=12 event m4 fired dev_deadline=613187000275438 fire_mono=613187036779125
00:10:13 sim10 id=10 event m4 fired dev_deadline=613187029846723 fire_mono=613187036784250
00:10:13 sim9 id=9 event m4 fired dev_deadline=613187050905934 fire_mono=613187036789291
00:10:13 sim11 id=11 event m4 fired dev_deadline=613187047137983 fire_mono=613187036794708
00:10:13 sim8 id=8 event m4 fired dev_deadline=613187066713108 fire_mono=613187036799041
00:10:13 sim7 id=7 event m4 fired dev_deadline=613187066964653 fire_mono=613187036804625
00:10:13 sim5 id=5 event m4 fired dev_deadline=613186998402358 fire_mono=613187036809250
00:10:13 sim6 id=6 event m4 fired dev_deadline=613187059903176 fire_mono=613187036815208
00:10:13 sim4 id=4 event m4 fired dev_deadline=613187070030962 fire_mono=613187036819625
00:10:13 sim3 id=3 event m4 fired dev_deadline=613187053363702 fire_mono=613187036826125
00:10:13 sim2 id=2 event m4 fired dev_deadline=613187022084788 fire_mono=613187036830500
00:10:13 sim1 id=1 event m4 fired dev_deadline=613187036575309 fire_mono=613187036835125
00:10:13 sim27 id=27 event m5 fired dev_deadline=613187117029863 fire_mono=613187139741250
00:10:13 sim31 id=31 event m5 fired dev_deadline=613187102043975 fire_mono=613187139783916
00:10:13 sim32 id=32 event m5 fired dev_deadline=613187150339018 fire_mono=613187139793958
00:10:13 sim30 id=30 event m5 fired dev_deadline=613187134785508 fire_mono=613187139800250
00:10:13 sim29 id=29 event m5 fired dev_deadline=613187168069517 fire_mono=613187139805791
00:10:13 sim28 id=28 event m5 fired dev_deadline=613187150794511 fire_mono=613187139811083
00:10:13 sim26 id=26 event m5 fired dev_deadline=613187099579484 fire_mono=613187139816125
00:10:13 sim25 id=25 event m5 fired dev_deadline=613187125606297 fire_mono=613187139820833
00:10:13 sim24 id=24 event m5 fired dev_deadline=613187174569915 fire_mono=613187139826500
00:10:13 sim23 id=23 event m5 fired dev_deadline=613187133880891 fire_mono=613187139832416
00:10:13 sim22 id=22 event m5 fired dev_deadline=613187114053823 fire_mono=613187139837625
00:10:13 sim21 id=21 event m5 fired dev_deadline=613187171357140 fire_mono=613187139842666
00:10:13 sim20 id=20 event m5 fired dev_deadline=613187097914522 fire_mono=613187139848375
00:10:13 sim18 id=18 event m5 fired dev_deadline=613187134062213 fire_mono=613187139853000
00:10:13 sim19 id=19 event m5 fired dev_deadline=613187152145578 fire_mono=613187139857833
00:10:13 sim17 id=17 event m5 fired dev_deadline=613187103700470 fire_mono=613187139862375
00:10:13 sim15 id=15 event m5 fired dev_deadline=613187127119956 fire_mono=613187139866791
00:10:13 sim16 id=16 event m5 fired dev_deadline=613187134768666 fire_mono=613187139871500
00:10:13 sim14 id=14 event m5 fired dev_deadline=613187135851748 fire_mono=613187139877250
00:10:13 sim13 id=13 event m5 fired dev_deadline=613187122866845 fire_mono=613187139881791
00:10:13 sim12 id=12 event m5 fired dev_deadline=613187101032230 fire_mono=613187139886583
00:10:13 sim10 id=10 event m5 fired dev_deadline=613187130603515 fire_mono=613187139892541
00:10:13 sim9 id=9 event m5 fired dev_deadline=613187151662726 fire_mono=613187139897000
00:10:13 sim11 id=11 event m5 fired dev_deadline=613187147894775 fire_mono=613187139901583
00:10:13 sim8 id=8 event m5 fired dev_deadline=613187167469900 fire_mono=613187139908583
00:10:13 sim7 id=7 event m5 fired dev_deadline=613187167721445 fire_mono=613187139918208
00:10:13 sim5 id=5 event m5 fired dev_deadline=613187099159150 fire_mono=613187139923583
00:10:13 sim6 id=6 event m5 fired dev_deadline=613187160659968 fire_mono=613187139928000
00:10:13 sim4 id=4 event m5 fired dev_deadline=613187170787754 fire_mono=613187139932250
00:10:13 sim3 id=3 event m5 fired dev_deadline=613187154120494 fire_mono=613187139939458
00:10:13 sim2 id=2 event m5 fired dev_deadline=613187122841580 fire_mono=613187139947916
00:10:13 sim1 id=1 event m5 fired dev_deadline=613187137332101 fire_mono=613187139954833
00:10:13 sim27 id=27 event m6 fired dev_deadline=613187218351280 fire_mono=613187237368333
00:10:13 sim31 id=31 event m6 fired dev_deadline=613187203365392 fire_mono=613187237414000
00:10:13 sim32 id=32 event m6 fired dev_deadline=613187251660435 fire_mono=613187237426291
00:10:13 sim30 id=30 event m6 fired dev_deadline=613187236106925 fire_mono=613187237433875
00:10:13 sim29 id=29 event m6 fired dev_deadline=613187269390934 fire_mono=613187237439708
00:10:13 sim28 id=28 event m6 fired dev_deadline=613187252115928 fire_mono=613187237444875
00:10:13 sim26 id=26 event m6 fired dev_deadline=613187200900901 fire_mono=613187237449833
00:10:13 sim25 id=25 event m6 fired dev_deadline=613187226927714 fire_mono=613187237456000
00:10:13 sim24 id=24 event m6 fired dev_deadline=613187275891332 fire_mono=613187237460583
00:10:13 sim23 id=23 event m6 fired dev_deadline=613187235202308 fire_mono=613187237475458
00:10:13 sim22 id=22 event m6 fired dev_deadline=613187215375240 fire_mono=613187237494291
00:10:13 sim21 id=21 event m6 fired dev_deadline=613187272678557 fire_mono=613187237504541
00:10:13 sim20 id=20 event m6 fired dev_deadline=613187199235939 fire_mono=613187237511875
00:10:13 sim18 id=18 event m6 fired dev_deadline=613187235383630 fire_mono=613187237518625
00:10:13 sim19 id=19 event m6 fired dev_deadline=613187253466995 fire_mono=613187237524500
00:10:13 sim17 id=17 event m6 fired dev_deadline=613187205021887 fire_mono=613187237531041
00:10:13 sim15 id=15 event m6 fired dev_deadline=613187228441373 fire_mono=613187237536041
00:10:13 sim16 id=16 event m6 fired dev_deadline=613187236090083 fire_mono=613187237540833
00:10:13 sim14 id=14 event m6 fired dev_deadline=613187237173165 fire_mono=613187237546375
00:10:13 sim13 id=13 event m6 fired dev_deadline=613187224188262 fire_mono=613187237551750
00:10:13 sim12 id=12 event m6 fired dev_deadline=613187202353647 fire_mono=613187237557791
00:10:13 sim10 id=10 event m6 fired dev_deadline=613187231924932 fire_mono=613187237563250
00:10:13 sim9 id=9 event m6 fired dev_deadline=613187252984143 fire_mono=613187237569041
00:10:13 sim11 id=11 event m6 fired dev_deadline=613187249216192 fire_mono=613187237573750
00:10:13 sim8 id=8 event m6 fired dev_deadline=613187268791317 fire_mono=613187237578708
00:10:13 sim7 id=7 event m6 fired dev_deadline=613187269042862 fire_mono=613187237585166
00:10:13 sim5 id=5 event m6 fired dev_deadline=613187200480567 fire_mono=613187237589458
00:10:13 sim6 id=6 event m6 fired dev_deadline=613187261981385 fire_mono=613187237593916
00:10:13 sim4 id=4 event m6 fired dev_deadline=613187272109171 fire_mono=613187237599250
00:10:13 sim3 id=3 event m6 fired dev_deadline=613187255441911 fire_mono=613187237606333
00:10:13 sim2 id=2 event m6 fired dev_deadline=613187224162997 fire_mono=613187237612125
00:10:13 sim1 id=1 event m6 fired dev_deadline=613187238653518 fire_mono=613187237616875
00:10:13 sim27 id=27 event m7 fired dev_deadline=613187319564613 fire_mono=613187343004750
00:10:13 sim31 id=31 event m7 fired dev_deadline=613187304578725 fire_mono=613187343056583
00:10:13 sim32 id=32 event m7 fired dev_deadline=613187352873768 fire_mono=613187343067541
00:10:13 sim30 id=30 event m7 fired dev_deadline=613187337320258 fire_mono=613187343074000
00:10:13 sim29 id=29 event m7 fired dev_deadline=613187370604267 fire_mono=613187343079583
00:10:13 sim28 id=28 event m7 fired dev_deadline=613187353329261 fire_mono=613187343085000
00:10:13 sim26 id=26 event m7 fired dev_deadline=613187302114234 fire_mono=613187343090041
00:10:13 sim25 id=25 event m7 fired dev_deadline=613187328141047 fire_mono=613187343095208
00:10:13 sim24 id=24 event m7 fired dev_deadline=613187377104665 fire_mono=613187343109083
00:10:13 sim23 id=23 event m7 fired dev_deadline=613187336415641 fire_mono=613187343114333
00:10:13 sim22 id=22 event m7 fired dev_deadline=613187316588573 fire_mono=613187343121416
00:10:13 sim21 id=21 event m7 fired dev_deadline=613187373891890 fire_mono=613187343127583
00:10:13 sim20 id=20 event m7 fired dev_deadline=613187300449272 fire_mono=613187343132375
00:10:13 sim18 id=18 event m7 fired dev_deadline=613187336596963 fire_mono=613187343136833
00:10:13 sim19 id=19 event m7 fired dev_deadline=613187354680328 fire_mono=613187343141208
00:10:13 sim17 id=17 event m7 fired dev_deadline=613187306235220 fire_mono=613187343145416
00:10:13 sim15 id=15 event m7 fired dev_deadline=613187329654706 fire_mono=613187343150166
00:10:13 sim16 id=16 event m7 fired dev_deadline=613187337303416 fire_mono=613187343154500
00:10:13 sim14 id=14 event m7 fired dev_deadline=613187338386498 fire_mono=613187343159000
00:10:13 sim13 id=13 event m7 fired dev_deadline=613187325401595 fire_mono=613187343167375
00:10:13 sim12 id=12 event m7 fired dev_deadline=613187303566980 fire_mono=613187343173458
00:10:13 sim10 id=10 event m7 fired dev_deadline=613187333138265 fire_mono=613187343179708
00:10:13 sim9 id=9 event m7 fired dev_deadline=613187354197476 fire_mono=613187343183958
00:10:13 sim11 id=11 event m7 fired dev_deadline=613187350429525 fire_mono=613187343188666
00:10:13 sim8 id=8 event m7 fired dev_deadline=613187370004650 fire_mono=613187343194416
00:10:13 sim7 id=7 event m7 fired dev_deadline=613187370256195 fire_mono=613187343198625
00:10:13 sim5 id=5 event m7 fired dev_deadline=613187301693900 fire_mono=613187343205166
00:10:13 sim6 id=6 event m7 fired dev_deadline=613187363194718 fire_mono=613187343209916
00:10:13 sim4 id=4 event m7 fired dev_deadline=613187373322504 fire_mono=613187343214625
00:10:13 sim3 id=3 event m7 fired dev_deadline=613187356655244 fire_mono=613187343219083
00:10:13 sim2 id=2 event m7 fired dev_deadline=613187325376330 fire_mono=613187343226125
00:10:13 sim1 id=1 event m7 fired dev_deadline=613187339866851 fire_mono=613187343230291
00:10:13 sim1 id=1 sync offset=2365591ns
00:10:13 sim2 id=2 sync offset=-12130108ns
00:10:13 sim3 id=3 sync offset=19156827ns
00:10:13 sim4 id=4 sync offset=35824212ns
00:10:13 sim5 id=5 sync offset=-35803328ns
00:10:13 sim6 id=6 sync offset=25697916ns
00:10:13 sim7 id=7 sync offset=32761362ns
00:10:13 sim8 id=8 sync offset=32509817ns
00:10:13 sim9 id=9 sync offset=16701497ns
00:10:13 sim10 id=10 sync offset=-4359526ns
00:10:13 sim11 id=11 sync offset=12925817ns
00:10:13 sim12 id=12 sync offset=-33931790ns
00:10:13 sim13 id=13 sync offset=-12097311ns
00:10:13 sim14 id=14 sync offset=885447ns
00:10:13 sim15 id=15 sync offset=-7851388ns
00:10:13 sim16 id=16 sync offset=-194219ns
00:10:13 sim17 id=17 sync offset=-31264342ns
00:10:13 sim18 id=18 sync offset=-905995ns
00:10:13 sim19 id=19 sync offset=17175391ns
00:10:13 sim20 id=20 sync offset=-37045749ns
00:10:13 sim21 id=21 sync offset=36356389ns
00:10:13 sim22 id=22 sync offset=-20932729ns
00:10:13 sim23 id=23 sync offset=-1105661ns
00:10:13 sim24 id=24 sync offset=39609832ns
00:10:13 sim25 id=25 sync offset=-9353786ns
00:10:13 sim26 id=26 sync offset=-35380599ns
00:10:13 sim27 id=27 sync offset=-17907855ns
00:10:13 sim28 id=28 sync offset=15858647ns
00:10:13 sim29 id=29 sync offset=33131319ns
00:10:13 sim30 id=30 sync offset=-152669ns
00:10:13 sim31 id=31 sync offset=-32894181ns
00:10:13 sim32 id=32 sync offset=15396070ns
00:10:14 sim31 id=31 event m8 fired dev_deadline=613187404813173 fire_mono=613187442977875
00:10:14 sim30 id=30 event m8 fired dev_deadline=613187437554726 fire_mono=613187443043166
00:10:14 sim32 id=32 event m8 fired dev_deadline=613187453113008 fire_mono=613187443053958
00:10:14 sim28 id=28 event m8 fired dev_deadline=613187453561418 fire_mono=613187443061500
00:10:14 sim29 id=29 event m8 fired dev_deadline=613187470838757 fire_mono=613187443067750
00:10:14 sim27 id=27 event m8 fired dev_deadline=613187419819801 fire_mono=613187443073916
00:10:14 sim26 id=26 event m8 fired dev_deadline=613187402356484 fire_mono=613187443080416
00:10:14 sim23 id=23 event m8 fired dev_deadline=613187436638380 fire_mono=613187443086166
00:10:14 sim24 id=24 event m8 fired dev_deadline=613187477352665 fire_mono=613187443091833
00:10:14 sim25 id=25 event m8 fired dev_deadline=613187428394818 fire_mono=613187443097416
00:10:14 sim22 id=22 event m8 fired dev_deadline=613187416818979 fire_mono=613187443104625
00:10:14 sim21 id=21 event m8 fired dev_deadline=613187474127931 fire_mono=613187443111250
00:10:14 sim20 id=20 event m8 fired dev_deadline=613187400705553 fire_mono=613187443117500
00:10:14 sim18 id=18 event m8 fired dev_deadline=613187436853338 fire_mono=613187443123416
00:10:14 sim19 id=19 event m8 fired dev_deadline=613187454936703 fire_mono=613187443130875
00:10:14 sim17 id=17 event m8 fired dev_deadline=613187406491595 fire_mono=613187443137416
00:10:14 sim15 id=15 event m8 fired dev_deadline=613187429911081 fire_mono=613187443147958
00:10:14 sim16 id=16 event m8 fired dev_deadline=613187437559791 fire_mono=613187443155458
00:10:14 sim14 id=14 event m8 fired dev_deadline=613187438642873 fire_mono=613187443161791
00:10:14 sim13 id=13 event m8 fired dev_deadline=613187425657970 fire_mono=613187443167083
00:10:14 sim12 id=12 event m8 fired dev_deadline=613187403823355 fire_mono=613187443178500
00:10:14 sim10 id=10 event m8 fired dev_deadline=613187433393161 fire_mono=613187443186750
00:10:14 sim9 id=9 event m8 fired dev_deadline=613187454452705 fire_mono=613187443192083
00:10:14 sim11 id=11 event m8 fired dev_deadline=613187450685900 fire_mono=613187443199416
00:10:14 sim8 id=8 event m8 fired dev_deadline=613187470255994 fire_mono=613187443204916
00:10:14 sim7 id=7 event m8 fired dev_deadline=613187470503143 fire_mono=613187443211000
00:10:14 sim5 id=5 event m8 fired dev_deadline=613187401947880 fire_mono=613187443217750
00:10:14 sim6 id=6 event m8 fired dev_deadline=613187463449124 fire_mono=613187443223041
00:10:14 sim4 id=4 event m8 fired dev_deadline=613187473578025 fire_mono=613187443227833
00:10:14 sim3 id=3 event m8 fired dev_deadline=613187456909724 fire_mono=613187443258333
00:10:14 sim2 id=2 event m8 fired dev_deadline=613187425625225 fire_mono=613187443297583
00:10:14 sim1 id=1 event m8 fired dev_deadline=613187440116799 fire_mono=613187443392416
00:10:14 sim31 id=31 event m9 fired dev_deadline=613187506456423 fire_mono=613187540643791
00:10:14 sim30 id=30 event m9 fired dev_deadline=613187539197976 fire_mono=613187540690916
00:10:14 sim28 id=28 event m9 fired dev_deadline=613187555204668 fire_mono=613187540702708
00:10:14 sim32 id=32 event m9 fired dev_deadline=613187554756258 fire_mono=613187540710041
00:10:14 sim29 id=29 event m9 fired dev_deadline=613187572482007 fire_mono=613187540716000
00:10:14 sim27 id=27 event m9 fired dev_deadline=613187521463051 fire_mono=613187540721125
00:10:14 sim26 id=26 event m9 fired dev_deadline=613187503999734 fire_mono=613187540726125
00:10:14 sim23 id=23 event m9 fired dev_deadline=613187538281630 fire_mono=613187540731041
00:10:14 sim24 id=24 event m9 fired dev_deadline=613187578995915 fire_mono=613187540735875
00:10:14 sim25 id=25 event m9 fired dev_deadline=613187530038068 fire_mono=613187540741250
00:10:14 sim22 id=22 event m9 fired dev_deadline=613187518462229 fire_mono=613187540797333
00:10:14 sim21 id=21 event m9 fired dev_deadline=613187575771181 fire_mono=613187540879791
00:10:14 sim20 id=20 event m9 fired dev_deadline=613187502348803 fire_mono=613187540894083
00:10:14 sim18 id=18 event m9 fired dev_deadline=613187538496588 fire_mono=613187540902250
00:10:14 sim19 id=19 event m9 fired dev_deadline=613187556579953 fire_mono=613187540911541
00:10:14 sim17 id=17 event m9 fired dev_deadline=613187508134845 fire_mono=613187540918000
00:10:14 sim15 id=15 event m9 fired dev_deadline=613187531554331 fire_mono=613187540925833
00:10:14 sim16 id=16 event m9 fired dev_deadline=613187539203041 fire_mono=613187540931083
00:10:14 sim14 id=14 event m9 fired dev_deadline=613187540286123 fire_mono=613187540936125
00:10:14 sim13 id=13 event m9 fired dev_deadline=613187527301220 fire_mono=613187540941375
00:10:14 sim12 id=12 event m9 fired dev_deadline=613187505466605 fire_mono=613187540946125
00:10:14 sim10 id=10 event m9 fired dev_deadline=613187535036411 fire_mono=613187540950916
00:10:14 sim9 id=9 event m9 fired dev_deadline=613187556095955 fire_mono=613187540955291
00:10:14 sim11 id=11 event m9 fired dev_deadline=613187552329150 fire_mono=613187540989791
00:10:14 sim8 id=8 event m9 fired dev_deadline=613187571899244 fire_mono=613187541055291
00:10:14 sim7 id=7 event m9 fired dev_deadline=613187572146393 fire_mono=613187541077333
00:10:14 sim5 id=5 event m9 fired dev_deadline=613187503591130 fire_mono=613187541085916
00:10:14 sim6 id=6 event m9 fired dev_deadline=613187565092374 fire_mono=613187541093416
00:10:14 sim4 id=4 event m9 fired dev_deadline=613187575221275 fire_mono=613187541099375
00:10:14 sim3 id=3 event m9 fired dev_deadline=613187558552974 fire_mono=613187541105291
00:10:14 sim2 id=2 event m9 fired dev_deadline=613187527268475 fire_mono=613187541112875
00:10:14 sim1 id=1 event m9 fired dev_deadline=613187541760049 fire_mono=613187541118333
00:10:14 sim31 id=31 event m10 fired dev_deadline=613187606883840 fire_mono=613187645669000
00:10:14 sim30 id=30 event m10 fired dev_deadline=613187639625393 fire_mono=613187645759708
00:10:14 sim32 id=32 event m10 fired dev_deadline=613187655183675 fire_mono=613187645826000
00:10:14 sim28 id=28 event m10 fired dev_deadline=613187655632085 fire_mono=613187645841875
00:10:14 sim29 id=29 event m10 fired dev_deadline=613187672909424 fire_mono=613187645880708
00:10:14 sim27 id=27 event m10 fired dev_deadline=613187621890468 fire_mono=613187645891458
00:10:14 sim26 id=26 event m10 fired dev_deadline=613187604427151 fire_mono=613187645898416
00:10:14 sim23 id=23 event m10 fired dev_deadline=613187638709047 fire_mono=613187645904833
00:10:14 sim24 id=24 event m10 fired dev_deadline=613187679423332 fire_mono=613187645912791
00:10:14 sim25 id=25 event m10 fired dev_deadline=613187630465485 fire_mono=613187645918458
00:10:14 sim22 id=22 event m10 fired dev_deadline=613187618889646 fire_mono=613187645923458
00:10:14 sim21 id=21 event m10 fired dev_deadline=613187676198598 fire_mono=613187645928541
00:10:14 sim20 id=20 event m10 fired dev_deadline=613187602776220 fire_mono=613187645934208
00:10:14 sim18 id=18 event m10 fired dev_deadline=613187638924005 fire_mono=613187645939208
00:10:14 sim19 id=19 event m10 fired dev_deadline=613187657007370 fire_mono=613187645943833
00:10:14 sim17 id=17 event m10 fired dev_deadline=613187608562262 fire_mono=613187645949833
00:10:14 sim15 id=15 event m10 fired dev_deadline=613187631981748 fire_mono=613187645954625
00:10:14 sim16 id=16 event m10 fired dev_deadline=613187639630458 fire_mono=613187645959708
00:10:14 sim14 id=14 event m10 fired dev_deadline=613187640713540 fire_mono=613187645964458
00:10:14 sim13 id=13 event m10 fired dev_deadline=613187627728637 fire_mono=613187645969375
00:10:14 sim12 id=12 event m10 fired dev_deadline=613187605894022 fire_mono=613187645974375
00:10:14 sim10 id=10 event m10 fired dev_deadline=613187635463828 fire_mono=613187645979333
00:10:14 sim9 id=9 event m10 fired dev_deadline=613187656523372 fire_mono=613187645983750
00:10:14 sim11 id=11 event m10 fired dev_deadline=613187652756567 fire_mono=613187645988250
00:10:14 sim8 id=8 event m10 fired dev_deadline=613187672326661 fire_mono=613187645998333
00:10:14 sim7 id=7 event m10 fired dev_deadline=613187672573810 fire_mono=613187646019875
00:10:14 sim5 id=5 event m10 fired dev_deadline=613187604018547 fire_mono=613187646035333
00:10:14 sim6 id=6 event m10 fired dev_deadline=613187665519791 fire_mono=613187646041875
00:10:14 sim4 id=4 event m10 fired dev_deadline=613187675648692 fire_mono=613187646048500
00:10:14 sim3 id=3 event m10 fired dev_deadline=613187658980391 fire_mono=613187646057958
00:10:14 sim2 id=2 event m10 fired dev_deadline=613187627695892 fire_mono=613187646063500
00:10:14 sim1 id=1 event m10 fired dev_deadline=613187642187466 fire_mono=613187646074291
00:10:14 sim31 id=31 event m11 fired dev_deadline=613187708842048 fire_mono=613187748282875
00:10:14 sim30 id=30 event m11 fired dev_deadline=613187741583601 fire_mono=613187748330708
00:10:14 sim32 id=32 event m11 fired dev_deadline=613187757141883 fire_mono=613187748341291
00:10:14 sim28 id=28 event m11 fired dev_deadline=613187757590293 fire_mono=613187748349666
00:10:14 sim29 id=29 event m11 fired dev_deadline=613187774867632 fire_mono=613187748355458
00:10:14 sim27 id=27 event m11 fired dev_deadline=613187723848676 fire_mono=613187748360916
00:10:14 sim26 id=26 event m11 fired dev_deadline=613187706385359 fire_mono=613187748396125
00:10:14 sim23 id=23 event m11 fired dev_deadline=613187740667255 fire_mono=613187748415583
00:10:14 sim24 id=24 event m11 fired dev_deadline=613187781381540 fire_mono=613187748425375
00:10:14 sim25 id=25 event m11 fired dev_deadline=613187732423693 fire_mono=613187748433541
00:10:14 sim22 id=22 event m11 fired dev_deadline=613187720847854 fire_mono=613187748439333
00:10:14 sim21 id=21 event m11 fired dev_deadline=613187778156806 fire_mono=613187748444750
00:10:14 sim20 id=20 event m11 fired dev_deadline=613187704734428 fire_mono=613187748449791
00:10:14 sim18 id=18 event m11 fired dev_deadline=613187740882213 fire_mono=613187748455500
00:10:14 sim19 id=19 event m11 fired dev_deadline=613187758965578 fire_mono=613187748460791
00:10:14 sim17 id=17 event m11 fired dev_deadline=613187710520470 fire_mono=613187748465875
00:10:14 sim15 id=15 event m11 fired dev_deadline=613187733939956 fire_mono=613187748470541
00:10:14 sim16 id=16 event m11 fired dev_deadline=613187741588666 fire_mono=613187748475791
00:10:14 sim14 id=14 event m11 fired dev_deadline=613187742671748 fire_mono=613187748480541
00:10:14 sim13 id=13 event m11 fired dev_deadline=613187729686845 fire_mono=613187748486458
00:10:14 sim12 id=12 event m11 fired dev_deadline=613187707852230 fire_mono=613187748491541
00:10:14 sim10 id=10 event m11 fired dev_deadline=613187737422036 fire_mono=613187748496208
00:10:14 sim9 id=9 event m11 fired dev_deadline=613187758481580 fire_mono=613187748500458
00:10:14 sim11 id=11 event m11 fired dev_deadline=613187754714775 fire_mono=613187748504958
00:10:14 sim8 id=8 event m11 fired dev_deadline=613187774284869 fire_mono=613187748509500
00:10:14 sim7 id=7 event m11 fired dev_deadline=613187774532018 fire_mono=613187748514666
00:10:14 sim5 id=5 event m11 fired dev_deadline=613187705976755 fire_mono=613187748519250
00:10:14 sim6 id=6 event m11 fired dev_deadline=613187767477999 fire_mono=613187748523666
00:10:14 sim4 id=4 event m11 fired dev_deadline=613187777606900 fire_mono=613187748528125
00:10:14 sim3 id=3 event m11 fired dev_deadline=613187760938599 fire_mono=613187748532708
00:10:14 sim2 id=2 event m11 fired dev_deadline=613187729654100 fire_mono=613187748537541
00:10:14 sim1 id=1 event m11 fired dev_deadline=613187744145674 fire_mono=613187748541708
00:10:14 sim31 id=31 event m12 fired dev_deadline=613187809880090 fire_mono=613187845640416
00:10:14 sim30 id=30 event m12 fired dev_deadline=613187842621643 fire_mono=613187845696250
00:10:14 sim32 id=32 event m12 fired dev_deadline=613187858179925 fire_mono=613187845708291
00:10:14 sim28 id=28 event m12 fired dev_deadline=613187858628335 fire_mono=613187845715125
00:10:14 sim29 id=29 event m12 fired dev_deadline=613187875905674 fire_mono=613187845720916
00:10:14 sim27 id=27 event m12 fired dev_deadline=613187824886718 fire_mono=613187845727666
00:10:14 sim26 id=26 event m12 fired dev_deadline=613187807423401 fire_mono=613187845793583
00:10:14 sim23 id=23 event m12 fired dev_deadline=613187841705297 fire_mono=613187845804708
00:10:14 sim24 id=24 event m12 fired dev_deadline=613187882419582 fire_mono=613187845812208
00:10:14 sim25 id=25 event m12 fired dev_deadline=613187833461735 fire_mono=613187845817458
00:10:14 sim22 id=22 event m12 fired dev_deadline=613187821885896 fire_mono=613187845822791
00:10:14 sim21 id=21 event m12 fired dev_deadline=613187879194848 fire_mono=613187845828625
00:10:14 sim20 id=20 event m12 fired dev_deadline=613187805772470 fire_mono=613187845833375
00:10:14 sim18 id=18 event m12 fired dev_deadline=613187841920255 fire_mono=613187845838125
00:10:14 sim19 id=19 event m12 fired dev_deadline=613187860003620 fire_mono=613187845843416
00:10:14 sim17 id=17 event m12 fired dev_deadline=613187811558512 fire_mono=613187845848416
00:10:14 sim15 id=15 event m12 fired dev_deadline=613187834977998 fire_mono=613187845853833
00:10:14 sim16 id=16 event m12 fired dev_deadline=613187842626708 fire_mono=613187845858791
00:10:14 sim14 id=14 event m12 fired dev_deadline=613187843709790 fire_mono=613187845863583
00:10:14 sim13 id=13 event m12 fired dev_deadline=613187830724887 fire_mono=613187845868083
00:10:14 sim12 id=12 event m12 fired dev_deadline=613187808890272 fire_mono=613187845877458
00:10:14 sim10 id=10 event m12 fired dev_deadline=613187838460078 fire_mono=613187845882250
00:10:14 sim9 id=9 event m12 fired dev_deadline=613187859519622 fire_mono=613187845888416
00:10:14 sim11 id=11 event m12 fired dev_deadline=613187855752817 fire_mono=613187845893208
00:10:14 sim8 id=8 event m12 fired dev_deadline=613187875322911 fire_mono=613187845898000
00:10:14 sim7 id=7 event m12 fired dev_deadline=613187875570060 fire_mono=613187845903083
00:10:14 sim5 id=5 event m12 fired dev_deadline=613187807014797 fire_mono=613187845908000
00:10:14 sim6 id=6 event m12 fired dev_deadline=613187868516041 fire_mono=613187845915625
00:10:14 sim4 id=4 event m12 fired dev_deadline=613187878644942 fire_mono=613187845921333
00:10:14 sim3 id=3 event m12 fired dev_deadline=613187861976641 fire_mono=613187845927250
00:10:14 sim2 id=2 event m12 fired dev_deadline=613187830692142 fire_mono=613187845932416
00:10:14 sim1 id=1 event m12 fired dev_deadline=613187845183716 fire_mono=613187845937250
00:10:14 sim27 id=27 event m13 fired dev_deadline=613187925129645 fire_mono=613187945726375
00:10:14 sim32 id=32 event m13 fired dev_deadline=613187958433570 fire_mono=613187945818791
00:10:14 sim31 id=31 event m13 fired dev_deadline=613187910143319 fire_mono=613187945848833
00:10:14 sim30 id=30 event m13 fired dev_deadline=613187942884831 fire_mono=613187945858875
00:10:14 sim26 id=26 event m13 fired dev_deadline=613187907656901 fire_mono=613187945865833
00:10:14 sim29 id=29 event m13 fired dev_deadline=613187976168819 fire_mono=613187945872166
00:10:14 sim28 id=28 event m13 fired dev_deadline=613187958896147 fire_mono=613187945879083
00:10:14 sim23 id=23 event m13 fired dev_deadline=613187941931839 fire_mono=613187945884708
00:10:14 sim25 id=25 event m13 fired dev_deadline=613187933683714 fire_mono=613187945889958
00:10:14 sim22 id=22 event m13 fired dev_deadline=613187922104771 fire_mono=613187945895291
00:10:14 sim24 id=24 event m13 fired dev_deadline=613187982647332 fire_mono=613187945901083
00:10:14 sim21 id=21 event m13 fired dev_deadline=613187979393889 fire_mono=613187945906666
00:10:14 sim20 id=20 event m13 fired dev_deadline=613187905991751 fire_mono=613187945911416
00:10:14 sim19 id=19 event m13 fired dev_deadline=613187960212891 fire_mono=613187945917833
00:10:14 sim18 id=18 event m13 fired dev_deadline=613187942131505 fire_mono=613187945924833
00:10:14 sim17 id=17 event m13 fired dev_deadline=613187911773158 fire_mono=613187945930208
00:10:14 sim15 id=15 event m13 fired dev_deadline=613187935186112 fire_mono=613187945934875
00:10:14 sim16 id=16 event m13 fired dev_deadline=613187942843281 fire_mono=613187945939333
00:10:14 sim14 id=14 event m13 fired dev_deadline=613187943922947 fire_mono=613187945944708
00:10:14 sim13 id=13 event m13 fired dev_deadline=613187930940189 fire_mono=613187945949333
00:10:14 sim12 id=12 event m13 fired dev_deadline=613187909105710 fire_mono=613187945954791
00:10:14 sim10 id=10 event m13 fired dev_deadline=613187938677974 fire_mono=613187945959958
00:10:14 sim11 id=11 event m13 fired dev_deadline=613187955963317 fire_mono=613187945964458
00:10:14 sim9 id=9 event m13 fired dev_deadline=613187959738997 fire_mono=613187945969083
00:10:14 sim8 id=8 event m13 fired dev_deadline=613187975547317 fire_mono=613187945974000
00:10:14 sim7 id=7 event m13 fired dev_deadline=613187975798862 fire_mono=613187945979166
00:10:14 sim5 id=5 event m13 fired dev_deadline=613187907234172 fire_mono=613187945984333
00:10:14 sim6 id=6 event m13 fired dev_deadline=613187968735416 fire_mono=613187945989166
00:10:14 sim4 id=4 event m13 fired dev_deadline=613187978861712 fire_mono=613187945993458
00:10:14 sim3 id=3 event m13 fired dev_deadline=613187962194327 fire_mono=613187945998375
00:10:14 sim2 id=2 event m13 fired dev_deadline=613187930907392 fire_mono=613187946002625
00:10:14 sim1 id=1 event m13 fired dev_deadline=613187945403091 fire_mono=613187946007083
00:10:14 sim1 id=1 sync offset=2365591ns
00:10:14 sim2 id=2 sync offset=-12130108ns
00:10:14 sim3 id=3 sync offset=19158619ns
00:10:14 sim4 id=4 sync offset=35827671ns
00:10:14 sim5 id=5 sync offset=-35796349ns
00:10:14 sim6 id=6 sync offset=25700938ns
00:10:14 sim7 id=7 sync offset=32764758ns
00:10:14 sim8 id=8 sync offset=32514849ns
00:10:14 sim9 id=9 sync offset=16694226ns
00:10:14 sim10 id=10 sync offset=-4359547ns
00:10:14 sim11 id=11 sync offset=12913432ns
00:10:14 sim12 id=12 sync offset=-33939571ns
00:10:14 sim13 id=13 sync offset=-12101384ns
00:10:14 sim14 id=14 sync offset=883999ns
00:10:14 sim15 id=15 sync offset=-7853523ns
00:10:14 sim16 id=16 sync offset=-197323ns
00:10:14 sim17 id=17 sync offset=-31269071ns
00:10:14 sim18 id=18 sync offset=-909453ns
00:10:14 sim19 id=19 sync offset=17163933ns
00:10:14 sim20 id=20 sync offset=-37058770ns
00:10:14 sim21 id=21 sync offset=36356389ns
00:10:14 sim22 id=22 sync offset=-20932729ns
00:10:14 sim23 id=23 sync offset=-1105661ns
00:10:14 sim24 id=24 sync offset=39607801ns
00:10:14 sim25 id=25 sync offset=-9353879ns
00:10:14 sim26 id=26 sync offset=-35399067ns
00:10:14 sim27 id=27 sync offset=-17931407ns
00:10:14 sim28 id=28 sync offset=15810210ns
00:10:14 sim29 id=29 sync offset=33087549ns
00:10:14 sim30 id=30 sync offset=-196482ns
00:10:14 sim31 id=31 sync offset=-32938035ns
00:10:14 sim32 id=32 sync offset=15354675ns
00:10:14 sim27 id=27 event m14 fired dev_deadline=613188025940478 fire_mono=613188045627333
00:10:14 sim32 id=32 event m14 fired dev_deadline=613188059244403 fire_mono=613188045677375
00:10:14 sim31 id=31 event m14 fired dev_deadline=613188010954152 fire_mono=613188045688875
00:10:14 sim30 id=30 event m14 fired dev_deadline=613188043695664 fire_mono=613188045694875
00:10:14 sim26 id=26 event m14 fired dev_deadline=613188008467734 fire_mono=613188045700708
00:10:14 sim29 id=29 event m14 fired dev_deadline=613188076979652 fire_mono=613188045706000
00:10:14 sim28 id=28 event m14 fired dev_deadline=613188059706980 fire_mono=613188045711000
00:10:14 sim23 id=23 event m14 fired dev_deadline=613188042742672 fire_mono=613188045716125
00:10:14 sim25 id=25 event m14 fired dev_deadline=613188034494547 fire_mono=613188045720791
00:10:14 sim22 id=22 event m14 fired dev_deadline=613188022915604 fire_mono=613188045725500
00:10:14 sim24 id=24 event m14 fired dev_deadline=613188083458165 fire_mono=613188045730125
00:10:14 sim21 id=21 event m14 fired dev_deadline=613188080204722 fire_mono=613188045734916
00:10:14 sim20 id=20 event m14 fired dev_deadline=613188006802584 fire_mono=613188045739500
00:10:14 sim19 id=19 event m14 fired dev_deadline=613188061023724 fire_mono=613188045744416
00:10:14 sim18 id=18 event m14 fired dev_deadline=613188042942338 fire_mono=613188045748916
00:10:14 sim17 id=17 event m14 fired dev_deadline=613188012583991 fire_mono=613188045753625
00:10:14 sim15 id=15 event m14 fired dev_deadline=613188035996945 fire_mono=613188045757916
00:10:14 sim16 id=16 event m14 fired dev_deadline=613188043654114 fire_mono=613188045762458
00:10:14 sim14 id=14 event m14 fired dev_deadline=613188044733780 fire_mono=613188045768041
00:10:14 sim13 id=13 event m14 fired dev_deadline=613188031751022 fire_mono=613188045773125
00:10:14 sim12 id=12 event m14 fired dev_deadline=613188009916543 fire_mono=613188045778125
00:10:14 sim10 id=10 event m14 fired dev_deadline=613188039488807 fire_mono=613188045783583
00:10:14 sim11 id=11 event m14 fired dev_deadline=613188056774150 fire_mono=613188045788958
00:10:14 sim9 id=9 event m14 fired dev_deadline=613188060549830 fire_mono=613188045793708
00:10:14 sim8 id=8 event m14 fired dev_deadline=613188076358150 fire_mono=613188045798500
00:10:14 sim7 id=7 event m14 fired dev_deadline=613188076609695 fire_mono=613188045803166
00:10:14 sim5 id=5 event m14 fired dev_deadline=613188008045005 fire_mono=613188045808583
00:10:14 sim6 id=6 event m14 fired dev_deadline=613188069546249 fire_mono=613188045815416
00:10:14 sim4 id=4 event m14 fired dev_deadline=613188079672545 fire_mono=613188045820083
00:10:14 sim3 id=3 event m14 fired dev_deadline=613188063005160 fire_mono=613188045826625
00:10:14 sim2 id=2 event m14 fired dev_deadline=613188031718225 fire_mono=613188045831375
00:10:14 sim1 id=1 event m14 fired dev_deadline=613188046213924 fire_mono=613188045837250
00:10:14 sim27 id=27 event m15 fired dev_deadline=613188128260853 fire_mono=613188155413750
00:10:14 sim32 id=32 event m15 fired dev_deadline=613188161564778 fire_mono=613188155469416
00:10:14 sim31 id=31 event m15 fired dev_deadline=613188113274527 fire_mono=613188155482250
00:10:14 sim30 id=30 event m15 fired dev_deadline=613188146016039 fire_mono=613188155489458
00:10:14 sim26 id=26 event m15 fired dev_deadline=613188110788109 fire_mono=613188155495791
00:10:14 sim29 id=29 event m15 fired dev_deadline=613188179300027 fire_mono=613188155502666
00:10:14 sim28 id=28 event m15 fired dev_deadline=613188162027355 fire_mono=613188155509291
00:10:14 sim23 id=23 event m15 fired dev_deadline=613188145063047 fire_mono=613188155514416
00:10:14 sim25 id=25 event m15 fired dev_deadline=613188136814922 fire_mono=613188155519375
00:10:14 sim22 id=22 event m15 fired dev_deadline=613188125235979 fire_mono=613188155524375
00:10:14 sim24 id=24 event m15 fired dev_deadline=613188185778540 fire_mono=613188155529333
00:10:14 sim21 id=21 event m15 fired dev_deadline=613188182525097 fire_mono=613188155534375
00:10:14 sim20 id=20 event m15 fired dev_deadline=613188109122959 fire_mono=613188155540083
00:10:14 sim19 id=19 event m15 fired dev_deadline=613188163344099 fire_mono=613188155545041
00:10:14 sim18 id=18 event m15 fired dev_deadline=613188145262713 fire_mono=613188155549625
00:10:14 sim17 id=17 event m15 fired dev_deadline=613188114904366 fire_mono=613188155554375
00:10:14 sim15 id=15 event m15 fired dev_deadline=613188138317320 fire_mono=613188155558875
00:10:14 sim16 id=16 event m15 fired dev_deadline=613188145974489 fire_mono=613188155563666
00:10:14 sim14 id=14 event m15 fired dev_deadline=613188147054155 fire_mono=613188155568041
00:10:14 sim13 id=13 event m15 fired dev_deadline=613188134071397 fire_mono=613188155572625
00:10:14 sim12 id=12 event m15 fired dev_deadline=613188112236918 fire_mono=613188155577125
00:10:14 sim10 id=10 event m15 fired dev_deadline=613188141809182 fire_mono=613188155582666
00:10:14 sim11 id=11 event m15 fired dev_deadline=613188159094525 fire_mono=613188155588250
00:10:14 sim9 id=9 event m15 fired dev_deadline=613188162870205 fire_mono=613188155594791
00:10:14 sim8 id=8 event m15 fired dev_deadline=613188178678525 fire_mono=613188155601291
00:10:14 sim7 id=7 event m15 fired dev_deadline=613188178930070 fire_mono=613188155607166
00:10:14 sim5 id=5 event m15 fired dev_deadline=613188110365380 fire_mono=613188155612500
00:10:14 sim6 id=6 event m15 fired dev_deadline=613188171866624 fire_mono=613188155617791
00:10:14 sim4 id=4 event m15 fired dev_deadline=613188181992920 fire_mono=613188155622125
00:10:14 sim3 id=3 event m15 fired dev_deadline=613188165325535 fire_mono=613188155627583
00:10:14 sim2 id=2 event m15 fired dev_deadline=613188134038600 fire_mono=613188155636291
00:10:14 sim1 id=1 event m15 fired dev_deadline=613188148534299 fire_mono=613188155641583
00:10:14 sim27 id=27 event m16 fired dev_deadline=613188230409061 fire_mono=613188258124291
00:10:14 sim32 id=32 event m16 fired dev_deadline=613188263712986 fire_mono=613188258161916
00:10:14 sim31 id=31 event m16 fired dev_deadline=613188215422735 fire_mono=613188258171958
00:10:14 sim30 id=30 event m16 fired dev_deadline=613188248164247 fire_mono=613188258179166
00:10:14 sim26 id=26 event m16 fired dev_deadline=613188212936317 fire_mono=613188258186291
00:10:14 sim29 id=29 event m16 fired dev_deadline=613188281448235 fire_mono=613188258191875
00:10:14 sim28 id=28 event m16 fired dev_deadline=613188264175563 fire_mono=613188258196541
00:10:14 sim23 id=23 event m16 fired dev_deadline=613188247211255 fire_mono=613188258204458
00:10:14 sim25 id=25 event m16 fired dev_deadline=613188238963130 fire_mono=613188258210375
00:10:14 sim22 id=22 event m16 fired dev_deadline=613188227384187 fire_mono=613188258215250
00:10:14 sim24 id=24 event m16 fired dev_deadline=613188287926748 fire_mono=613188258219750
00:10:14 sim21 id=21 event m16 fired dev_deadline=613188284673305 fire_mono=613188258224958
00:10:14 sim20 id=20 event m16 fired dev_deadline=613188211271167 fire_mono=613188258230541
00:10:14 sim19 id=19 event m16 fired dev_deadline=613188265492307 fire_mono=613188258235208
00:10:14 sim18 id=18 event m16 fired dev_deadline=613188247410921 fire_mono=613188258240125
00:10:14 sim17 id=17 event m16 fired dev_deadline=613188217052574 fire_mono=613188258244666
00:10:14 sim15 id=15 event m16 fired dev_deadline=613188240465528 fire_mono=613188258251500
00:10:14 sim16 id=16 event m16 fired dev_deadline=613188248122697 fire_mono=613188258256333
00:10:14 sim14 id=14 event m16 fired dev_deadline=613188249202363 fire_mono=613188258260708
00:10:14 sim13 id=13 event m16 fired dev_deadline=613188236219605 fire_mono=613188258265791
00:10:14 sim12 id=12 event m16 fired dev_deadline=613188214385126 fire_mono=613188258272000
00:10:14 sim10 id=10 event m16 fired dev_deadline=613188243957390 fire_mono=613188258276583
00:10:14 sim11 id=11 event m16 fired dev_deadline=613188261242733 fire_mono=613188258281666
00:10:14 sim9 id=9 event m16 fired dev_deadline=613188265018413 fire_mono=613188258286000
00:10:14 sim8 id=8 event m16 fired dev_deadline=613188280826733 fire_mono=613188258290416
00:10:14 sim7 id=7 event m16 fired dev_deadline=613188281078278 fire_mono=613188258296583
00:10:14 sim5 id=5 event m16 fired dev_deadline=613188212513588 fire_mono=613188258301166
00:10:14 sim6 id=6 event m16 fired dev_deadline=613188274014832 fire_mono=613188258306500
00:10:14 sim4 id=4 event m16 fired dev_deadline=613188284141128 fire_mono=613188258312250
00:10:14 sim3 id=3 event m16 fired dev_deadline=613188267473743 fire_mono=613188258317333
00:10:14 sim2 id=2 event m16 fired dev_deadline=613188236186808 fire_mono=613188258322583
00:10:14 sim1 id=1 event m16 fired dev_deadline=613188250682507 fire_mono=613188258327833
00:10:14 sim27 id=27 event m17 fired dev_deadline=613188332551061 fire_mono=613188360272666
00:10:14 sim32 id=32 event m17 fired dev_deadline=613188365854986 fire_mono=613188360300750
00:10:14 sim31 id=31 event m17 fired dev_deadline=613188317564735 fire_mono=613188360309333
00:10:14 sim30 id=30 event m17 fired dev_deadline=613188350306247 fire_mono=613188360314791
00:10:14 sim26 id=26 event m17 fired dev_deadline=613188315078317 fire_mono=613188360321291
00:10:14 sim29 id=29 event m17 fired dev_deadline=613188383590235 fire_mono=613188360326625
00:10:14 sim28 id=28 event m17 fired dev_deadline=613188366317563 fire_mono=613188360331708
00:10:14 sim23 id=23 event m17 fired dev_deadline=613188349353255 fire_mono=613188360336333
00:10:14 sim25 id=25 event m17 fired dev_deadline=613188341105130 fire_mono=613188360340958
00:10:14 sim22 id=22 event m17 fired dev_deadline=613188329526187 fire_mono=613188360353208
00:10:14 sim24 id=24 event m17 fired dev_deadline=613188390068748 fire_mono=613188360371333
00:10:14 sim21 id=21 event m17 fired dev_deadline=613188386815305 fire_mono=613188360380708
00:10:14 sim20 id=20 event m17 fired dev_deadline=613188313413167 fire_mono=613188360392833
00:10:14 sim19 id=19 event m17 fired dev_deadline=613188367634307 fire_mono=613188360399750
00:10:14 sim18 id=18 event m17 fired dev_deadline=613188349552921 fire_mono=613188360404375
00:10:14 sim17 id=17 event m17 fired dev_deadline=613188319194574 fire_mono=613188360409166
00:10:14 sim15 id=15 event m17 fired dev_deadline=613188342607528 fire_mono=613188360413583
00:10:14 sim16 id=16 event m17 fired dev_deadline=613188350264697 fire_mono=613188360422041
00:10:14 sim14 id=14 event m17 fired dev_deadline=613188351344363 fire_mono=613188360427083
00:10:14 sim13 id=13 event m17 fired dev_deadline=613188338361605 fire_mono=613188360431750
00:10:14 sim12 id=12 event m17 fired dev_deadline=613188316527126 fire_mono=613188360436250
00:10:14 sim10 id=10 event m17 fired dev_deadline=613188346099390 fire_mono=613188360441916
00:10:14 sim11 id=11 event m17 fired dev_deadline=613188363384733 fire_mono=613188360446333
00:10:14 sim9 id=9 event m17 fired dev_deadline=613188367160413 fire_mono=613188360451500
00:10:14 sim8 id=8 event m17 fired dev_deadline=613188382968733 fire_mono=613188360456625
00:10:14 sim7 id=7 event m17 fired dev_deadline=613188383220278 fire_mono=613188360463208
00:10:14 sim5 id=5 event m17 fired dev_deadline=613188314655588 fire_mono=613188360467750
00:10:14 sim6 id=6 event m17 fired dev_deadline=613188376156832 fire_mono=613188360473333
00:10:14 sim4 id=4 event m17 fired dev_deadline=613188386283128 fire_mono=613188360478791
00:10:14 sim3 id=3 event m17 fired dev_deadline=613188369615743 fire_mono=613188360483583
00:10:14 sim2 id=2 event m17 fired dev_deadline=613188338328808 fire_mono=613188360487958
00:10:14 sim1 id=1 event m17 fired dev_deadline=613188352824507 fire_mono=613188360492541
00:10:15 sim32 id=32 event m18 fired dev_deadline=613188466591800 fire_mono=613188453158083
00:10:15 sim31 id=31 event m18 fired dev_deadline=613188418299090 fire_mono=613188453202666
00:10:15 sim30 id=30 event m18 fired dev_deadline=613188451040643 fire_mono=613188453215083
00:10:15 sim28 id=28 event m18 fired dev_deadline=613188467047335 fire_mono=613188453224625
00:10:15 sim29 id=29 event m18 fired dev_deadline=613188484324674 fire_mono=613188453233166
00:10:15 sim27 id=27 event m18 fired dev_deadline=613188433305718 fire_mono=613188453240083
00:10:15 sim26 id=26 event m18 fired dev_deadline=613188415838058 fire_mono=613188453245791
00:10:15 sim23 id=23 event m18 fired dev_deadline=613188450131464 fire_mono=613188453251291
00:10:15 sim24 id=24 event m18 fired dev_deadline=613188490844926 fire_mono=613188453256791
00:10:15 sim25 id=25 event m18 fired dev_deadline=613188441883246 fire_mono=613188453262583
00:10:15 sim22 id=22 event m18 fired dev_deadline=613188430304396 fire_mono=613188453267750
00:10:15 sim21 id=21 event m18 fired dev_deadline=613188487593514 fire_mono=613188453272916
00:10:15 sim20 id=20 event m18 fired dev_deadline=613188414178355 fire_mono=613188453278916
00:10:15 sim19 id=19 event m18 fired dev_deadline=613188468401058 fire_mono=613188453284250
00:10:15 sim18 id=18 event m18 fired dev_deadline=613188450327672 fire_mono=613188453289541
00:10:15 sim17 id=17 event m18 fired dev_deadline=613188419968054 fire_mono=613188453293958
00:10:15 sim15 id=15 event m18 fired dev_deadline=613188443383602 fire_mono=613188453299000
00:10:15 sim16 id=16 event m18 fired dev_deadline=613188451039802 fire_mono=613188453305250
00:10:15 sim14 id=14 event m18 fired dev_deadline=613188452121124 fire_mono=613188453311333
00:10:15 sim13 id=13 event m18 fired dev_deadline=613188439135741 fire_mono=613188453316416
00:10:15 sim12 id=12 event m18 fired dev_deadline=613188417297554 fire_mono=613188453321625
00:10:15 sim11 id=11 event m18 fired dev_deadline=613188464150557 fire_mono=613188453327625
00:10:15 sim10 id=10 event m18 fired dev_deadline=613188446877578 fire_mono=613188453332291
00:10:15 sim9 id=9 event m18 fired dev_deadline=613188467931351 fire_mono=613188453336458
00:10:15 sim8 id=8 event m18 fired dev_deadline=613188483751974 fire_mono=613188453341750
00:10:15 sim7 id=7 event m18 fired dev_deadline=613188484001883 fire_mono=613188453348041
00:10:15 sim6 id=6 event m18 fired dev_deadline=613188476938063 fire_mono=613188453354291
00:10:15 sim5 id=5 event m18 fired dev_deadline=613188415440776 fire_mono=613188453360916
00:10:15 sim4 id=4 event m18 fired dev_deadline=613188487064796 fire_mono=613188453381833
00:10:15 sim3 id=3 event m18 fired dev_deadline=613188470395744 fire_mono=613188453389041
00:10:15 sim2 id=2 event m18 fired dev_deadline=613188439107017 fire_mono=613188453393583
00:10:15 sim1 id=1 event m18 fired dev_deadline=613188453602716 fire_mono=613188453399458
00:10:15 sim1 id=1 sync offset=2363289ns
00:10:15 sim2 id=2 sync offset=-12125983ns
00:10:15 sim3 id=3 sync offset=19160411ns
00:10:15 sim4 id=4 sync offset=35828744ns
00:10:15 sim5 id=5 sync offset=-35795723ns
00:10:15 sim6 id=6 sync offset=25699427ns
00:10:15 sim7 id=7 sync offset=32768155ns
00:10:15 sim8 id=8 sync offset=32515161ns
00:10:15 sim9 id=9 sync offset=16703789ns
00:10:15 sim10 id=10 sync offset=-4358047ns
00:10:15 sim11 id=11 sync offset=12935223ns
00:10:15 sim12 id=12 sync offset=-33927853ns
00:10:15 sim13 id=13 sync offset=-12084560ns
00:10:15 sim14 id=14 sync offset=897884ns
00:10:15 sim15 id=15 sync offset=-7828867ns
00:10:15 sim16 id=16 sync offset=-191417ns
00:10:15 sim17 id=17 sync offset=-31259613ns
00:10:15 sim18 id=18 sync offset=-907724ns
00:10:15 sim19 id=19 sync offset=17169662ns
00:10:15 sim20 id=20 sync offset=-37045749ns
00:10:15 sim21 id=21 sync offset=36376723ns
00:10:15 sim22 id=22 sync offset=-20921708ns
00:10:15 sim23 id=23 sync offset=-1087973ns
00:10:15 sim24 id=24 sync offset=39614145ns
00:10:15 sim25 id=25 sync offset=-9353879ns
00:10:15 sim26 id=26 sync offset=-35384942ns
00:10:15 sim27 id=27 sync offset=-17907855ns
00:10:15 sim28 id=28 sync offset=15858647ns
00:10:15 sim29 id=29 sync offset=33131319ns
00:10:15 sim30 id=30 sync offset=-152669ns
00:10:15 sim31 id=31 sync offset=-32894181ns
00:10:15 sim32 id=32 sync offset=15396070ns
00:10:15 sim32 id=32 event m19 fired dev_deadline=613188568683925 fire_mono=613188553346041
00:10:15 sim31 id=31 event m19 fired dev_deadline=613188520391215 fire_mono=613188553366250
00:10:15 sim30 id=30 event m19 fired dev_deadline=613188553132768 fire_mono=613188553372458
00:10:15 sim28 id=28 event m19 fired dev_deadline=613188569139460 fire_mono=613188553377625
00:10:15 sim29 id=29 event m19 fired dev_deadline=613188586416799 fire_mono=613188553382416
00:10:15 sim27 id=27 event m19 fired dev_deadline=613188535397843 fire_mono=613188553386833
00:10:15 sim26 id=26 event m19 fired dev_deadline=613188517930183 fire_mono=613188553391875
00:10:15 sim23 id=23 event m19 fired dev_deadline=613188552223589 fire_mono=613188553396541
00:10:15 sim24 id=24 event m19 fired dev_deadline=613188592937051 fire_mono=613188553402250
00:10:15 sim25 id=25 event m19 fired dev_deadline=613188543975371 fire_mono=613188553406666
00:10:15 sim22 id=22 event m19 fired dev_deadline=613188532396521 fire_mono=613188553410875
00:10:15 sim21 id=21 event m19 fired dev_deadline=613188589685639 fire_mono=613188553415750
00:10:15 sim20 id=20 event m19 fired dev_deadline=613188516270480 fire_mono=613188553420250
00:10:15 sim19 id=19 event m19 fired dev_deadline=613188570493183 fire_mono=613188553424791
00:10:15 sim18 id=18 event m19 fired dev_deadline=613188552419797 fire_mono=613188553428833
00:10:15 sim17 id=17 event m19 fired dev_deadline=613188522060179 fire_mono=613188553432958
00:10:15 sim15 id=15 event m19 fired dev_deadline=613188545475727 fire_mono=613188553437875
00:10:15 sim16 id=16 event m19 fired dev_deadline=613188553131927 fire_mono=613188553448333
00:10:15 sim14 id=14 event m19 fired dev_deadline=613188554213249 fire_mono=613188553452916
00:10:15 sim13 id=13 event m19 fired dev_deadline=613188541227866 fire_mono=613188553457041
00:10:15 sim12 id=12 event m19 fired dev_deadline=613188519389679 fire_mono=613188553462375
00:10:15 sim11 id=11 event m19 fired dev_deadline=613188566242682 fire_mono=613188553466916
00:10:15 sim10 id=10 event m19 fired dev_deadline=613188548969703 fire_mono=613188553471416
00:10:15 sim9 id=9 event m19 fired dev_deadline=613188570023476 fire_mono=613188553476958
00:10:15 sim8 id=8 event m19 fired dev_deadline=613188585844099 fire_mono=613188553481166
00:10:15 sim7 id=7 event m19 fired dev_deadline=613188586094008 fire_mono=613188553486041
00:10:15 sim6 id=6 event m19 fired dev_deadline=613188579030188 fire_mono=613188553490083
00:10:15 sim5 id=5 event m19 fired dev_deadline=613188517532901 fire_mono=613188553494083
00:10:15 sim4 id=4 event m19 fired dev_deadline=613188589156921 fire_mono=613188553498000
00:10:15 sim3 id=3 event m19 fired dev_deadline=613188572487869 fire_mono=613188553502041
00:10:15 sim2 id=2 event m19 fired dev_deadline=613188541199142 fire_mono=613188553506708
00:10:15 sim1 id=1 event m19 fired dev_deadline=613188555694841 fire_mono=613188553520083
00:10:15 sim1 id=1 sync offset=2363289ns
00:10:15 sim2 id=2 sync offset=-12125982ns
00:10:15 sim3 id=3 sync offset=19160890ns
00:10:15 sim4 id=4 sync offset=35829817ns
00:10:15 sim5 id=5 sync offset=-35795098ns
00:10:15 sim6 id=6 sync offset=25697916ns
00:10:15 sim7 id=7 sync offset=32764758ns
00:10:15 sim8 id=8 sync offset=32514849ns
00:10:15 sim9 id=9 sync offset=16702643ns
00:10:15 sim10 id=10 sync offset=-4358047ns
00:10:15 sim11 id=11 sync offset=12935223ns
00:10:15 sim12 id=12 sync offset=-33927853ns
00:10:15 sim13 id=13 sync offset=-12084560ns
00:10:15 sim14 id=14 sync offset=897884ns
00:10:15 sim15 id=15 sync offset=-7828867ns
00:10:15 sim16 id=16 sync offset=-191417ns
00:10:15 sim17 id=17 sync offset=-31259613ns
00:10:15 sim18 id=18 sync offset=-907724ns
00:10:15 sim19 id=19 sync offset=17169662ns
00:10:15 sim20 id=20 sync offset=-37045749ns
00:10:15 sim21 id=21 sync offset=36376723ns
00:10:15 sim22 id=22 sync offset=-20926968ns
00:10:15 sim23 id=23 sync offset=-1093233ns
00:10:15 sim24 id=24 sync offset=39607801ns
00:10:15 sim25 id=25 sync offset=-9356390ns
00:10:15 sim26 id=26 sync offset=-35403411ns
00:10:15 sim27 id=27 sync offset=-17911095ns
00:10:15 sim28 id=28 sync offset=15852272ns
00:10:15 sim29 id=29 sync offset=33127069ns
00:10:15 sim30 id=30 sync offset=-154502ns
00:10:15 sim31 id=31 sync offset=-32916108ns
00:10:15 sim32 id=32 sync offset=15375372ns
